ev,early,late,ask_min,ask_max,cap_ticks,total,dd,fires_day,fill_pct,days_pos,days,fires,fills
0.1,0,180,0.05,0.55,0,-212.3,311.5,135.2,55.3,1,5,676,374
0.1,0,180,0.05,0.55,1,62.9,172.3,123.4,60.9,2,5,617,376
0.1,0,180,0.05,0.55,2,-217.1,282.0,112.4,64.6,1,5,562,363
0.1,0,180,0.05,0.65,0,-130.3,263.0,152.8,54.2,2,5,764,414
0.1,0,180,0.05,0.65,1,207.6,123.8,141.0,62.8,4,5,705,443
0.1,0,180,0.05,0.65,2,-132.1,238.6,126.8,63.4,2,5,634,402
0.1,0,180,0.05,0.8,0,-110.5,279.9,153.6,54.2,1,5,768,416
0.1,0,180,0.05,0.8,1,212.9,139.1,141.8,62.8,4,5,709,445
0.1,0,180,0.05,0.8,2,-110.4,246.8,127.4,63.6,1,5,637,405
0.1,0,180,0.15,0.55,0,-212.3,311.5,135.2,55.3,1,5,676,374
0.1,0,180,0.15,0.55,1,62.9,172.3,123.4,60.9,2,5,617,376
0.1,0,180,0.15,0.55,2,-217.1,282.0,112.4,64.6,1,5,562,363
0.1,0,180,0.15,0.65,0,-130.3,263.0,152.8,54.2,2,5,764,414
0.1,0,180,0.15,0.65,1,207.6,123.8,141.0,62.8,4,5,705,443
0.1,0,180,0.15,0.65,2,-132.1,238.6,126.8,63.4,2,5,634,402
0.1,0,180,0.15,0.8,0,-110.5,279.9,153.6,54.2,1,5,768,416
0.1,0,180,0.15,0.8,1,212.9,139.1,141.8,62.8,4,5,709,445
0.1,0,180,0.15,0.8,2,-110.4,246.8,127.4,63.6,1,5,637,405
0.1,0,180,0.25,0.55,0,-212.3,311.5,135.2,55.3,1,5,676,374
0.1,0,180,0.25,0.55,1,62.9,172.3,123.4,60.9,2,5,617,376
0.1,0,180,0.25,0.55,2,-217.1,282.0,112.4,64.6,1,5,562,363
0.1,0,180,0.25,0.65,0,-130.3,263.0,152.8,54.2,2,5,764,414
0.1,0,180,0.25,0.65,1,207.6,123.8,141.0,62.8,4,5,705,443
0.1,0,180,0.25,0.65,2,-132.1,238.6,126.8,63.4,2,5,634,402
0.1,0,180,0.25,0.8,0,-110.5,279.9,153.6,54.2,1,5,768,416
0.1,0,180,0.25,0.8,1,212.9,139.1,141.8,62.8,4,5,709,445
0.1,0,180,0.25,0.8,2,-110.4,246.8,127.4,63.6,1,5,637,405
0.1,0,210,0.05,0.55,0,-208.6,328.1,138.2,55.0,1,5,691,380
0.1,0,210,0.05,0.55,1,65.5,162.0,127.2,60.5,2,5,636,385
0.1,0,210,0.05,0.55,2,-136.8,229.7,117.0,64.3,2,5,585,376
0.1,0,210,0.05,0.65,0,-109.9,262.9,156.2,53.8,2,5,781,420
0.1,0,210,0.05,0.65,1,201.8,116.9,144.8,62.4,4,5,724,452
0.1,0,210,0.05,0.65,2,-51.9,194.8,130.8,63.1,2,5,654,413
0.1,0,210,0.05,0.8,0,-90.0,279.8,157.2,53.7,1,5,786,422
0.1,0,210,0.05,0.8,1,207.0,122.8,146.0,62.2,4,5,730,454
0.1,0,210,0.05,0.8,2,-30.1,201.6,131.4,63.3,2,5,657,416
0.1,0,210,0.15,0.55,0,-208.6,328.1,138.2,55.0,1,5,691,380
0.1,0,210,0.15,0.55,1,65.5,162.0,127.2,60.5,2,5,636,385
0.1,0,210,0.15,0.55,2,-136.8,229.7,117.0,64.3,2,5,585,376
0.1,0,210,0.15,0.65,0,-109.9,262.9,156.2,53.8,2,5,781,420
0.1,0,210,0.15,0.65,1,201.8,116.9,144.8,62.4,4,5,724,452
0.1,0,210,0.15,0.65,2,-51.9,194.8,130.8,63.1,2,5,654,413
0.1,0,210,0.15,0.8,0,-90.0,279.8,157.2,53.7,1,5,786,422
0.1,0,210,0.15,0.8,1,207.0,122.8,146.0,62.2,4,5,730,454
0.1,0,210,0.15,0.8,2,-30.1,201.6,131.4,63.3,2,5,657,416
0.1,0,210,0.25,0.55,0,-208.6,328.1,138.2,55.0,1,5,691,380
0.1,0,210,0.25,0.55,1,65.5,162.0,127.2,60.5,2,5,636,385
0.1,0,210,0.25,0.55,2,-136.8,229.7,117.0,64.3,2,5,585,376
0.1,0,210,0.25,0.65,0,-109.9,262.9,156.2,53.8,2,5,781,420
0.1,0,210,0.25,0.65,1,201.8,116.9,144.8,62.4,4,5,724,452
0.1,0,210,0.25,0.65,2,-51.9,194.8,130.8,63.1,2,5,654,413
0.1,0,210,0.25,0.8,0,-90.0,279.8,157.2,53.7,1,5,786,422
0.1,0,210,0.25,0.8,1,207.0,122.8,146.0,62.2,4,5,730,454
0.1,0,210,0.25,0.8,2,-30.1,201.6,131.4,63.3,2,5,657,416
0.1,0,240,0.05,0.55,0,-205.8,327.2,140.2,54.8,1,5,701,384
0.1,0,240,0.05,0.55,1,62.0,171.4,129.2,60.4,2,5,646,390
0.1,0,240,0.05,0.55,2,-150.3,247.0,119.6,63.9,2,5,598,382
0.1,0,240,0.05,0.65,0,-108.0,272.9,157.4,53.6,2,5,787,422
0.1,0,240,0.05,0.65,1,218.2,116.9,146.2,62.2,4,5,731,455
0.1,0,240,0.05,0.65,2,-45.4,203.2,132.6,62.9,2,5,663,417
0.1,0,240,0.05,0.8,0,-88.1,289.8,158.6,53.5,1,5,793,424
0.1,0,240,0.05,0.8,1,223.5,122.8,147.4,62.0,4,5,737,457
0.1,0,240,0.05,0.8,2,-23.7,197.0,133.2,63.1,2,5,666,420
0.1,0,240,0.15,0.55,0,-205.8,327.2,140.2,54.8,1,5,701,384
0.1,0,240,0.15,0.55,1,62.0,171.4,129.2,60.4,2,5,646,390
0.1,0,240,0.15,0.55,2,-150.3,247.0,119.6,63.9,2,5,598,382
0.1,0,240,0.15,0.65,0,-108.0,272.9,157.4,53.6,2,5,787,422
0.1,0,240,0.15,0.65,1,218.2,116.9,146.2,62.2,4,5,731,455
0.1,0,240,0.15,0.65,2,-45.4,203.2,132.6,62.9,2,5,663,417
0.1,0,240,0.15,0.8,0,-88.1,289.8,158.6,53.5,1,5,793,424
0.1,0,240,0.15,0.8,1,223.5,122.8,147.4,62.0,4,5,737,457
0.1,0,240,0.15,0.8,2,-23.7,197.0,133.2,63.1,2,5,666,420
0.1,0,240,0.25,0.55,0,-205.8,327.2,140.2,54.8,1,5,701,384
0.1,0,240,0.25,0.55,1,62.0,171.4,129.2,60.4,2,5,646,390
0.1,0,240,0.25,0.55,2,-150.3,247.0,119.6,63.9,2,5,598,382
0.1,0,240,0.25,0.65,0,-108.0,272.9,157.4,53.6,2,5,787,422
0.1,0,240,0.25,0.65,1,218.2,116.9,146.2,62.2,4,5,731,455
0.1,0,240,0.25,0.65,2,-45.4,203.2,132.6,62.9,2,5,663,417
0.1,0,240,0.25,0.8,0,-88.1,289.8,158.6,53.5,1,5,793,424
0.1,0,240,0.25,0.8,1,223.5,122.8,147.4,62.0,4,5,737,457
0.1,0,240,0.25,0.8,2,-23.7,197.0,133.2,63.1,2,5,666,420
0.1,30,180,0.05,0.55,0,-331.5,400.2,123.6,54.0,0,5,618,334
0.1,30,180,0.05,0.55,1,-128.2,243.2,113.2,62.9,2,5,566,356
0.1,30,180,0.05,0.55,2,-259.6,277.8,102.6,66.1,0,5,513,339
0.1,30,180,0.05,0.65,0,-241.8,341.4,138.8,54.9,0,5,694,381
0.1,30,180,0.05,0.65,1,33.7,133.4,128.0,61.3,2,5,640,392
0.1,30,180,0.05,0.65,2,-155.9,226.0,116.8,64.7,1,5,584,378
0.1,30,180,0.05,0.8,0,-212.9,347.9,141.6,54.5,1,5,708,386
0.1,30,180,0.05,0.8,1,91.8,133.4,130.4,61.5,3,5,652,401
0.1,30,180,0.05,0.8,2,-134.0,212.6,118.2,64.6,1,5,591,382
0.1,30,180,0.15,0.55,0,-331.5,400.2,123.6,54.0,0,5,618,334
0.1,30,180,0.15,0.55,1,-128.2,243.2,113.2,62.9,2,5,566,356
0.1,30,180,0.15,0.55,2,-259.6,277.8,102.6,66.1,0,5,513,339
0.1,30,180,0.15,0.65,0,-241.8,341.4,138.8,54.9,0,5,694,381
0.1,30,180,0.15,0.65,1,33.7,133.4,128.0,61.3,2,5,640,392
0.1,30,180,0.15,0.65,2,-155.9,226.0,116.8,64.7,1,5,584,378
0.1,30,180,0.15,0.8,0,-212.9,347.9,141.6,54.5,1,5,708,386
0.1,30,180,0.15,0.8,1,91.8,133.4,130.4,61.5,3,5,652,401
0.1,30,180,0.15,0.8,2,-134.0,212.6,118.2,64.6,1,5,591,382
0.1,30,180,0.25,0.55,0,-331.5,400.2,123.6,54.0,0,5,618,334
0.1,30,180,0.25,0.55,1,-128.2,243.2,113.2,62.9,2,5,566,356
0.1,30,180,0.25,0.55,2,-259.6,277.8,102.6,66.1,0,5,513,339
0.1,30,180,0.25,0.65,0,-241.8,341.4,138.8,54.9,0,5,694,381
0.1,30,180,0.25,0.65,1,33.7,133.4,128.0,61.3,2,5,640,392
0.1,30,180,0.25,0.65,2,-155.9,226.0,116.8,64.7,1,5,584,378
0.1,30,180,0.25,0.8,0,-212.9,347.9,141.6,54.5,1,5,708,386
0.1,30,180,0.25,0.8,1,91.8,133.4,130.4,61.5,3,5,652,401
0.1,30,180,0.25,0.8,2,-134.0,212.6,118.2,64.6,1,5,591,382
0.1,30,210,0.05,0.55,0,-311.9,416.7,127.4,53.5,0,5,637,341
0.1,30,210,0.05,0.55,1,-112.0,232.9,117.8,62.5,2,5,589,368
0.1,30,210,0.05,0.55,2,-189.2,227.9,107.4,65.7,0,5,537,353
0.1,30,210,0.05,0.65,0,-205.5,341.2,143.0,54.3,2,5,715,388
0.1,30,210,0.05,0.65,1,33.8,132.3,132.6,60.8,2,5,663,403
0.1,30,210,0.05,0.65,2,-95.7,180.5,121.2,64.5,1,5,606,391
0.1,30,210,0.05,0.8,0,-170.8,342.0,146.0,54.0,2,5,730,394
0.1,30,210,0.05,0.8,1,91.8,117.1,135.4,60.9,4,5,677,412
0.1,30,210,0.05,0.8,2,-73.7,187.8,122.6,64.4,1,5,613,395
0.1,30,210,0.15,0.55,0,-311.9,416.7,127.4,53.5,0,5,637,341
0.1,30,210,0.15,0.55,1,-112.0,232.9,117.8,62.5,2,5,589,368
0.1,30,210,0.15,0.55,2,-189.2,227.9,107.4,65.7,0,5,537,353
0.1,30,210,0.15,0.65,0,-205.5,341.2,143.0,54.3,2,5,715,388
0.1,30,210,0.15,0.65,1,33.8,132.3,132.6,60.8,2,5,663,403
0.1,30,210,0.15,0.65,2,-95.7,180.5,121.2,64.5,1,5,606,391
0.1,30,210,0.15,0.8,0,-170.8,342.0,146.0,54.0,2,5,730,394
0.1,30,210,0.15,0.8,1,91.8,117.1,135.4,60.9,4,5,677,412
0.1,30,210,0.15,0.8,2,-73.7,187.8,122.6,64.4,1,5,613,395
0.1,30,210,0.25,0.55,0,-311.9,416.7,127.4,53.5,0,5,637,341
0.1,30,210,0.25,0.55,1,-112.0,232.9,117.8,62.5,2,5,589,368
0.1,30,210,0.25,0.55,2,-189.2,227.9,107.4,65.7,0,5,537,353
0.1,30,210,0.25,0.65,0,-205.5,341.2,143.0,54.3,2,5,715,388
0.1,30,210,0.25,0.65,1,33.8,132.3,132.6,60.8,2,5,663,403
0.1,30,210,0.25,0.65,2,-95.7,180.5,121.2,64.5,1,5,606,391
0.1,30,210,0.25,0.8,0,-170.8,342.0,146.0,54.0,2,5,730,394
0.1,30,210,0.25,0.8,1,91.8,117.1,135.4,60.9,4,5,677,412
0.1,30,210,0.25,0.8,2,-73.7,187.8,122.6,64.4,1,5,613,395
0.1,30,240,0.05,0.55,0,-319.1,425.8,129.8,53.3,0,5,649,346
0.1,30,240,0.05,0.55,1,-115.6,240.1,120.0,62.2,2,5,600,373
0.1,30,240,0.05,0.55,2,-202.8,235.0,110.2,65.2,1,5,551,359
0.1,30,240,0.05,0.65,0,-203.6,351.2,144.2,54.1,2,5,721,390
0.1,30,240,0.05,0.65,1,50.2,132.3,134.2,60.5,2,5,671,406
0.1,30,240,0.05,0.65,2,-89.2,169.8,123.2,64.1,1,5,616,395
0.1,30,240,0.05,0.8,0,-169.0,352.0,147.4,53.7,2,5,737,396
0.1,30,240,0.05,0.8,1,108.3,117.1,137.0,60.6,3,5,685,415
0.1,30,240,0.05,0.8,2,-67.3,173.2,124.6,64.0,1,5,623,399
0.1,30,240,0.15,0.55,0,-319.1,425.8,129.8,53.3,0,5,649,346
0.1,30,240,0.15,0.55,1,-115.6,240.1,120.0,62.2,2,5,600,373
0.1,30,240,0.15,0.55,2,-202.8,235.0,110.2,65.2,1,5,551,359
0.1,30,240,0.15,0.65,0,-203.6,351.2,144.2,54.1,2,5,721,390
0.1,30,240,0.15,0.65,1,50.2,132.3,134.2,60.5,2,5,671,406
0.1,30,240,0.15,0.65,2,-89.2,169.8,123.2,64.1,1,5,616,395
0.1,30,240,0.15,0.8,0,-169.0,352.0,147.4,53.7,2,5,737,396
0.1,30,240,0.15,0.8,1,108.3,117.1,137.0,60.6,3,5,685,415
0.1,30,240,0.15,0.8,2,-67.3,173.2,124.6,64.0,1,5,623,399
0.1,30,240,0.25,0.55,0,-319.1,425.8,129.8,53.3,0,5,649,346
0.1,30,240,0.25,0.55,1,-115.6,240.1,120.0,62.2,2,5,600,373
0.1,30,240,0.25,0.55,2,-202.8,235.0,110.2,65.2,1,5,551,359
0.1,30,240,0.25,0.65,0,-203.6,351.2,144.2,54.1,2,5,721,390
0.1,30,240,0.25,0.65,1,50.2,132.3,134.2,60.5,2,5,671,406
0.1,30,240,0.25,0.65,2,-89.2,169.8,123.2,64.1,1,5,616,395
0.1,30,240,0.25,0.8,0,-169.0,352.0,147.4,53.7,2,5,737,396
0.1,30,240,0.25,0.8,1,108.3,117.1,137.0,60.6,3,5,685,415
0.1,30,240,0.25,0.8,2,-67.3,173.2,124.6,64.0,1,5,623,399
0.1,60,180,0.05,0.55,0,-205.4,219.4,101.4,51.5,1,5,507,261
0.1,60,180,0.05,0.55,1,-235.8,267.9,92.2,61.6,1,5,461,284
0.1,60,180,0.05,0.55,2,-214.0,248.4,85.0,67.8,0,5,425,288
0.1,60,180,0.05,0.65,0,-47.3,127.4,115.2,51.7,2,5,576,298
0.1,60,180,0.05,0.65,1,-133.2,169.8,107.6,60.8,1,5,538,327
0.1,60,180,0.05,0.65,2,-185.5,231.4,99.0,65.5,1,5,495,324
0.1,60,180,0.05,0.8,0,-100.3,188.9,118.6,52.3,1,5,593,310
0.1,60,180,0.05,0.8,1,-127.2,171.7,110.6,60.6,1,5,553,335
0.1,60,180,0.05,0.8,2,-168.6,215.4,101.2,65.2,1,5,506,330
0.1,60,180,0.15,0.55,0,-205.4,219.4,101.4,51.5,1,5,507,261
0.1,60,180,0.15,0.55,1,-235.8,267.9,92.2,61.6,1,5,461,284
0.1,60,180,0.15,0.55,2,-214.0,248.4,85.0,67.8,0,5,425,288
0.1,60,180,0.15,0.65,0,-47.3,127.4,115.2,51.7,2,5,576,298
0.1,60,180,0.15,0.65,1,-133.2,169.8,107.6,60.8,1,5,538,327
0.1,60,180,0.15,0.65,2,-185.5,231.4,99.0,65.5,1,5,495,324
0.1,60,180,0.15,0.8,0,-100.3,188.9,118.6,52.3,1,5,593,310
0.1,60,180,0.15,0.8,1,-127.2,171.7,110.6,60.6,1,5,553,335
0.1,60,180,0.15,0.8,2,-168.6,215.4,101.2,65.2,1,5,506,330
0.1,60,180,0.25,0.55,0,-205.4,219.4,101.4,51.5,1,5,507,261
0.1,60,180,0.25,0.55,1,-235.8,267.9,92.2,61.6,1,5,461,284
0.1,60,180,0.25,0.55,2,-214.0,248.4,85.0,67.8,0,5,425,288
0.1,60,180,0.25,0.65,0,-47.3,127.4,115.2,51.7,2,5,576,298
0.1,60,180,0.25,0.65,1,-133.2,169.8,107.6,60.8,1,5,538,327
0.1,60,180,0.25,0.65,2,-185.5,231.4,99.0,65.5,1,5,495,324
0.1,60,180,0.25,0.8,0,-100.3,188.9,118.6,52.3,1,5,593,310
0.1,60,180,0.25,0.8,1,-127.2,171.7,110.6,60.6,1,5,553,335
0.1,60,180,0.25,0.8,2,-168.6,215.4,101.2,65.2,1,5,506,330
0.1,60,210,0.05,0.55,0,-191.8,232.0,107.0,50.7,1,5,535,271
0.1,60,210,0.05,0.55,1,-239.7,287.6,98.4,60.6,1,5,492,298
0.1,60,210,0.05,0.55,2,-163.7,213.9,91.2,66.7,1,5,456,304
0.1,60,210,0.05,0.65,0,-17.0,127.4,121.4,50.7,2,5,607,308
0.1,60,210,0.05,0.65,1,-123.7,187.2,114.4,59.6,1,5,572,341
0.1,60,210,0.05,0.65,2,-129.5,191.4,105.2,64.4,2,5,526,339
0.1,60,210,0.05,0.8,0,-58.5,177.4,124.8,51.6,1,5,624,322
0.1,60,210,0.05,0.8,1,-117.7,189.0,117.4,59.5,1,5,587,349
0.1,60,210,0.05,0.8,2,-112.6,184.6,107.2,64.4,3,5,536,345
0.1,60,210,0.15,0.55,0,-191.8,232.0,107.0,50.7,1,5,535,271
0.1,60,210,0.15,0.55,1,-239.7,287.6,98.4,60.6,1,5,492,298
0.1,60,210,0.15,0.55,2,-163.7,213.9,91.2,66.7,1,5,456,304
0.1,60,210,0.15,0.65,0,-17.0,127.4,121.4,50.7,2,5,607,308
0.1,60,210,0.15,0.65,1,-123.7,187.2,114.4,59.6,1,5,572,341
0.1,60,210,0.15,0.65,2,-129.5,191.4,105.2,64.4,2,5,526,339
0.1,60,210,0.15,0.8,0,-58.5,177.4,124.8,51.6,1,5,624,322
0.1,60,210,0.15,0.8,1,-117.7,189.0,117.4,59.5,1,5,587,349
0.1,60,210,0.15,0.8,2,-112.6,184.6,107.2,64.4,3,5,536,345
0.1,60,210,0.25,0.55,0,-191.8,232.0,106.8,50.7,1,5,534,271
0.1,60,210,0.25,0.55,1,-239.7,287.6,98.2,60.7,1,5,491,298
0.1,60,210,0.25,0.55,2,-163.7,213.9,91.0,66.8,1,5,455,304
0.1,60,210,0.25,0.65,0,-11.7,127.4,121.4,50.9,2,5,607,309
0.1,60,210,0.25,0.65,1,-118.5,181.9,114.4,59.8,1,5,572,342
0.1,60,210,0.25,0.65,2,-124.3,186.1,105.2,64.6,2,5,526,340
0.1,60,210,0.25,0.8,0,-55.1,177.4,124.8,51.8,1,5,624,323
0.1,60,210,0.25,0.8,1,-114.3,185.6,117.4,59.6,1,5,587,350
0.1,60,210,0.25,0.8,2,-109.2,181.2,107.2,64.6,3,5,536,346
0.1,60,240,0.05,0.55,0,-199.0,241.1,110.2,50.1,1,5,551,276
0.1,60,240,0.05,0.55,1,-243.2,305.7,101.4,59.8,1,5,507,303
0.1,60,240,0.05,0.55,2,-187.2,244.2,94.4,65.9,1,5,472,311
0.1,60,240,0.05,0.65,0,-15.1,127.4,123.2,50.3,2,5,616,310
0.1,60,240,0.05,0.65,1,-107.2,185.3,116.6,59.0,1,5,583,344
0.1,60,240,0.05,0.65,2,-143.0,204.9,108.0,63.9,1,5,540,345
0.1,60,240,0.05,0.8,0,-56.7,177.4,126.8,51.1,1,5,634,324
0.1,60,240,0.05,0.8,1,-101.3,187.1,119.6,58.9,1,5,598,352
0.1,60,240,0.05,0.8,2,-126.1,191.6,110.0,63.8,2,5,550,351
0.1,60,240,0.15,0.55,0,-199.0,241.1,110.2,50.1,1,5,551,276
0.1,60,240,0.15,0.55,1,-243.2,305.7,101.4,59.8,1,5,507,303
0.1,60,240,0.15,0.55,2,-187.2,244.2,94.4,65.9,1,5,472,311
0.1,60,240,0.15,0.65,0,-15.1,127.4,123.2,50.3,2,5,616,310
0.1,60,240,0.15,0.65,1,-107.2,185.3,116.6,59.0,1,5,583,344
0.1,60,240,0.15,0.65,2,-143.0,204.9,108.0,63.9,1,5,540,345
0.1,60,240,0.15,0.8,0,-56.7,177.4,126.8,51.1,1,5,634,324
0.1,60,240,0.15,0.8,1,-101.3,187.1,119.6,58.9,1,5,598,352
0.1,60,240,0.15,0.8,2,-126.1,191.6,110.0,63.8,2,5,550,351
0.1,60,240,0.25,0.55,0,-199.0,241.1,110.2,50.1,1,5,551,276
0.1,60,240,0.25,0.55,1,-243.2,305.7,101.4,59.8,1,5,507,303
0.1,60,240,0.25,0.55,2,-180.2,237.2,94.4,66.1,1,5,472,312
0.1,60,240,0.25,0.65,0,-9.8,127.4,123.2,50.5,2,5,616,311
0.1,60,240,0.25,0.65,1,-102.0,180.1,116.6,59.2,1,5,583,345
0.1,60,240,0.25,0.65,2,-137.8,199.7,108.0,64.1,1,5,540,346
0.1,60,240,0.25,0.8,0,-53.2,177.4,126.8,51.3,1,5,634,325
0.1,60,240,0.25,0.8,1,-97.8,183.7,119.6,59.0,1,5,598,353
0.1,60,240,0.25,0.8,2,-122.7,188.1,110.0,64.0,2,5,550,352
0.1,90,180,0.05,0.55,0,-113.6,244.3,75.6,51.9,4,5,378,196
0.1,90,180,0.05,0.55,1,-32.1,165.8,68.6,61.8,3,5,343,212
0.1,90,180,0.05,0.55,2,-33.2,163.1,63.4,65.9,2,5,317,209
0.1,90,180,0.05,0.65,0,-38.7,182.8,90.0,53.3,4,5,450,240
0.1,90,180,0.05,0.65,1,1.6,163.5,82.6,61.7,3,5,413,255
0.1,90,180,0.05,0.65,2,-13.9,145.0,75.6,66.4,2,5,378,251
0.1,90,180,0.05,0.8,0,-33.1,182.5,96.0,53.1,4,5,480,255
0.1,90,180,0.05,0.8,1,27.4,163.0,88.0,62.5,4,5,440,275
0.1,90,180,0.05,0.8,2,12.7,147.1,80.2,66.6,3,5,401,267
0.1,90,180,0.15,0.55,0,-113.6,244.3,75.6,51.9,4,5,378,196
0.1,90,180,0.15,0.55,1,-32.1,165.8,68.6,61.8,3,5,343,212
0.1,90,180,0.15,0.55,2,-33.2,163.1,63.4,65.9,2,5,317,209
0.1,90,180,0.15,0.65,0,-38.7,182.8,90.0,53.3,4,5,450,240
0.1,90,180,0.15,0.65,1,1.6,163.5,82.6,61.7,3,5,413,255
0.1,90,180,0.15,0.65,2,-13.9,145.0,75.6,66.4,2,5,378,251
0.1,90,180,0.15,0.8,0,-33.1,182.5,96.0,53.1,4,5,480,255
0.1,90,180,0.15,0.8,1,27.4,163.0,88.0,62.5,4,5,440,275
0.1,90,180,0.15,0.8,2,12.7,147.1,80.2,66.6,3,5,401,267
0.1,90,180,0.25,0.55,0,-113.6,244.3,75.6,51.9,4,5,378,196
0.1,90,180,0.25,0.55,1,-32.1,165.8,68.6,61.8,3,5,343,212
0.1,90,180,0.25,0.55,2,-33.2,163.1,63.4,65.9,2,5,317,209
0.1,90,180,0.25,0.65,0,-38.7,182.8,90.0,53.3,4,5,450,240
0.1,90,180,0.25,0.65,1,1.6,163.5,82.6,61.7,3,5,413,255
0.1,90,180,0.25,0.65,2,-13.9,145.0,75.6,66.4,2,5,378,251
0.1,90,180,0.25,0.8,0,-33.1,182.5,96.0,53.1,4,5,480,255
0.1,90,180,0.25,0.8,1,27.4,163.0,88.0,62.5,4,5,440,275
0.1,90,180,0.25,0.8,2,12.7,147.1,80.2,66.6,3,5,401,267
0.1,90,210,0.05,0.55,0,-93.1,234.3,83.0,50.4,4,5,415,209
0.1,90,210,0.05,0.55,1,-47.0,171.7,76.2,60.1,3,5,381,229
0.1,90,210,0.05,0.55,2,15.7,137.0,71.0,63.9,3,5,355,227
0.1,90,210,0.05,0.65,0,11.6,163.6,97.4,52.0,4,5,487,253
0.1,90,210,0.05,0.65,1,-3.2,191.1,90.4,60.2,4,5,452,272
0.1,90,210,0.05,0.65,2,28.8,145.8,82.8,65.0,3,5,414,269
0.1,90,210,0.05,0.8,0,27.4,158.7,103.4,52.2,4,5,517,270
0.1,90,210,0.05,0.8,1,21.7,190.6,96.0,60.8,4,5,480,292
0.1,90,210,0.05,0.8,2,55.4,147.9,87.4,65.2,3,5,437,285
0.1,90,210,0.15,0.55,0,-93.1,234.3,83.0,50.4,4,5,415,209
0.1,90,210,0.15,0.55,1,-47.0,171.7,76.2,60.1,3,5,381,229
0.1,90,210,0.15,0.55,2,15.7,137.0,71.0,63.9,3,5,355,227
0.1,90,210,0.15,0.65,0,11.6,163.6,97.4,52.0,4,5,487,253
0.1,90,210,0.15,0.65,1,-3.2,191.1,90.4,60.2,4,5,452,272
0.1,90,210,0.15,0.65,2,28.8,145.8,82.8,65.0,3,5,414,269
0.1,90,210,0.15,0.8,0,27.4,158.7,103.4,52.2,4,5,517,270
0.1,90,210,0.15,0.8,1,21.7,190.6,96.0,60.8,4,5,480,292
0.1,90,210,0.15,0.8,2,55.4,147.9,87.4,65.2,3,5,437,285
0.1,90,210,0.25,0.55,0,-93.1,234.3,82.8,50.5,4,5,414,209
0.1,90,210,0.25,0.55,1,-47.0,171.7,76.0,60.3,3,5,380,229
0.1,90,210,0.25,0.55,2,15.7,137.0,70.8,64.1,3,5,354,227
0.1,90,210,0.25,0.65,0,16.9,158.4,97.4,52.2,4,5,487,254
0.1,90,210,0.25,0.65,1,2.0,185.9,90.4,60.4,4,5,452,273
0.1,90,210,0.25,0.65,2,34.0,140.5,82.8,65.2,3,5,414,270
0.1,90,210,0.25,0.8,0,30.8,155.2,103.4,52.4,4,5,517,271
0.1,90,210,0.25,0.8,1,25.2,187.2,96.0,61.0,4,5,480,293
0.1,90,210,0.25,0.8,2,58.9,144.5,87.4,65.4,3,5,437,286
0.1,90,240,0.05,0.55,0,-110.6,242.7,87.6,49.5,4,5,438,217
0.1,90,240,0.05,0.55,1,-50.8,180.1,80.2,58.9,2,5,401,236
0.1,90,240,0.05,0.55,2,-17.8,165.1,75.6,62.2,2,5,378,235
0.1,90,240,0.05,0.65,0,16.9,166.0,101.0,51.5,4,5,505,260
0.1,90,240,0.05,0.65,1,5.7,183.6,93.8,59.5,3,5,469,279
0.1,90,240,0.05,0.65,2,1.7,154.4,87.2,63.8,3,5,436,278
0.1,90,240,0.05,0.8,0,32.6,159.6,107.2,51.7,4,5,536,277
0.1,90,240,0.05,0.8,1,30.6,183.0,99.4,60.2,4,5,497,299
0.1,90,240,0.05,0.8,2,21.9,156.0,91.4,64.1,3,5,457,293
0.1,90,240,0.15,0.55,0,-110.6,242.7,87.6,49.5,4,5,438,217
0.1,90,240,0.15,0.55,1,-50.8,180.1,80.2,58.9,2,5,401,236
0.1,90,240,0.15,0.55,2,-17.8,165.1,75.6,62.2,2,5,378,235
0.1,90,240,0.15,0.65,0,16.9,166.0,101.0,51.5,4,5,505,260
0.1,90,240,0.15,0.65,1,5.7,183.6,93.8,59.5,3,5,469,279
0.1,90,240,0.15,0.65,2,1.7,154.4,87.2,63.8,3,5,436,278
0.1,90,240,0.15,0.8,0,32.6,159.6,107.2,51.7,4,5,536,277
0.1,90,240,0.15,0.8,1,30.6,183.0,99.4,60.2,4,5,497,299
0.1,90,240,0.15,0.8,2,21.9,156.0,91.4,64.1,3,5,457,293
0.1,90,240,0.25,0.55,0,-110.6,242.7,87.6,49.5,4,5,438,217
0.1,90,240,0.25,0.55,1,-50.8,180.1,80.2,58.9,2,5,401,236
0.1,90,240,0.25,0.55,2,-10.8,158.1,75.6,62.4,2,5,378,236
0.1,90,240,0.25,0.65,0,22.1,160.8,101.0,51.7,4,5,505,261
0.1,90,240,0.25,0.65,1,10.9,178.3,93.8,59.7,3,5,469,280
0.1,90,240,0.25,0.65,2,7.0,154.4,87.2,64.0,3,5,436,279
0.1,90,240,0.25,0.8,0,36.1,156.2,107.2,51.9,4,5,536,278
0.1,90,240,0.25,0.8,1,34.1,179.6,99.4,60.4,4,5,497,300
0.1,90,240,0.25,0.8,2,25.4,152.6,91.4,64.3,3,5,457,294
0.15,0,180,0.05,0.55,0,-206.8,242.6,106.0,45.1,0,5,530,239
0.15,0,180,0.05,0.55,1,-97.0,167.6,93.8,49.7,3,5,469,233
0.15,0,180,0.05,0.55,2,-24.7,139.0,84.0,53.3,2,5,420,224
0.15,0,180,0.05,0.65,0,-92.4,202.3,117.8,45.2,1,5,589,266
0.15,0,180,0.05,0.65,1,-120.2,194.3,103.0,49.3,2,5,515,254
0.15,0,180,0.05,0.65,2,-86.8,181.0,88.6,52.1,1,5,443,231
0.15,0,180,0.05,0.8,0,-92.4,209.1,117.8,45.2,1,5,589,266
0.15,0,180,0.05,0.8,1,-131.5,220.1,103.4,49.1,2,5,517,254
0.15,0,180,0.05,0.8,2,-115.9,196.9,89.0,51.9,1,5,445,231
0.15,0,180,0.15,0.55,0,-206.8,242.6,106.0,45.1,0,5,530,239
0.15,0,180,0.15,0.55,1,-97.0,167.6,93.8,49.7,3,5,469,233
0.15,0,180,0.15,0.55,2,-24.7,139.0,84.0,53.3,2,5,420,224
0.15,0,180,0.15,0.65,0,-92.4,202.3,117.8,45.2,1,5,589,266
0.15,0,180,0.15,0.65,1,-120.2,194.3,103.0,49.3,2,5,515,254
0.15,0,180,0.15,0.65,2,-86.8,181.0,88.6,52.1,1,5,443,231
0.15,0,180,0.15,0.8,0,-92.4,209.1,117.8,45.2,1,5,589,266
0.15,0,180,0.15,0.8,1,-131.5,220.1,103.4,49.1,2,5,517,254
0.15,0,180,0.15,0.8,2,-115.9,196.9,89.0,51.9,1,5,445,231
0.15,0,180,0.25,0.55,0,-206.8,242.6,106.0,45.1,0,5,530,239
0.15,0,180,0.25,0.55,1,-97.0,167.6,93.8,49.7,3,5,469,233
0.15,0,180,0.25,0.55,2,-24.7,139.0,84.0,53.3,2,5,420,224
0.15,0,180,0.25,0.65,0,-92.4,202.3,117.8,45.2,1,5,589,266
0.15,0,180,0.25,0.65,1,-120.2,194.3,103.0,49.3,2,5,515,254
0.15,0,180,0.25,0.65,2,-86.8,181.0,88.6,52.1,1,5,443,231
0.15,0,180,0.25,0.8,0,-92.4,209.1,117.8,45.2,1,5,589,266
0.15,0,180,0.25,0.8,1,-131.5,220.1,103.4,49.1,2,5,517,254
0.15,0,180,0.25,0.8,2,-115.9,196.9,89.0,51.9,1,5,445,231
0.15,0,210,0.05,0.55,0,-145.2,216.6,110.8,44.9,1,5,554,249
0.15,0,210,0.05,0.55,1,-17.6,167.1,98.4,49.4,3,5,492,243
0.15,0,210,0.05,0.55,2,46.7,149.0,89.0,53.0,3,5,445,236
0.15,0,210,0.05,0.65,0,-41.2,202.3,122.4,44.9,1,5,612,275
0.15,0,210,0.05,0.65,1,-40.9,185.9,108.0,48.9,3,5,540,264
0.15,0,210,0.05,0.65,2,-0.9,169.0,94.0,51.7,2,5,470,243
0.15,0,210,0.05,0.8,0,-41.2,202.3,122.4,44.9,1,5,612,275
0.15,0,210,0.05,0.8,1,-52.2,201.7,108.4,48.7,3,5,542,264
0.15,0,210,0.05,0.8,2,-30.0,170.0,94.4,51.5,2,5,472,243
0.15,0,210,0.15,0.55,0,-145.2,216.6,110.8,44.9,1,5,554,249
0.15,0,210,0.15,0.55,1,-17.6,167.1,98.4,49.4,3,5,492,243
0.15,0,210,0.15,0.55,2,46.7,149.0,89.0,53.0,3,5,445,236
0.15,0,210,0.15,0.65,0,-41.2,202.3,122.4,44.9,1,5,612,275
0.15,0,210,0.15,0.65,1,-40.9,185.9,108.0,48.9,3,5,540,264
0.15,0,210,0.15,0.65,2,-0.9,169.0,94.0,51.7,2,5,470,243
0.15,0,210,0.15,0.8,0,-41.2,202.3,122.4,44.9,1,5,612,275
0.15,0,210,0.15,0.8,1,-52.2,201.7,108.4,48.7,3,5,542,264
0.15,0,210,0.15,0.8,2,-30.0,170.0,94.4,51.5,2,5,472,243
0.15,0,210,0.25,0.55,0,-145.2,216.6,110.8,44.9,1,5,554,249
0.15,0,210,0.25,0.55,1,-17.6,167.1,98.4,49.4,3,5,492,243
0.15,0,210,0.25,0.55,2,46.7,149.0,88.8,53.2,3,5,444,236
0.15,0,210,0.25,0.65,0,-41.2,202.3,122.4,44.9,1,5,612,275
0.15,0,210,0.25,0.65,1,-40.9,185.9,108.0,48.9,3,5,540,264
0.15,0,210,0.25,0.65,2,4.4,169.0,94.0,51.9,2,5,470,244
0.15,0,210,0.25,0.8,0,-41.2,202.3,122.4,44.9,1,5,612,275
0.15,0,210,0.25,0.8,1,-52.2,201.7,108.4,48.7,3,5,542,264
0.15,0,210,0.25,0.8,2,-30.0,170.0,94.4,51.5,2,5,472,243
0.15,0,240,0.05,0.55,0,-163.3,236.6,113.8,44.5,1,5,569,253
0.15,0,240,0.05,0.55,1,-13.5,167.1,101.8,48.9,3,5,509,249
0.15,0,240,0.05,0.55,2,22.2,149.0,92.2,52.7,3,5,461,243
0.15,0,240,0.05,0.65,0,-39.4,202.3,124.4,44.5,1,5,622,277
0.15,0,240,0.05,0.65,1,-8.8,185.9,111.0,48.5,3,5,555,269
0.15,0,240,0.05,0.65,2,-15.3,169.0,96.4,51.7,2,5,482,249
0.15,0,240,0.05,0.8,0,-39.4,202.3,124.4,44.5,1,5,622,277
0.15,0,240,0.05,0.8,1,-20.1,201.7,111.4,48.3,3,5,557,269
0.15,0,240,0.05,0.8,2,-44.5,170.0,96.8,51.4,2,5,484,249
0.15,0,240,0.15,0.55,0,-163.3,236.6,113.8,44.5,1,5,569,253
0.15,0,240,0.15,0.55,1,-13.5,167.1,101.8,48.9,3,5,509,249
0.15,0,240,0.15,0.55,2,22.2,149.0,92.2,52.7,3,5,461,243
0.15,0,240,0.15,0.65,0,-39.4,202.3,124.4,44.5,1,5,622,277
0.15,0,240,0.15,0.65,1,-8.8,185.9,111.0,48.5,3,5,555,269
0.15,0,240,0.15,0.65,2,-15.3,169.0,96.4,51.7,2,5,482,249
0.15,0,240,0.15,0.8,0,-39.4,202.3,124.4,44.5,1,5,622,277
0.15,0,240,0.15,0.8,1,-20.1,201.7,111.4,48.3,3,5,557,269
0.15,0,240,0.15,0.8,2,-44.5,170.0,96.8,51.4,2,5,484,249
0.15,0,240,0.25,0.55,0,-163.3,236.6,113.8,44.5,1,5,569,253
0.15,0,240,0.25,0.55,1,-13.5,167.1,101.8,48.9,3,5,509,249
0.15,0,240,0.25,0.55,2,22.2,149.0,92.2,52.7,3,5,461,243
0.15,0,240,0.25,0.65,0,-39.4,202.3,124.4,44.5,1,5,622,277
0.15,0,240,0.25,0.65,1,-8.8,185.9,111.0,48.5,3,5,555,269
0.15,0,240,0.25,0.65,2,-10.1,169.0,96.4,51.9,2,5,482,250
0.15,0,240,0.25,0.8,0,-39.4,202.3,124.4,44.5,1,5,622,277
0.15,0,240,0.25,0.8,1,-20.1,201.7,111.4,48.3,3,5,557,269
0.15,0,240,0.25,0.8,2,-44.5,170.0,96.8,51.4,2,5,484,249
0.15,30,180,0.05,0.55,0,-251.1,334.6,97.6,46.9,0,5,488,229
0.15,30,180,0.05,0.55,1,-164.5,200.7,84.8,52.8,0,5,424,224
0.15,30,180,0.05,0.55,2,-34.6,129.3,76.8,57.6,1,5,384,221
0.15,30,180,0.05,0.65,0,-215.6,326.4,108.2,47.0,1,5,541,254
0.15,30,180,0.05,0.65,1,-178.9,239.9,93.6,52.6,1,5,468,246
0.15,30,180,0.05,0.65,2,-45.3,149.3,80.8,56.7,2,5,404,229
0.15,30,180,0.05,0.8,0,-195.6,326.4,109.0,46.2,1,5,545,252
0.15,30,180,0.05,0.8,1,-154.3,239.9,94.2,52.0,1,5,471,245
0.15,30,180,0.05,0.8,2,-48.5,149.3,81.2,56.4,2,5,406,229
0.15,30,180,0.15,0.55,0,-251.1,334.6,97.6,46.9,0,5,488,229
0.15,30,180,0.15,0.55,1,-164.5,200.7,84.8,52.8,0,5,424,224
0.15,30,180,0.15,0.55,2,-34.6,129.3,76.8,57.6,1,5,384,221
0.15,30,180,0.15,0.65,0,-215.6,326.4,108.2,47.0,1,5,541,254
0.15,30,180,0.15,0.65,1,-178.9,239.9,93.6,52.6,1,5,468,246
0.15,30,180,0.15,0.65,2,-45.3,149.3,80.8,56.7,2,5,404,229
0.15,30,180,0.15,0.8,0,-195.6,326.4,109.0,46.2,1,5,545,252
0.15,30,180,0.15,0.8,1,-154.3,239.9,94.2,52.0,1,5,471,245
0.15,30,180,0.15,0.8,2,-48.5,149.3,81.2,56.4,2,5,406,229
0.15,30,180,0.25,0.55,0,-251.1,334.6,97.6,46.9,0,5,488,229
0.15,30,180,0.25,0.55,1,-164.5,200.7,84.8,52.8,0,5,424,224
0.15,30,180,0.25,0.55,2,-34.6,129.3,76.8,57.6,1,5,384,221
0.15,30,180,0.25,0.65,0,-215.6,326.4,108.2,47.0,1,5,541,254
0.15,30,180,0.25,0.65,1,-178.9,239.9,93.6,52.6,1,5,468,246
0.15,30,180,0.25,0.65,2,-45.3,149.3,80.8,56.7,2,5,404,229
0.15,30,180,0.25,0.8,0,-195.6,326.4,109.0,46.2,1,5,545,252
0.15,30,180,0.25,0.8,1,-154.3,239.9,94.2,52.0,1,5,471,245
0.15,30,180,0.25,0.8,2,-48.5,149.3,81.2,56.4,2,5,406,229
0.15,30,210,0.05,0.55,0,-189.5,308.6,102.4,46.7,1,5,512,239
0.15,30,210,0.05,0.55,1,-85.1,200.7,89.6,52.2,1,5,448,234
0.15,30,210,0.05,0.55,2,51.3,139.3,82.2,56.9,3,5,411,234
0.15,30,210,0.05,0.65,0,-164.4,300.4,113.0,46.5,1,5,565,263
0.15,30,210,0.05,0.65,1,-99.6,236.6,98.6,51.9,2,5,493,256
0.15,30,210,0.05,0.65,2,40.6,149.3,86.2,55.9,3,5,431,241
0.15,30,210,0.05,0.8,0,-144.4,300.4,113.8,45.9,1,5,569,261
0.15,30,210,0.05,0.8,1,-75.0,236.6,99.2,51.4,2,5,496,255
0.15,30,210,0.05,0.8,2,37.4,149.3,86.6,55.7,3,5,433,241
0.15,30,210,0.15,0.55,0,-189.5,308.6,102.4,46.7,1,5,512,239
0.15,30,210,0.15,0.55,1,-85.1,200.7,89.6,52.2,1,5,448,234
0.15,30,210,0.15,0.55,2,51.3,139.3,82.2,56.9,3,5,411,234
0.15,30,210,0.15,0.65,0,-164.4,300.4,113.0,46.5,1,5,565,263
0.15,30,210,0.15,0.65,1,-99.6,236.6,98.6,51.9,2,5,493,256
0.15,30,210,0.15,0.65,2,40.6,149.3,86.2,55.9,3,5,431,241
0.15,30,210,0.15,0.8,0,-144.4,300.4,113.8,45.9,1,5,569,261
0.15,30,210,0.15,0.8,1,-75.0,236.6,99.2,51.4,2,5,496,255
0.15,30,210,0.15,0.8,2,37.4,149.3,86.6,55.7,3,5,433,241
0.15,30,210,0.25,0.55,0,-189.5,308.6,102.4,46.7,1,5,512,239
0.15,30,210,0.25,0.55,1,-85.1,200.7,89.6,52.2,1,5,448,234
0.15,30,210,0.25,0.55,2,51.3,139.3,82.0,57.1,3,5,410,234
0.15,30,210,0.25,0.65,0,-164.4,300.4,113.0,46.5,1,5,565,263
0.15,30,210,0.25,0.65,1,-99.6,236.6,98.6,51.9,2,5,493,256
0.15,30,210,0.25,0.65,2,45.9,149.3,86.2,56.1,3,5,431,242
0.15,30,210,0.25,0.8,0,-144.4,300.4,113.8,45.9,1,5,569,261
0.15,30,210,0.25,0.8,1,-75.0,236.6,99.2,51.4,2,5,496,255
0.15,30,210,0.25,0.8,2,37.4,149.3,86.6,55.7,3,5,433,241
0.15,30,240,0.05,0.55,0,-207.6,328.6,105.4,46.1,1,5,527,243
0.15,30,240,0.05,0.55,1,-81.0,186.1,93.2,51.5,1,5,466,240
0.15,30,240,0.05,0.55,2,16.9,139.3,85.8,56.4,3,5,429,242
0.15,30,240,0.05,0.65,0,-162.6,310.4,115.2,46.0,1,5,576,265
0.15,30,240,0.05,0.65,1,-67.5,222.0,101.8,51.3,2,5,509,261
0.15,30,240,0.05,0.65,2,16.2,149.3,89.0,55.7,2,5,445,248
0.15,30,240,0.05,0.8,0,-142.6,310.4,116.0,45.3,1,5,580,263
0.15,30,240,0.05,0.8,1,-42.9,222.0,102.4,50.8,2,5,512,260
0.15,30,240,0.05,0.8,2,12.9,149.3,89.4,55.5,2,5,447,248
0.15,30,240,0.15,0.55,0,-207.6,328.6,105.4,46.1,1,5,527,243
0.15,30,240,0.15,0.55,1,-81.0,186.1,93.2,51.5,1,5,466,240
0.15,30,240,0.15,0.55,2,16.9,139.3,85.8,56.4,3,5,429,242
0.15,30,240,0.15,0.65,0,-162.6,310.4,115.2,46.0,1,5,576,265
0.15,30,240,0.15,0.65,1,-67.5,222.0,101.8,51.3,2,5,509,261
0.15,30,240,0.15,0.65,2,16.2,149.3,89.0,55.7,2,5,445,248
0.15,30,240,0.15,0.8,0,-142.6,310.4,116.0,45.3,1,5,580,263
0.15,30,240,0.15,0.8,1,-42.9,222.0,102.4,50.8,2,5,512,260
0.15,30,240,0.15,0.8,2,12.9,149.3,89.4,55.5,2,5,447,248
0.15,30,240,0.25,0.55,0,-207.6,328.6,105.4,46.1,1,5,527,243
0.15,30,240,0.25,0.55,1,-81.0,186.1,93.2,51.5,1,5,466,240
0.15,30,240,0.25,0.55,2,16.9,139.3,85.8,56.4,3,5,429,242
0.15,30,240,0.25,0.65,0,-162.6,310.4,115.2,46.0,1,5,576,265
0.15,30,240,0.25,0.65,1,-67.5,222.0,101.8,51.3,2,5,509,261
0.15,30,240,0.25,0.65,2,21.4,149.3,89.0,56.0,2,5,445,249
0.15,30,240,0.25,0.8,0,-142.6,310.4,116.0,45.3,1,5,580,263
0.15,30,240,0.25,0.8,1,-42.9,222.0,102.4,50.8,2,5,512,260
0.15,30,240,0.25,0.8,2,12.9,149.3,89.4,55.5,2,5,447,248
0.15,60,180,0.05,0.55,0,-74.2,122.5,80.8,46.5,1,5,404,188
0.15,60,180,0.05,0.55,1,-53.8,136.2,71.4,54.3,3,5,357,194
0.15,60,180,0.05,0.55,2,73.1,78.0,64.0,57.8,2,5,320,185
0.15,60,180,0.05,0.65,0,-78.2,161.0,91.6,45.6,1,5,458,209
0.15,60,180,0.05,0.65,1,-90.4,170.4,79.8,53.9,1,5,399,215
0.15,60,180,0.05,0.65,2,65.0,97.0,68.6,58.0,3,5,343,199
0.15,60,180,0.05,0.8,0,-90.0,166.4,93.2,45.7,1,5,466,213
0.15,60,180,0.05,0.8,1,-112.4,170.4,80.8,54.5,1,5,404,220
0.15,60,180,0.05,0.8,2,45.3,102.2,69.4,58.2,2,5,347,202
0.15,60,180,0.15,0.55,0,-74.2,122.5,80.8,46.5,1,5,404,188
0.15,60,180,0.15,0.55,1,-53.8,136.2,71.4,54.3,3,5,357,194
0.15,60,180,0.15,0.55,2,73.1,78.0,64.0,57.8,2,5,320,185
0.15,60,180,0.15,0.65,0,-78.2,161.0,91.6,45.6,1,5,458,209
0.15,60,180,0.15,0.65,1,-90.4,170.4,79.8,53.9,1,5,399,215
0.15,60,180,0.15,0.65,2,65.0,97.0,68.6,58.0,3,5,343,199
0.15,60,180,0.15,0.8,0,-90.0,166.4,93.2,45.7,1,5,466,213
0.15,60,180,0.15,0.8,1,-112.4,170.4,80.8,54.5,1,5,404,220
0.15,60,180,0.15,0.8,2,45.3,102.2,69.4,58.2,2,5,347,202
0.15,60,180,0.25,0.55,0,-74.2,122.5,80.8,46.5,1,5,404,188
0.15,60,180,0.25,0.55,1,-53.8,136.2,71.4,54.3,3,5,357,194
0.15,60,180,0.25,0.55,2,73.1,78.0,64.0,57.8,2,5,320,185
0.15,60,180,0.25,0.65,0,-78.2,161.0,91.6,45.6,1,5,458,209
0.15,60,180,0.25,0.65,1,-90.4,170.4,79.8,53.9,1,5,399,215
0.15,60,180,0.25,0.65,2,65.0,97.0,68.6,58.0,3,5,343,199
0.15,60,180,0.25,0.8,0,-90.0,166.4,93.2,45.7,1,5,466,213
0.15,60,180,0.25,0.8,1,-112.4,170.4,80.8,54.5,1,5,404,220
0.15,60,180,0.25,0.8,2,45.3,102.2,69.4,58.2,2,5,347,202
0.15,60,210,0.05,0.55,0,-42.5,142.5,87.2,46.1,2,5,436,201
0.15,60,210,0.05,0.55,1,-4.4,132.2,78.2,52.9,3,5,391,207
0.15,60,210,0.05,0.55,2,139.1,88.0,71.4,56.0,3,5,357,200
0.15,60,210,0.05,0.65,0,-31.4,155.3,98.6,44.6,2,5,493,220
0.15,60,210,0.05,0.65,1,-21.0,180.4,87.2,51.8,2,5,436,226
0.15,60,210,0.05,0.65,2,148.5,89.4,76.0,56.1,3,5,380,213
0.15,60,210,0.05,0.8,0,-43.2,160.7,100.0,44.8,2,5,500,224
0.15,60,210,0.05,0.8,1,-39.2,176.6,88.4,52.5,2,5,442,232
0.15,60,210,0.05,0.8,2,128.9,94.6,76.8,56.2,3,5,384,216
0.15,60,210,0.15,0.55,0,-42.5,142.5,87.2,46.1,2,5,436,201
0.15,60,210,0.15,0.55,1,-4.4,132.2,78.2,52.9,3,5,391,207
0.15,60,210,0.15,0.55,2,139.1,88.0,71.4,56.0,3,5,357,200
0.15,60,210,0.15,0.65,0,-31.4,155.3,98.6,44.6,2,5,493,220
0.15,60,210,0.15,0.65,1,-21.0,180.4,87.2,51.8,2,5,436,226
0.15,60,210,0.15,0.65,2,148.5,89.4,76.0,56.1,3,5,380,213
0.15,60,210,0.15,0.8,0,-43.2,160.7,100.0,44.8,2,5,500,224
0.15,60,210,0.15,0.8,1,-39.2,176.6,88.4,52.5,2,5,442,232
0.15,60,210,0.15,0.8,2,128.9,94.6,76.8,56.2,3,5,384,216
0.15,60,210,0.25,0.55,0,-42.5,142.5,87.0,46.2,2,5,435,201
0.15,60,210,0.25,0.55,1,-4.4,132.2,78.0,53.1,3,5,390,207
0.15,60,210,0.25,0.55,2,139.1,88.0,71.2,56.2,3,5,356,200
0.15,60,210,0.25,0.65,0,-26.2,155.3,98.6,44.8,2,5,493,221
0.15,60,210,0.25,0.65,1,-15.8,180.4,87.2,52.1,2,5,436,227
0.15,60,210,0.25,0.65,2,153.8,89.4,76.0,56.3,3,5,380,214
0.15,60,210,0.25,0.8,0,-39.7,160.7,100.0,45.0,2,5,500,225
0.15,60,210,0.25,0.8,1,-35.6,176.6,88.4,52.7,2,5,442,233
0.15,60,210,0.25,0.8,2,128.9,94.6,76.8,56.2,3,5,384,216
0.15,60,240,0.05,0.55,0,-70.7,142.5,90.6,45.5,1,5,453,206
0.15,60,240,0.05,0.55,1,-10.3,132.6,82.4,51.9,3,5,412,214
0.15,60,240,0.05,0.55,2,94.6,101.9,75.4,55.4,2,5,377,209
0.15,60,240,0.05,0.65,0,-43.1,164.1,101.8,44.2,2,5,509,225
0.15,60,240,0.05,0.65,1,-2.5,190.4,91.4,51.2,2,5,457,234
0.15,60,240,0.05,0.65,2,114.1,89.4,79.4,55.7,2,5,397,221
0.15,60,240,0.05,0.8,0,-61.3,170.7,103.0,44.3,2,5,515,228
0.15,60,240,0.05,0.8,1,-27.1,186.6,92.4,51.7,2,5,462,239
0.15,60,240,0.05,0.8,2,94.4,89.4,80.2,55.9,2,5,401,224
0.15,60,240,0.15,0.55,0,-70.7,142.5,90.6,45.5,1,5,453,206
0.15,60,240,0.15,0.55,1,-10.3,132.6,82.4,51.9,3,5,412,214
0.15,60,240,0.15,0.55,2,94.6,101.9,75.4,55.4,2,5,377,209
0.15,60,240,0.15,0.65,0,-43.1,164.1,101.8,44.2,2,5,509,225
0.15,60,240,0.15,0.65,1,-2.5,190.4,91.4,51.2,2,5,457,234
0.15,60,240,0.15,0.65,2,114.1,89.4,79.4,55.7,2,5,397,221
0.15,60,240,0.15,0.8,0,-61.3,170.7,103.0,44.3,2,5,515,228
0.15,60,240,0.15,0.8,1,-27.1,186.6,92.4,51.7,2,5,462,239
0.15,60,240,0.15,0.8,2,94.4,89.4,80.2,55.9,2,5,401,224
0.15,60,240,0.25,0.55,0,-70.7,142.5,90.6,45.5,1,5,453,206
0.15,60,240,0.25,0.55,1,2.1,127.7,82.4,52.2,3,5,412,215
0.15,60,240,0.25,0.55,2,94.6,101.9,75.4,55.4,2,5,377,209
0.15,60,240,0.25,0.65,0,-37.8,164.1,101.8,44.4,2,5,509,226
0.15,60,240,0.25,0.65,1,2.8,190.4,91.4,51.4,2,5,457,235
0.15,60,240,0.25,0.65,2,119.3,89.4,79.4,55.9,2,5,397,222
0.15,60,240,0.25,0.8,0,-57.9,170.7,103.0,44.5,2,5,515,229
0.15,60,240,0.25,0.8,1,-23.5,186.6,92.4,51.9,2,5,462,240
0.15,60,240,0.25,0.8,2,94.4,89.4,80.2,55.9,2,5,401,224
0.15,90,180,0.05,0.55,0,27.4,116.3,59.6,47.3,4,5,298,141
0.15,90,180,0.05,0.55,1,25.6,109.8,51.6,55.0,3,5,258,142
0.15,90,180,0.05,0.55,2,79.3,83.5,47.6,58.8,2,5,238,140
0.15,90,180,0.05,0.65,0,47.0,102.2,70.8,46.6,4,5,354,165
0.15,90,180,0.05,0.65,1,-37.5,100.3,59.8,55.5,3,5,299,166
0.15,90,180,0.05,0.65,2,128.5,71.4,52.6,59.3,2,5,263,156
0.15,90,180,0.05,0.8,0,54.2,100.0,72.4,46.4,4,5,362,168
0.15,90,180,0.05,0.8,1,-33.0,98.7,61.4,55.0,3,5,307,169
0.15,90,180,0.05,0.8,2,108.9,75.9,53.8,59.1,2,5,269,159
0.15,90,180,0.15,0.55,0,27.4,116.3,59.6,47.3,4,5,298,141
0.15,90,180,0.15,0.55,1,25.6,109.8,51.6,55.0,3,5,258,142
0.15,90,180,0.15,0.55,2,79.3,83.5,47.6,58.8,2,5,238,140
0.15,90,180,0.15,0.65,0,47.0,102.2,70.8,46.6,4,5,354,165
0.15,90,180,0.15,0.65,1,-37.5,100.3,59.8,55.5,3,5,299,166
0.15,90,180,0.15,0.65,2,128.5,71.4,52.6,59.3,2,5,263,156
0.15,90,180,0.15,0.8,0,54.2,100.0,72.4,46.4,4,5,362,168
0.15,90,180,0.15,0.8,1,-33.0,98.7,61.4,55.0,3,5,307,169
0.15,90,180,0.15,0.8,2,108.9,75.9,53.8,59.1,2,5,269,159
0.15,90,180,0.25,0.55,0,27.4,116.3,59.6,47.3,4,5,298,141
0.15,90,180,0.25,0.55,1,25.6,109.8,51.6,55.0,3,5,258,142
0.15,90,180,0.25,0.55,2,79.3,83.5,47.4,59.1,2,5,237,140
0.15,90,180,0.25,0.65,0,47.0,102.2,70.8,46.6,4,5,354,165
0.15,90,180,0.25,0.65,1,-37.5,100.3,59.8,55.5,3,5,299,166
0.15,90,180,0.25,0.65,2,128.5,71.4,52.6,59.3,2,5,263,156
0.15,90,180,0.25,0.8,0,54.2,100.0,72.4,46.4,4,5,362,168
0.15,90,180,0.25,0.8,1,-33.0,98.7,61.4,55.0,3,5,307,169
0.15,90,180,0.25,0.8,2,108.9,75.9,53.8,59.1,2,5,269,159
0.15,90,210,0.05,0.55,0,67.6,88.0,67.8,45.7,4,5,339,155
0.15,90,210,0.05,0.55,1,79.6,105.8,60.0,52.3,3,5,300,157
0.15,90,210,0.05,0.55,2,124.6,104.2,56.4,56.4,3,5,282,159
0.15,90,210,0.05,0.65,0,100.6,100.0,79.0,44.8,4,5,395,177
0.15,90,210,0.05,0.65,1,40.0,102.6,68.8,52.9,3,5,344,182
0.15,90,210,0.05,0.65,2,206.0,78.8,61.2,57.2,3,5,306,175
0.15,90,210,0.05,0.8,0,107.8,100.0,80.6,44.7,4,5,403,180
0.15,90,210,0.05,0.8,1,48.3,97.4,70.6,52.7,3,5,353,186
0.15,90,210,0.05,0.8,2,186.4,80.6,62.4,57.1,3,5,312,178
0.15,90,210,0.15,0.55,0,67.6,88.0,67.8,45.7,4,5,339,155
0.15,90,210,0.15,0.55,1,79.6,105.8,60.0,52.3,3,5,300,157
0.15,90,210,0.15,0.55,2,124.6,104.2,56.4,56.4,3,5,282,159
0.15,90,210,0.15,0.65,0,100.6,100.0,79.0,44.8,4,5,395,177
0.15,90,210,0.15,0.65,1,40.0,102.6,68.8,52.9,3,5,344,182
0.15,90,210,0.15,0.65,2,206.0,78.8,61.2,57.2,3,5,306,175
0.15,90,210,0.15,0.8,0,107.8,100.0,80.6,44.7,4,5,403,180
0.15,90,210,0.15,0.8,1,48.3,97.4,70.6,52.7,3,5,353,186
0.15,90,210,0.15,0.8,2,186.4,80.6,62.4,57.1,3,5,312,178
0.15,90,210,0.25,0.55,0,67.6,88.0,67.6,45.9,4,5,338,155
0.15,90,210,0.25,0.55,1,79.6,105.8,59.8,52.5,3,5,299,157
0.15,90,210,0.25,0.55,2,124.6,104.2,56.0,56.8,3,5,280,159
0.15,90,210,0.25,0.65,0,105.8,100.0,79.0,45.1,4,5,395,178
0.15,90,210,0.25,0.65,1,45.2,102.6,68.8,53.2,3,5,344,183
0.15,90,210,0.25,0.65,2,211.2,75.5,61.2,57.5,3,5,306,176
0.15,90,210,0.25,0.8,0,111.2,100.0,80.6,44.9,4,5,403,181
0.15,90,210,0.25,0.8,1,51.9,97.4,70.6,53.0,3,5,353,187
0.15,90,210,0.25,0.8,2,186.4,80.6,62.4,57.1,3,5,312,178
0.15,90,240,0.05,0.55,0,29.5,96.1,72.6,44.4,4,5,363,161
0.15,90,240,0.05,0.55,1,61.0,109.0,65.0,51.4,3,5,325,167
0.15,90,240,0.05,0.55,2,87.4,145.9,60.8,55.6,2,5,304,169
0.15,90,240,0.05,0.65,0,68.9,111.4,83.4,44.1,4,5,417,184
0.15,90,240,0.05,0.65,1,38.5,121.0,73.6,52.2,3,5,368,192
0.15,90,240,0.05,0.65,2,178.8,112.1,65.0,56.6,2,5,325,184
0.15,90,240,0.05,0.8,0,76.1,111.4,85.0,44.0,4,5,425,187
0.15,90,240,0.05,0.8,1,46.9,117.4,75.4,52.0,3,5,377,196
0.15,90,240,0.05,0.8,2,159.2,112.1,66.2,56.5,2,5,331,187
0.15,90,240,0.15,0.55,0,29.5,96.1,72.6,44.4,4,5,363,161
0.15,90,240,0.15,0.55,1,61.0,109.0,65.0,51.4,3,5,325,167
0.15,90,240,0.15,0.55,2,87.4,145.9,60.8,55.6,2,5,304,169
0.15,90,240,0.15,0.65,0,68.9,111.4,83.4,44.1,4,5,417,184
0.15,90,240,0.15,0.65,1,38.5,121.0,73.6,52.2,3,5,368,192
0.15,90,240,0.15,0.65,2,178.8,112.1,65.0,56.6,2,5,325,184
0.15,90,240,0.15,0.8,0,76.1,111.4,85.0,44.0,4,5,425,187
0.15,90,240,0.15,0.8,1,46.9,117.4,75.4,52.0,3,5,377,196
0.15,90,240,0.15,0.8,2,159.2,112.1,66.2,56.5,2,5,331,187
0.15,90,240,0.25,0.55,0,29.5,96.1,72.6,44.4,4,5,363,161
0.15,90,240,0.25,0.55,1,73.4,96.6,65.0,51.7,3,5,325,168
0.15,90,240,0.25,0.55,2,87.4,145.9,60.6,55.8,2,5,303,169
0.15,90,240,0.25,0.65,0,74.1,111.4,83.4,44.4,4,5,417,185
0.15,90,240,0.25,0.65,1,43.8,121.0,73.6,52.4,3,5,368,193
0.15,90,240,0.25,0.65,2,184.1,112.1,65.0,56.9,2,5,325,185
0.15,90,240,0.25,0.8,0,79.6,111.4,85.0,44.2,4,5,425,188
0.15,90,240,0.25,0.8,1,50.5,117.4,75.4,52.3,3,5,377,197
0.15,90,240,0.25,0.8,2,159.2,112.1,66.2,56.5,2,5,331,187
0.2,0,180,0.05,0.55,0,-8.3,119.4,80.0,37.0,2,5,400,148
0.2,0,180,0.05,0.55,1,70.0,92.0,65.4,44.0,3,5,327,144
0.2,0,180,0.05,0.55,2,101.1,86.7,54.2,50.2,3,5,271,136
0.2,0,180,0.05,0.65,0,-34.8,129.4,82.6,36.3,2,5,413,150
0.2,0,180,0.05,0.65,1,60.3,92.6,67.6,44.4,3,5,338,150
0.2,0,180,0.05,0.65,2,88.9,91.3,56.0,50.7,3,5,280,142
0.2,0,180,0.05,0.8,0,-44.8,138.0,82.6,36.6,2,5,413,151
0.2,0,180,0.05,0.8,1,70.3,92.0,67.6,44.1,3,5,338,149
0.2,0,180,0.05,0.8,2,98.9,91.3,56.0,50.4,3,5,280,141
0.2,0,180,0.15,0.55,0,-8.3,119.4,80.0,37.0,2,5,400,148
0.2,0,180,0.15,0.55,1,70.0,92.0,65.4,44.0,3,5,327,144
0.2,0,180,0.15,0.55,2,101.1,86.7,54.2,50.2,3,5,271,136
0.2,0,180,0.15,0.65,0,-34.8,129.4,82.6,36.3,2,5,413,150
0.2,0,180,0.15,0.65,1,60.3,92.6,67.6,44.4,3,5,338,150
0.2,0,180,0.15,0.65,2,88.9,91.3,56.0,50.7,3,5,280,142
0.2,0,180,0.15,0.8,0,-44.8,138.0,82.6,36.6,2,5,413,151
0.2,0,180,0.15,0.8,1,70.3,92.0,67.6,44.1,3,5,338,149
0.2,0,180,0.15,0.8,2,98.9,91.3,56.0,50.4,3,5,280,141
0.2,0,180,0.25,0.55,0,-8.3,119.4,80.0,37.0,2,5,400,148
0.2,0,180,0.25,0.55,1,70.0,92.0,65.4,44.0,3,5,327,144
0.2,0,180,0.25,0.55,2,52.1,86.7,54.0,50.0,3,5,270,135
0.2,0,180,0.25,0.65,0,-34.8,129.4,82.6,36.3,2,5,413,150
0.2,0,180,0.25,0.65,1,60.3,92.6,67.6,44.4,3,5,338,150
0.2,0,180,0.25,0.65,2,39.9,91.3,55.8,50.5,3,5,279,141
0.2,0,180,0.25,0.8,0,-44.8,138.0,82.6,36.6,2,5,413,151
0.2,0,180,0.25,0.8,1,70.3,92.0,67.6,44.1,3,5,338,149
0.2,0,180,0.25,0.8,2,49.9,91.3,55.8,50.2,3,5,279,140
0.2,0,210,0.05,0.55,0,55.7,129.4,85.4,37.5,2,5,427,160
0.2,0,210,0.05,0.55,1,129.1,99.1,70.6,43.3,3,5,353,153
0.2,0,210,0.05,0.55,2,183.7,78.7,59.4,50.2,4,5,297,149
0.2,0,210,0.05,0.65,0,39.3,129.4,88.0,36.6,2,5,440,161
0.2,0,210,0.05,0.65,1,94.8,102.6,73.0,43.6,3,5,365,159
0.2,0,210,0.05,0.65,2,161.5,83.3,61.4,50.8,3,5,307,156
0.2,0,210,0.05,0.8,0,29.3,138.0,88.0,36.8,2,5,440,162
0.2,0,210,0.05,0.8,1,104.8,97.3,73.0,43.3,3,5,365,158
0.2,0,210,0.05,0.8,2,171.5,83.3,61.4,50.5,4,5,307,155
0.2,0,210,0.15,0.55,0,55.7,129.4,85.4,37.5,2,5,427,160
0.2,0,210,0.15,0.55,1,129.1,99.1,70.6,43.3,3,5,353,153
0.2,0,210,0.15,0.55,2,183.7,78.7,59.4,50.2,4,5,297,149
0.2,0,210,0.15,0.65,0,39.3,129.4,88.0,36.6,2,5,440,161
0.2,0,210,0.15,0.65,1,94.8,102.6,73.0,43.6,3,5,365,159
0.2,0,210,0.15,0.65,2,161.5,83.3,61.4,50.8,3,5,307,156
0.2,0,210,0.15,0.8,0,29.3,138.0,88.0,36.8,2,5,440,162
0.2,0,210,0.15,0.8,1,104.8,97.3,73.0,43.3,3,5,365,158
0.2,0,210,0.15,0.8,2,171.5,83.3,61.4,50.5,4,5,307,155
0.2,0,210,0.25,0.55,0,55.7,129.4,85.2,37.6,2,5,426,160
0.2,0,210,0.25,0.55,1,129.1,99.1,70.4,43.5,3,5,352,153
0.2,0,210,0.25,0.55,2,134.7,78.7,59.0,50.2,4,5,295,148
0.2,0,210,0.25,0.65,0,44.6,129.4,88.0,36.8,2,5,440,162
0.2,0,210,0.25,0.65,1,100.1,102.6,73.0,43.8,3,5,365,160
0.2,0,210,0.25,0.65,2,117.7,83.3,61.2,51.0,3,5,306,156
0.2,0,210,0.25,0.8,0,33.5,138.0,88.0,37.0,2,5,440,163
0.2,0,210,0.25,0.8,1,109.0,97.3,73.0,43.6,3,5,365,159
0.2,0,210,0.25,0.8,2,122.5,83.3,61.2,50.3,4,5,306,154
0.2,0,240,0.05,0.55,0,46.8,119.3,88.8,37.2,2,5,444,165
0.2,0,240,0.05,0.55,1,132.3,88.1,74.6,42.6,3,5,373,159
0.2,0,240,0.05,0.55,2,159.2,96.4,63.2,49.4,2,5,316,156
0.2,0,240,0.05,0.65,0,40.4,119.3,90.6,36.4,2,5,453,165
0.2,0,240,0.05,0.65,1,108.0,91.6,76.2,43.0,3,5,381,164
0.2,0,240,0.05,0.65,2,147.1,106.4,64.6,50.2,2,5,323,162
0.2,0,240,0.05,0.8,0,30.4,127.9,90.6,36.6,2,5,453,166
0.2,0,240,0.05,0.8,1,118.0,85.1,76.2,42.8,3,5,381,163
0.2,0,240,0.05,0.8,2,157.1,96.4,64.6,49.8,2,5,323,161
0.2,0,240,0.15,0.55,0,46.8,119.3,88.8,37.2,2,5,444,165
0.2,0,240,0.15,0.55,1,132.3,88.1,74.6,42.6,3,5,373,159
0.2,0,240,0.15,0.55,2,159.2,96.4,63.2,49.4,2,5,316,156
0.2,0,240,0.15,0.65,0,40.4,119.3,90.6,36.4,2,5,453,165
0.2,0,240,0.15,0.65,1,108.0,91.6,76.2,43.0,3,5,381,164
0.2,0,240,0.15,0.65,2,147.1,106.4,64.6,50.2,2,5,323,162
0.2,0,240,0.15,0.8,0,30.4,127.9,90.6,36.6,2,5,453,166
0.2,0,240,0.15,0.8,1,118.0,85.1,76.2,42.8,3,5,381,163
0.2,0,240,0.15,0.8,2,157.1,96.4,64.6,49.8,2,5,323,161
0.2,0,240,0.25,0.55,0,46.8,119.3,88.8,37.2,2,5,444,165
0.2,0,240,0.25,0.55,1,132.3,88.1,74.6,42.6,3,5,373,159
0.2,0,240,0.25,0.55,2,110.2,96.4,63.0,49.2,2,5,315,155
0.2,0,240,0.25,0.65,0,45.6,119.3,90.6,36.6,2,5,453,166
0.2,0,240,0.25,0.65,1,113.2,91.6,76.2,43.3,3,5,381,165
0.2,0,240,0.25,0.65,2,103.3,106.4,64.4,50.3,2,5,322,162
0.2,0,240,0.25,0.8,0,34.5,127.9,90.6,36.9,2,5,453,167
0.2,0,240,0.25,0.8,1,122.2,85.1,76.2,43.0,3,5,381,164
0.2,0,240,0.25,0.8,2,108.0,96.4,64.4,49.7,2,5,322,160
0.2,30,180,0.05,0.55,0,-69.7,155.0,73.6,40.2,2,5,368,148
0.2,30,180,0.05,0.55,1,88.4,89.9,59.6,45.6,4,5,298,136
0.2,30,180,0.05,0.55,2,170.8,82.2,50.2,51.4,4,5,251,129
0.2,30,180,0.05,0.65,0,-64.1,150.3,76.2,39.9,1,5,381,152
0.2,30,180,0.05,0.65,1,106.0,89.9,61.8,45.6,4,5,309,141
0.2,30,180,0.05,0.65,2,168.6,86.8,51.8,51.7,4,5,259,134
0.2,30,180,0.05,0.8,0,-64.1,150.3,76.2,39.9,2,5,381,152
0.2,30,180,0.05,0.8,1,116.0,89.9,61.8,45.3,4,5,309,140
0.2,30,180,0.05,0.8,2,178.6,86.8,51.8,51.4,4,5,259,133
0.2,30,180,0.15,0.55,0,-69.7,155.0,73.6,40.2,2,5,368,148
0.2,30,180,0.15,0.55,1,88.4,89.9,59.6,45.6,4,5,298,136
0.2,30,180,0.15,0.55,2,170.8,82.2,50.2,51.4,4,5,251,129
0.2,30,180,0.15,0.65,0,-64.1,150.3,76.2,39.9,1,5,381,152
0.2,30,180,0.15,0.65,1,106.0,89.9,61.8,45.6,4,5,309,141
0.2,30,180,0.15,0.65,2,168.6,86.8,51.8,51.7,4,5,259,134
0.2,30,180,0.15,0.8,0,-64.1,150.3,76.2,39.9,2,5,381,152
0.2,30,180,0.15,0.8,1,116.0,89.9,61.8,45.3,4,5,309,140
0.2,30,180,0.15,0.8,2,178.6,86.8,51.8,51.4,4,5,259,133
0.2,30,180,0.25,0.55,0,-69.7,155.0,73.6,40.2,2,5,368,148
0.2,30,180,0.25,0.55,1,88.4,89.9,59.6,45.6,4,5,298,136
0.2,30,180,0.25,0.55,2,121.8,82.2,50.0,51.2,4,5,250,128
0.2,30,180,0.25,0.65,0,-64.1,150.3,76.2,39.9,1,5,381,152
0.2,30,180,0.25,0.65,1,106.0,89.9,61.8,45.6,4,5,309,141
0.2,30,180,0.25,0.65,2,119.6,86.8,51.6,51.6,4,5,258,133
0.2,30,180,0.25,0.8,0,-64.1,150.3,76.2,39.9,2,5,381,152
0.2,30,180,0.25,0.8,1,116.0,89.9,61.8,45.3,4,5,309,140
0.2,30,180,0.25,0.8,2,129.6,86.8,51.6,51.2,4,5,258,132
0.2,30,210,0.05,0.55,0,-5.6,165.0,79.6,40.2,2,5,398,160
0.2,30,210,0.05,0.55,1,147.6,89.9,65.6,44.2,4,5,328,145
0.2,30,210,0.05,0.55,2,261.0,68.8,55.8,51.3,4,5,279,143
0.2,30,210,0.05,0.65,0,10.0,150.3,81.8,39.9,1,5,409,163
0.2,30,210,0.05,0.65,1,140.6,89.9,67.8,44.2,4,5,339,150
0.2,30,210,0.05,0.65,2,248.9,78.8,57.6,51.7,4,5,288,149
0.2,30,210,0.05,0.8,0,10.0,150.3,81.8,39.9,1,5,409,163
0.2,30,210,0.05,0.8,1,150.6,89.9,67.8,44.0,4,5,339,149
0.2,30,210,0.05,0.8,2,258.9,78.8,57.6,51.4,4,5,288,148
0.2,30,210,0.15,0.55,0,-5.6,165.0,79.6,40.2,2,5,398,160
0.2,30,210,0.15,0.55,1,147.6,89.9,65.6,44.2,4,5,328,145
0.2,30,210,0.15,0.55,2,261.0,68.8,55.8,51.3,4,5,279,143
0.2,30,210,0.15,0.65,0,10.0,150.3,81.8,39.9,1,5,409,163
0.2,30,210,0.15,0.65,1,140.6,89.9,67.8,44.2,4,5,339,150
0.2,30,210,0.15,0.65,2,248.9,78.8,57.6,51.7,4,5,288,149
0.2,30,210,0.15,0.8,0,10.0,150.3,81.8,39.9,1,5,409,163
0.2,30,210,0.15,0.8,1,150.6,89.9,67.8,44.0,4,5,339,149
0.2,30,210,0.15,0.8,2,258.9,78.8,57.6,51.4,4,5,288,148
0.2,30,210,0.25,0.55,0,-5.6,165.0,79.4,40.3,2,5,397,160
0.2,30,210,0.25,0.55,1,147.6,89.9,65.4,44.3,4,5,327,145
0.2,30,210,0.25,0.55,2,212.0,68.8,55.4,51.3,4,5,277,142
0.2,30,210,0.25,0.65,0,15.2,150.3,81.8,40.1,1,5,409,164
0.2,30,210,0.25,0.65,1,145.8,89.9,67.8,44.5,4,5,339,151
0.2,30,210,0.25,0.65,2,205.1,78.8,57.4,51.9,4,5,287,149
0.2,30,210,0.25,0.8,0,14.1,150.3,81.8,40.1,2,5,409,164
0.2,30,210,0.25,0.8,1,154.7,89.9,67.8,44.2,4,5,339,150
0.2,30,210,0.25,0.8,2,209.8,78.8,57.4,51.2,4,5,287,147
0.2,30,240,0.05,0.55,0,-24.6,154.8,83.4,39.8,2,5,417,166
0.2,30,240,0.05,0.55,1,140.7,89.9,69.8,43.6,4,5,349,152
0.2,30,240,0.05,0.55,2,236.6,68.8,59.6,50.3,4,5,298,150
0.2,30,240,0.05,0.65,0,1.0,140.2,84.8,39.6,2,5,424,168
0.2,30,240,0.05,0.65,1,143.7,89.9,71.2,43.8,4,5,356,156
0.2,30,240,0.05,0.65,2,234.4,78.8,61.0,50.8,4,5,305,155
0.2,30,240,0.05,0.8,0,1.0,140.2,84.8,39.6,2,5,424,168
0.2,30,240,0.05,0.8,1,153.7,89.9,71.2,43.5,4,5,356,155
0.2,30,240,0.05,0.8,2,244.4,78.8,61.0,50.5,4,5,305,154
0.2,30,240,0.15,0.55,0,-24.6,154.8,83.4,39.8,2,5,417,166
0.2,30,240,0.15,0.55,1,140.7,89.9,69.8,43.6,4,5,349,152
0.2,30,240,0.15,0.55,2,236.6,68.8,59.6,50.3,4,5,298,150
0.2,30,240,0.15,0.65,0,1.0,140.2,84.8,39.6,2,5,424,168
0.2,30,240,0.15,0.65,1,143.7,89.9,71.2,43.8,4,5,356,156
0.2,30,240,0.15,0.65,2,234.4,78.8,61.0,50.8,4,5,305,155
0.2,30,240,0.15,0.8,0,1.0,140.2,84.8,39.6,2,5,424,168
0.2,30,240,0.15,0.8,1,153.7,89.9,71.2,43.5,4,5,356,155
0.2,30,240,0.15,0.8,2,244.4,78.8,61.0,50.5,4,5,305,154
0.2,30,240,0.25,0.55,0,-24.6,154.8,83.4,39.8,2,5,417,166
0.2,30,240,0.25,0.55,1,140.7,89.9,69.8,43.6,4,5,349,152
0.2,30,240,0.25,0.55,2,187.5,68.8,59.4,50.2,4,5,297,149
0.2,30,240,0.25,0.65,0,6.2,140.2,84.8,39.9,2,5,424,169
0.2,30,240,0.25,0.65,1,149.0,89.9,71.2,44.1,4,5,356,157
0.2,30,240,0.25,0.65,2,190.6,78.8,60.8,51.0,4,5,304,155
0.2,30,240,0.25,0.8,0,5.2,140.2,84.8,39.9,3,5,424,169
0.2,30,240,0.25,0.8,1,157.9,89.9,71.2,43.8,4,5,356,156
0.2,30,240,0.25,0.8,2,195.4,78.8,60.8,50.3,4,5,304,153
0.2,60,180,0.05,0.55,0,34.8,65.8,62.0,41.0,3,5,310,127
0.2,60,180,0.05,0.55,1,150.9,64.7,51.8,46.7,4,5,259,121
0.2,60,180,0.05,0.55,2,255.9,64.7,44.0,50.5,4,5,220,111
0.2,60,180,0.05,0.65,0,5.8,65.8,65.4,41.3,3,5,327,135
0.2,60,180,0.05,0.65,1,158.5,74.7,54.6,46.5,5,5,273,127
0.2,60,180,0.05,0.65,2,253.7,68.5,46.0,50.4,4,5,230,116
0.2,60,180,0.05,0.8,0,5.8,65.9,65.4,41.3,2,5,327,135
0.2,60,180,0.05,0.8,1,158.5,74.7,54.6,46.5,5,5,273,127
0.2,60,180,0.05,0.8,2,253.7,68.5,46.0,50.4,4,5,230,116
0.2,60,180,0.15,0.55,0,34.8,65.8,62.0,41.0,3,5,310,127
0.2,60,180,0.15,0.55,1,150.9,64.7,51.8,46.7,4,5,259,121
0.2,60,180,0.15,0.55,2,255.9,64.7,44.0,50.5,4,5,220,111
0.2,60,180,0.15,0.65,0,5.8,65.8,65.4,41.3,3,5,327,135
0.2,60,180,0.15,0.65,1,158.5,74.7,54.6,46.5,5,5,273,127
0.2,60,180,0.15,0.65,2,253.7,68.5,46.0,50.4,4,5,230,116
0.2,60,180,0.15,0.8,0,5.8,65.9,65.4,41.3,2,5,327,135
0.2,60,180,0.15,0.8,1,158.5,74.7,54.6,46.5,5,5,273,127
0.2,60,180,0.15,0.8,2,253.7,68.5,46.0,50.4,4,5,230,116
0.2,60,180,0.25,0.55,0,34.8,65.8,62.0,41.0,3,5,310,127
0.2,60,180,0.25,0.55,1,150.9,64.7,51.6,46.9,4,5,258,121
0.2,60,180,0.25,0.55,2,206.9,77.1,43.6,50.5,4,5,218,110
0.2,60,180,0.25,0.65,0,5.8,65.8,65.4,41.3,3,5,327,135
0.2,60,180,0.25,0.65,1,158.5,74.7,54.4,46.7,5,5,272,127
0.2,60,180,0.25,0.65,2,204.7,80.9,45.6,50.4,4,5,228,115
0.2,60,180,0.25,0.8,0,5.8,65.9,65.4,41.3,2,5,327,135
0.2,60,180,0.25,0.8,1,158.5,74.7,54.4,46.7,5,5,272,127
0.2,60,180,0.25,0.8,2,204.7,80.9,45.6,50.4,4,5,228,115
0.2,60,210,0.05,0.55,0,88.8,70.0,69.4,40.3,4,5,347,140
0.2,60,210,0.05,0.55,1,200.0,64.7,58.4,44.9,4,5,292,131
0.2,60,210,0.05,0.55,2,336.1,59.1,50.0,50.4,4,5,250,126
0.2,60,210,0.05,0.65,0,87.5,67.4,72.2,40.7,3,5,361,147
0.2,60,210,0.05,0.65,1,200.7,67.1,61.2,44.8,5,5,306,137
0.2,60,210,0.05,0.65,2,324.0,66.8,52.2,50.6,4,5,261,132
0.2,60,210,0.05,0.8,0,87.5,59.8,72.2,40.7,4,5,361,147
0.2,60,210,0.05,0.8,1,200.7,67.1,61.2,44.8,5,5,306,137
0.2,60,210,0.05,0.8,2,324.0,66.8,52.2,50.6,4,5,261,132
0.2,60,210,0.15,0.55,0,88.8,70.0,69.4,40.3,4,5,347,140
0.2,60,210,0.15,0.55,1,200.0,64.7,58.4,44.9,4,5,292,131
0.2,60,210,0.15,0.55,2,336.1,59.1,50.0,50.4,4,5,250,126
0.2,60,210,0.15,0.65,0,87.5,67.4,72.2,40.7,3,5,361,147
0.2,60,210,0.15,0.65,1,200.7,67.1,61.2,44.8,5,5,306,137
0.2,60,210,0.15,0.65,2,324.0,66.8,52.2,50.6,4,5,261,132
0.2,60,210,0.15,0.8,0,87.5,59.8,72.2,40.7,4,5,361,147
0.2,60,210,0.15,0.8,1,200.7,67.1,61.2,44.8,5,5,306,137
0.2,60,210,0.15,0.8,2,324.0,66.8,52.2,50.6,4,5,261,132
0.2,60,210,0.25,0.55,0,88.8,70.0,69.2,40.5,4,5,346,140
0.2,60,210,0.25,0.55,1,200.0,64.7,58.0,45.2,4,5,290,131
0.2,60,210,0.25,0.55,2,287.1,71.6,49.4,50.6,4,5,247,125
0.2,60,210,0.25,0.65,0,92.8,62.1,72.2,41.0,3,5,361,148
0.2,60,210,0.25,0.65,1,205.9,67.1,61.0,45.2,5,5,305,138
0.2,60,210,0.25,0.65,2,280.2,79.2,51.8,51.0,4,5,259,132
0.2,60,210,0.25,0.8,0,91.7,56.0,72.2,41.0,4,5,361,148
0.2,60,210,0.25,0.8,1,204.8,67.1,61.0,45.2,5,5,305,138
0.2,60,210,0.25,0.8,2,274.9,79.2,51.8,50.6,4,5,259,131
0.2,60,240,0.05,0.55,0,59.9,65.2,73.6,39.9,2,5,368,147
0.2,60,240,0.05,0.55,1,183.2,68.1,62.8,44.3,4,5,314,139
0.2,60,240,0.05,0.55,2,311.7,48.1,53.8,49.4,4,5,269,133
0.2,60,240,0.05,0.65,0,68.6,67.4,75.8,40.4,3,5,379,153
0.2,60,240,0.05,0.65,1,193.8,68.1,65.0,44.3,4,5,325,144
0.2,60,240,0.05,0.65,2,309.5,66.8,55.6,49.6,4,5,278,138
0.2,60,240,0.05,0.8,0,68.6,59.8,75.8,40.4,3,5,379,153
0.2,60,240,0.05,0.8,1,193.8,68.1,65.0,44.3,4,5,325,144
0.2,60,240,0.05,0.8,2,309.5,66.8,55.6,49.6,4,5,278,138
0.2,60,240,0.15,0.55,0,59.9,65.2,73.6,39.9,2,5,368,147
0.2,60,240,0.15,0.55,1,183.2,68.1,62.8,44.3,4,5,314,139
0.2,60,240,0.15,0.55,2,311.7,48.1,53.8,49.4,4,5,269,133
0.2,60,240,0.15,0.65,0,68.6,67.4,75.8,40.4,3,5,379,153
0.2,60,240,0.15,0.65,1,193.8,68.1,65.0,44.3,4,5,325,144
0.2,60,240,0.15,0.65,2,309.5,66.8,55.6,49.6,4,5,278,138
0.2,60,240,0.15,0.8,0,68.6,59.8,75.8,40.4,3,5,379,153
0.2,60,240,0.15,0.8,1,193.8,68.1,65.0,44.3,4,5,325,144
0.2,60,240,0.15,0.8,2,309.5,66.8,55.6,49.6,4,5,278,138
0.2,60,240,0.25,0.55,0,59.9,65.2,73.6,39.9,2,5,368,147
0.2,60,240,0.25,0.55,1,183.2,68.1,62.6,44.4,4,5,313,139
0.2,60,240,0.25,0.55,2,262.6,59.2,53.4,49.4,4,5,267,132
0.2,60,240,0.25,0.65,0,73.8,62.1,75.8,40.6,3,5,379,154
0.2,60,240,0.25,0.65,1,199.1,68.1,64.8,44.8,5,5,324,145
0.2,60,240,0.25,0.65,2,265.7,79.2,55.2,50.0,4,5,276,138
0.2,60,240,0.25,0.8,0,72.8,59.2,75.8,40.6,3,5,379,154
0.2,60,240,0.25,0.8,1,198.0,68.1,64.8,44.8,5,5,324,145
0.2,60,240,0.25,0.8,2,260.5,79.2,55.2,49.6,4,5,276,137
0.2,90,180,0.05,0.55,0,176.2,55.8,45.8,44.5,4,5,229,102
0.2,90,180,0.05,0.55,1,141.5,65.9,39.4,48.7,4,5,197,96
0.2,90,180,0.05,0.55,2,124.2,63.7,35.0,52.6,3,5,175,92
0.2,90,180,0.05,0.65,0,153.2,50.2,49.8,43.8,5,5,249,109
0.2,90,180,0.05,0.65,1,142.9,69.7,41.8,47.4,4,5,209,99
0.2,90,180,0.05,0.65,2,122.8,73.7,36.8,51.6,3,5,184,95
0.2,90,180,0.05,0.8,0,153.2,50.2,50.0,43.6,5,5,250,109
0.2,90,180,0.05,0.8,1,142.9,69.7,42.0,47.1,4,5,210,99
0.2,90,180,0.05,0.8,2,122.8,73.7,36.8,51.6,3,5,184,95
0.2,90,180,0.15,0.55,0,176.2,55.8,45.8,44.5,4,5,229,102
0.2,90,180,0.15,0.55,1,141.5,65.9,39.4,48.7,4,5,197,96
0.2,90,180,0.15,0.55,2,124.2,63.7,35.0,52.6,3,5,175,92
0.2,90,180,0.15,0.65,0,153.2,50.2,49.8,43.8,5,5,249,109
0.2,90,180,0.15,0.65,1,142.9,69.7,41.8,47.4,4,5,209,99
0.2,90,180,0.15,0.65,2,122.8,73.7,36.8,51.6,3,5,184,95
0.2,90,180,0.15,0.8,0,153.2,50.2,50.0,43.6,5,5,250,109
0.2,90,180,0.15,0.8,1,142.9,69.7,42.0,47.1,4,5,210,99
0.2,90,180,0.15,0.8,2,122.8,73.7,36.8,51.6,3,5,184,95
0.2,90,180,0.25,0.55,0,176.2,55.8,45.6,44.7,4,5,228,102
0.2,90,180,0.25,0.55,1,141.5,65.9,39.2,49.0,4,5,196,96
0.2,90,180,0.25,0.55,2,75.2,65.8,34.6,52.6,3,5,173,91
0.2,90,180,0.25,0.65,0,153.2,50.2,49.8,43.8,5,5,249,109
0.2,90,180,0.25,0.65,1,142.9,69.7,41.6,47.6,4,5,208,99
0.2,90,180,0.25,0.65,2,73.8,73.7,36.4,51.6,3,5,182,94
0.2,90,180,0.25,0.8,0,153.2,50.2,50.0,43.6,5,5,250,109
0.2,90,180,0.25,0.8,1,142.9,69.7,41.8,47.4,4,5,209,99
0.2,90,180,0.25,0.8,2,73.8,73.7,36.4,51.6,3,5,182,94
0.2,90,210,0.05,0.55,0,230.2,55.8,54.6,42.1,3,5,273,115
0.2,90,210,0.05,0.55,1,180.6,60.0,46.6,45.9,3,5,233,107
0.2,90,210,0.05,0.55,2,211.8,71.3,41.4,52.2,3,5,207,108
0.2,90,210,0.05,0.65,0,234.9,50.2,57.8,41.9,4,5,289,121
0.2,90,210,0.05,0.65,1,195.6,57.5,49.4,45.3,4,5,247,112
0.2,90,210,0.05,0.65,2,200.4,81.3,43.4,51.6,3,5,217,112
0.2,90,210,0.05,0.8,0,234.9,50.2,58.0,41.7,5,5,290,121
0.2,90,210,0.05,0.8,1,195.6,57.5,49.6,45.2,4,5,248,112
0.2,90,210,0.05,0.8,2,200.4,81.3,43.4,51.6,3,5,217,112
0.2,90,210,0.15,0.55,0,230.2,55.8,54.6,42.1,3,5,273,115
0.2,90,210,0.15,0.55,1,180.6,60.0,46.6,45.9,3,5,233,107
0.2,90,210,0.15,0.55,2,211.8,71.3,41.4,52.2,3,5,207,108
0.2,90,210,0.15,0.65,0,234.9,50.2,57.8,41.9,4,5,289,121
0.2,90,210,0.15,0.65,1,195.6,57.5,49.4,45.3,4,5,247,112
0.2,90,210,0.15,0.65,2,200.4,81.3,43.4,51.6,3,5,217,112
0.2,90,210,0.15,0.8,0,234.9,50.2,58.0,41.7,5,5,290,121
0.2,90,210,0.15,0.8,1,195.6,57.5,49.6,45.2,4,5,248,112
0.2,90,210,0.15,0.8,2,200.4,81.3,43.4,51.6,3,5,217,112
0.2,90,210,0.25,0.55,0,230.2,55.8,54.2,42.4,3,5,271,115
0.2,90,210,0.25,0.55,1,180.6,60.0,46.2,46.3,3,5,231,107
0.2,90,210,0.25,0.55,2,162.7,71.3,40.8,52.5,3,5,204,107
0.2,90,210,0.25,0.65,0,240.1,50.2,57.8,42.2,5,5,289,122
0.2,90,210,0.25,0.65,1,200.9,57.5,49.2,45.9,4,5,246,113
0.2,90,210,0.25,0.65,2,156.6,81.3,43.0,52.1,3,5,215,112
0.2,90,210,0.25,0.8,0,239.1,50.2,58.0,42.1,5,5,290,122
0.2,90,210,0.25,0.8,1,199.8,57.5,49.4,45.7,4,5,247,113
0.2,90,210,0.25,0.8,2,151.3,81.3,43.0,51.6,3,5,215,111
0.2,90,240,0.05,0.55,0,201.3,95.8,59.2,41.2,3,5,296,122
0.2,90,240,0.05,0.55,1,163.8,60.0,51.2,44.9,3,5,256,115
0.2,90,240,0.05,0.55,2,187.3,90.4,45.6,50.4,3,5,228,115
0.2,90,240,0.05,0.65,0,215.9,89.3,61.8,41.1,4,5,309,127
0.2,90,240,0.05,0.65,1,188.8,65.0,53.4,44.6,4,5,267,119
0.2,90,240,0.05,0.65,2,185.9,100.4,47.2,50.0,3,5,236,118
0.2,90,240,0.05,0.8,0,215.9,89.3,62.0,41.0,4,5,310,127
0.2,90,240,0.05,0.8,1,188.8,65.0,53.6,44.4,4,5,268,119
0.2,90,240,0.05,0.8,2,185.9,100.4,47.2,50.0,3,5,236,118
0.2,90,240,0.15,0.55,0,201.3,95.8,59.2,41.2,3,5,296,122
0.2,90,240,0.15,0.55,1,163.8,60.0,51.2,44.9,3,5,256,115
0.2,90,240,0.15,0.55,2,187.3,90.4,45.6,50.4,3,5,228,115
0.2,90,240,0.15,0.65,0,215.9,89.3,61.8,41.1,4,5,309,127
0.2,90,240,0.15,0.65,1,188.8,65.0,53.4,44.6,4,5,267,119
0.2,90,240,0.15,0.65,2,185.9,100.4,47.2,50.0,3,5,236,118
0.2,90,240,0.15,0.8,0,215.9,89.3,62.0,41.0,4,5,310,127
0.2,90,240,0.15,0.8,1,188.8,65.0,53.6,44.4,4,5,268,119
0.2,90,240,0.15,0.8,2,185.9,100.4,47.2,50.0,3,5,236,118
0.2,90,240,0.25,0.55,0,201.3,95.8,59.0,41.4,3,5,295,122
0.2,90,240,0.25,0.55,1,163.8,60.0,51.0,45.1,3,5,255,115
0.2,90,240,0.25,0.55,2,138.3,90.4,45.2,50.4,3,5,226,114
0.2,90,240,0.25,0.65,0,221.2,89.3,61.8,41.4,4,5,309,128
0.2,90,240,0.25,0.65,1,194.0,65.0,53.2,45.1,4,5,266,120
0.2,90,240,0.25,0.65,2,142.1,100.4,46.8,50.4,3,5,234,118
0.2,90,240,0.25,0.8,0,220.1,89.3,62.0,41.3,5,5,310,128
0.2,90,240,0.25,0.8,1,193.0,65.0,53.4,44.9,4,5,267,120
0.2,90,240,0.25,0.8,2,136.9,100.4,46.8,50.0,3,5,234,117
0.25,0,180,0.05,0.55,0,-14.4,98.7,55.4,33.6,2,5,277,93
0.25,0,180,0.05,0.55,1,164.9,49.5,45.4,43.6,4,5,227,99
0.25,0,180,0.05,0.55,2,105.1,68.6,37.8,47.6,2,5,189,90
0.25,0,180,0.05,0.65,0,-8.2,98.7,56.6,33.2,2,5,283,94
0.25,0,180,0.05,0.65,1,151.1,59.5,46.6,43.8,4,5,233,102
0.25,0,180,0.05,0.65,2,95.1,78.6,38.2,47.6,2,5,191,91
0.25,0,180,0.05,0.8,0,-8.2,98.7,56.6,33.2,2,5,283,94
0.25,0,180,0.05,0.8,1,161.1,49.5,46.6,43.3,4,5,233,101
0.25,0,180,0.05,0.8,2,95.1,78.6,38.2,47.6,2,5,191,91
0.25,0,180,0.15,0.55,0,-14.4,98.7,55.4,33.6,2,5,277,93
0.25,0,180,0.15,0.55,1,164.9,49.5,45.4,43.6,4,5,227,99
0.25,0,180,0.15,0.55,2,105.1,68.6,37.8,47.6,2,5,189,90
0.25,0,180,0.15,0.65,0,-8.2,98.7,56.6,33.2,2,5,283,94
0.25,0,180,0.15,0.65,1,151.1,59.5,46.6,43.8,4,5,233,102
0.25,0,180,0.15,0.65,2,95.1,78.6,38.2,47.6,2,5,191,91
0.25,0,180,0.15,0.8,0,-8.2,98.7,56.6,33.2,2,5,283,94
0.25,0,180,0.15,0.8,1,161.1,49.5,46.6,43.3,4,5,233,101
0.25,0,180,0.15,0.8,2,95.1,78.6,38.2,47.6,2,5,191,91
0.25,0,180,0.25,0.55,0,-14.4,98.7,55.2,33.7,2,5,276,93
0.25,0,180,0.25,0.55,1,115.9,54.7,45.2,43.4,4,5,226,98
0.25,0,180,0.25,0.55,2,56.1,68.6,37.6,47.3,2,5,188,89
0.25,0,180,0.25,0.65,0,-8.2,98.7,56.4,33.3,2,5,282,94
0.25,0,180,0.25,0.65,1,102.1,59.5,46.4,43.5,4,5,232,101
0.25,0,180,0.25,0.65,2,46.1,78.6,38.0,47.4,2,5,190,90
0.25,0,180,0.25,0.8,0,-8.2,98.7,56.4,33.3,2,5,282,94
0.25,0,180,0.25,0.8,1,112.1,50.8,46.4,43.1,4,5,232,100
0.25,0,180,0.25,0.8,2,46.1,78.6,38.0,47.4,2,5,190,90
0.25,0,210,0.05,0.55,0,7.5,100.8,60.2,33.6,2,5,301,101
0.25,0,210,0.05,0.55,1,204.4,50.2,50.2,43.8,4,5,251,110
0.25,0,210,0.05,0.55,2,154.5,66.9,42.4,46.2,3,5,212,98
0.25,0,210,0.05,0.65,0,13.8,100.8,61.4,33.2,2,5,307,102
0.25,0,210,0.05,0.65,1,190.6,60.2,51.4,44.0,3,5,257,113
0.25,0,210,0.05,0.65,2,149.9,71.5,43.2,46.3,3,5,216,100
0.25,0,210,0.05,0.8,0,13.8,100.8,61.4,33.2,2,5,307,102
0.25,0,210,0.05,0.8,1,200.6,50.2,51.4,43.6,4,5,257,112
0.25,0,210,0.05,0.8,2,149.9,71.5,43.2,46.3,3,5,216,100
0.25,0,210,0.15,0.55,0,7.5,100.8,60.2,33.6,2,5,301,101
0.25,0,210,0.15,0.55,1,204.4,50.2,50.2,43.8,4,5,251,110
0.25,0,210,0.15,0.55,2,154.5,66.9,42.4,46.2,3,5,212,98
0.25,0,210,0.15,0.65,0,13.8,100.8,61.4,33.2,2,5,307,102
0.25,0,210,0.15,0.65,1,190.6,60.2,51.4,44.0,3,5,257,113
0.25,0,210,0.15,0.65,2,149.9,71.5,43.2,46.3,3,5,216,100
0.25,0,210,0.15,0.8,0,13.8,100.8,61.4,33.2,2,5,307,102
0.25,0,210,0.15,0.8,1,200.6,50.2,51.4,43.6,4,5,257,112
0.25,0,210,0.15,0.8,2,149.9,71.5,43.2,46.3,3,5,216,100
0.25,0,210,0.25,0.55,0,7.5,100.8,59.8,33.8,2,5,299,101
0.25,0,210,0.25,0.55,1,155.3,53.3,49.8,43.8,4,5,249,109
0.25,0,210,0.25,0.55,2,105.4,67.1,42.0,46.2,3,5,210,97
0.25,0,210,0.25,0.65,0,19.0,100.8,61.2,33.7,2,5,306,103
0.25,0,210,0.25,0.65,1,141.5,60.2,51.0,43.9,3,5,255,112
0.25,0,210,0.25,0.65,2,100.9,71.5,42.8,46.3,3,5,214,99
0.25,0,210,0.25,0.8,0,18.8,100.8,61.2,33.7,2,5,306,103
0.25,0,210,0.25,0.8,1,156.6,50.8,51.2,43.8,4,5,256,112
0.25,0,210,0.25,0.8,2,100.9,71.5,42.8,46.3,3,5,214,99
0.25,0,240,0.05,0.55,0,-31.5,129.8,64.2,33.3,2,5,321,107
0.25,0,240,0.05,0.55,1,199.9,60.2,53.2,43.2,3,5,266,115
0.25,0,240,0.05,0.55,2,147.2,86.9,45.6,45.6,3,5,228,104
0.25,0,240,0.05,0.65,0,-25.3,129.8,65.2,33.1,2,5,326,108
0.25,0,240,0.05,0.65,1,192.9,70.2,54.6,43.6,3,5,273,119
0.25,0,240,0.05,0.65,2,149.4,91.5,46.6,45.9,3,5,233,107
0.25,0,240,0.05,0.8,0,-25.3,129.8,65.2,33.1,2,5,326,108
0.25,0,240,0.05,0.8,1,202.9,60.2,54.6,43.2,3,5,273,118
0.25,0,240,0.05,0.8,2,149.4,91.5,46.6,45.9,3,5,233,107
0.25,0,240,0.15,0.55,0,-31.5,129.8,64.2,33.3,2,5,321,107
0.25,0,240,0.15,0.55,1,199.9,60.2,53.2,43.2,3,5,266,115
0.25,0,240,0.15,0.55,2,147.2,86.9,45.6,45.6,3,5,228,104
0.25,0,240,0.15,0.65,0,-25.3,129.8,65.2,33.1,2,5,326,108
0.25,0,240,0.15,0.65,1,192.9,70.2,54.6,43.6,3,5,273,119
0.25,0,240,0.15,0.65,2,149.4,91.5,46.6,45.9,3,5,233,107
0.25,0,240,0.15,0.8,0,-25.3,129.8,65.2,33.1,2,5,326,108
0.25,0,240,0.15,0.8,1,202.9,60.2,54.6,43.2,3,5,273,118
0.25,0,240,0.15,0.8,2,149.4,91.5,46.6,45.9,3,5,233,107
0.25,0,240,0.25,0.55,0,-31.5,129.8,64.0,33.4,2,5,320,107
0.25,0,240,0.25,0.55,1,150.9,60.2,53.0,43.0,3,5,265,114
0.25,0,240,0.25,0.55,2,98.1,86.9,45.4,45.4,3,5,227,103
0.25,0,240,0.25,0.65,0,-20.1,129.8,65.0,33.5,2,5,325,109
0.25,0,240,0.25,0.65,1,149.8,70.2,54.4,43.8,3,5,272,119
0.25,0,240,0.25,0.65,2,100.4,91.5,46.4,45.7,3,5,232,106
0.25,0,240,0.25,0.8,0,-20.3,129.8,65.0,33.5,2,5,325,109
0.25,0,240,0.25,0.8,1,158.8,60.2,54.4,43.4,4,5,272,118
0.25,0,240,0.25,0.8,2,100.4,91.5,46.4,45.7,3,5,232,106
0.25,30,180,0.05,0.55,0,0.4,96.4,50.8,32.7,3,5,254,83
0.25,30,180,0.05,0.55,1,177.4,49.5,42.4,42.9,4,5,212,91
0.25,30,180,0.05,0.55,2,94.6,72.9,36.2,47.5,2,5,181,86
0.25,30,180,0.05,0.65,0,16.6,96.4,51.8,32.0,3,5,259,83
0.25,30,180,0.05,0.65,1,173.7,59.5,43.6,42.7,4,5,218,93
0.25,30,180,0.05,0.65,2,84.6,82.9,36.6,47.5,2,5,183,87
0.25,30,180,0.05,0.8,0,16.6,96.4,51.8,32.0,3,5,259,83
0.25,30,180,0.05,0.8,1,183.7,49.5,43.6,42.2,4,5,218,92
0.25,30,180,0.05,0.8,2,84.6,82.9,36.6,47.5,2,5,183,87
0.25,30,180,0.15,0.55,0,0.4,96.4,50.8,32.7,3,5,254,83
0.25,30,180,0.15,0.55,1,177.4,49.5,42.4,42.9,4,5,212,91
0.25,30,180,0.15,0.55,2,94.6,72.9,36.2,47.5,2,5,181,86
0.25,30,180,0.15,0.65,0,16.6,96.4,51.8,32.0,3,5,259,83
0.25,30,180,0.15,0.65,1,173.7,59.5,43.6,42.7,4,5,218,93
0.25,30,180,0.15,0.65,2,84.6,82.9,36.6,47.5,2,5,183,87
0.25,30,180,0.15,0.8,0,16.6,96.4,51.8,32.0,3,5,259,83
0.25,30,180,0.15,0.8,1,183.7,49.5,43.6,42.2,4,5,218,92
0.25,30,180,0.15,0.8,2,84.6,82.9,36.6,47.5,2,5,183,87
0.25,30,180,0.25,0.55,0,0.4,96.4,50.6,32.8,3,5,253,83
0.25,30,180,0.25,0.55,1,128.4,50.8,42.2,42.7,4,5,211,90
0.25,30,180,0.25,0.55,2,45.6,72.9,36.0,47.2,2,5,180,85
0.25,30,180,0.25,0.65,0,16.6,96.4,51.6,32.2,3,5,258,83
0.25,30,180,0.25,0.65,1,124.6,59.5,43.4,42.4,4,5,217,92
0.25,30,180,0.25,0.65,2,35.6,82.9,36.4,47.3,2,5,182,86
0.25,30,180,0.25,0.8,0,16.6,96.4,51.6,32.2,3,5,258,83
0.25,30,180,0.25,0.8,1,134.6,50.8,43.4,41.9,4,5,217,91
0.25,30,180,0.25,0.8,2,35.6,82.9,36.4,47.3,2,5,182,86
0.25,30,210,0.05,0.55,0,30.0,85.3,56.4,32.6,2,5,282,92
0.25,30,210,0.05,0.55,1,216.9,50.2,47.6,42.9,4,5,238,102
0.25,30,210,0.05,0.55,2,144.0,73.5,41.0,45.9,3,5,205,94
0.25,30,210,0.05,0.65,0,46.3,85.3,57.4,32.1,2,5,287,92
0.25,30,210,0.05,0.65,1,213.1,60.2,48.8,42.6,4,5,244,104
0.25,30,210,0.05,0.65,2,139.4,78.0,41.8,45.9,3,5,209,96
0.25,30,210,0.05,0.8,0,46.3,85.3,57.4,32.1,2,5,287,92
0.25,30,210,0.05,0.8,1,223.1,50.2,48.8,42.2,4,5,244,103
0.25,30,210,0.05,0.8,2,139.4,78.0,41.8,45.9,3,5,209,96
0.25,30,210,0.15,0.55,0,30.0,85.3,56.4,32.6,2,5,282,92
0.25,30,210,0.15,0.55,1,216.9,50.2,47.6,42.9,4,5,238,102
0.25,30,210,0.15,0.55,2,144.0,73.5,41.0,45.9,3,5,205,94
0.25,30,210,0.15,0.65,0,46.3,85.3,57.4,32.1,2,5,287,92
0.25,30,210,0.15,0.65,1,213.1,60.2,48.8,42.6,4,5,244,104
0.25,30,210,0.15,0.65,2,139.4,78.0,41.8,45.9,3,5,209,96
0.25,30,210,0.15,0.8,0,46.3,85.3,57.4,32.1,2,5,287,92
0.25,30,210,0.15,0.8,1,223.1,50.2,48.8,42.2,4,5,244,103
0.25,30,210,0.15,0.8,2,139.4,78.0,41.8,45.9,3,5,209,96
0.25,30,210,0.25,0.55,0,30.0,85.3,56.0,32.9,2,5,280,92
0.25,30,210,0.25,0.55,1,167.9,50.8,47.2,42.8,4,5,236,101
0.25,30,210,0.25,0.55,2,94.9,73.5,40.6,45.8,3,5,203,93
0.25,30,210,0.25,0.65,0,51.5,85.3,57.2,32.5,2,5,286,93
0.25,30,210,0.25,0.65,1,164.1,60.2,48.4,42.6,4,5,242,103
0.25,30,210,0.25,0.65,2,90.4,78.0,41.4,45.9,3,5,207,95
0.25,30,210,0.25,0.8,0,51.3,85.3,57.2,32.5,2,5,286,93
0.25,30,210,0.25,0.8,1,179.1,50.8,48.6,42.4,4,5,243,103
0.25,30,210,0.25,0.8,2,90.4,78.0,41.4,45.9,3,5,207,95
0.25,30,240,0.05,0.55,0,-9.0,114.4,60.4,32.5,2,5,302,98
0.25,30,240,0.05,0.55,1,227.7,60.2,50.8,42.5,4,5,254,108
0.25,30,240,0.05,0.55,2,136.7,93.5,44.2,45.2,3,5,221,100
0.25,30,240,0.05,0.65,0,7.2,114.4,61.4,31.9,2,5,307,98
0.25,30,240,0.05,0.65,1,230.6,70.2,52.2,42.5,4,5,261,111
0.25,30,240,0.05,0.65,2,138.9,98.0,45.2,45.6,3,5,226,103
0.25,30,240,0.05,0.8,0,7.2,114.4,61.4,31.9,2,5,307,98
0.25,30,240,0.05,0.8,1,240.6,60.2,52.2,42.1,4,5,261,110
0.25,30,240,0.05,0.8,2,138.9,98.0,45.2,45.6,3,5,226,103
0.25,30,240,0.15,0.55,0,-9.0,114.4,60.4,32.5,2,5,302,98
0.25,30,240,0.15,0.55,1,227.7,60.2,50.8,42.5,4,5,254,108
0.25,30,240,0.15,0.55,2,136.7,93.5,44.2,45.2,3,5,221,100
0.25,30,240,0.15,0.65,0,7.2,114.4,61.4,31.9,2,5,307,98
0.25,30,240,0.15,0.65,1,230.6,70.2,52.2,42.5,4,5,261,111
0.25,30,240,0.15,0.65,2,138.9,98.0,45.2,45.6,3,5,226,103
0.25,30,240,0.15,0.8,0,7.2,114.4,61.4,31.9,2,5,307,98
0.25,30,240,0.15,0.8,1,240.6,60.2,52.2,42.1,4,5,261,110
0.25,30,240,0.15,0.8,2,138.9,98.0,45.2,45.6,3,5,226,103
0.25,30,240,0.25,0.55,0,-9.0,114.4,60.2,32.6,2,5,301,98
0.25,30,240,0.25,0.55,1,178.6,60.2,50.6,42.3,4,5,253,107
0.25,30,240,0.25,0.55,2,87.6,93.5,44.0,45.0,3,5,220,99
0.25,30,240,0.25,0.65,0,12.4,114.4,61.2,32.4,2,5,306,99
0.25,30,240,0.25,0.65,1,187.5,70.2,52.0,42.7,4,5,260,111
0.25,30,240,0.25,0.65,2,89.9,98.0,45.0,45.3,3,5,225,102
0.25,30,240,0.25,0.8,0,12.2,114.4,61.2,32.4,2,5,306,99
0.25,30,240,0.25,0.8,1,196.6,60.2,52.0,42.3,4,5,260,110
0.25,30,240,0.25,0.8,2,89.9,98.0,45.0,45.3,3,5,225,102
0.25,60,180,0.05,0.55,0,92.5,75.1,44.6,33.6,3,5,223,75
0.25,60,180,0.05,0.55,1,180.7,49.5,36.8,45.1,4,5,184,83
0.25,60,180,0.05,0.55,2,148.5,50.0,32.2,51.6,4,5,161,83
0.25,60,180,0.05,0.65,0,88.7,75.1,45.8,33.6,3,5,229,77
0.25,60,180,0.05,0.65,1,166.9,59.5,38.0,45.3,4,5,190,86
0.25,60,180,0.05,0.65,2,138.5,60.0,32.6,51.5,3,5,163,84
0.25,60,180,0.05,0.8,0,88.7,75.1,45.8,33.6,3,5,229,77
0.25,60,180,0.05,0.8,1,166.9,59.5,38.0,45.3,4,5,190,86
0.25,60,180,0.05,0.8,2,138.5,60.0,32.6,51.5,3,5,163,84
0.25,60,180,0.15,0.55,0,92.5,75.1,44.6,33.6,3,5,223,75
0.25,60,180,0.15,0.55,1,180.7,49.5,36.8,45.1,4,5,184,83
0.25,60,180,0.15,0.55,2,148.5,50.0,32.2,51.6,4,5,161,83
0.25,60,180,0.15,0.65,0,88.7,75.1,45.8,33.6,3,5,229,77
0.25,60,180,0.15,0.65,1,166.9,59.5,38.0,45.3,4,5,190,86
0.25,60,180,0.15,0.65,2,138.5,60.0,32.6,51.5,3,5,163,84
0.25,60,180,0.15,0.8,0,88.7,75.1,45.8,33.6,3,5,229,77
0.25,60,180,0.15,0.8,1,166.9,59.5,38.0,45.3,4,5,190,86
0.25,60,180,0.15,0.8,2,138.5,60.0,32.6,51.5,3,5,163,84
0.25,60,180,0.25,0.55,0,92.5,75.1,44.2,33.9,3,5,221,75
0.25,60,180,0.25,0.55,1,131.6,49.5,36.4,45.1,4,5,182,82
0.25,60,180,0.25,0.55,2,99.5,50.0,31.8,51.6,4,5,159,82
0.25,60,180,0.25,0.65,0,88.7,75.1,45.4,33.9,3,5,227,77
0.25,60,180,0.25,0.65,1,117.9,59.5,37.6,45.2,4,5,188,85
0.25,60,180,0.25,0.65,2,89.5,60.0,32.2,51.6,3,5,161,83
0.25,60,180,0.25,0.8,0,88.7,75.1,45.4,33.9,3,5,227,77
0.25,60,180,0.25,0.8,1,117.9,59.5,37.6,45.2,4,5,188,85
0.25,60,180,0.25,0.8,2,89.5,60.0,32.2,51.6,3,5,161,83
0.25,60,210,0.05,0.55,0,120.0,64.8,50.8,33.9,2,5,254,86
0.25,60,210,0.05,0.55,1,210.1,50.0,42.4,44.8,4,5,212,95
0.25,60,210,0.05,0.55,2,197.9,60.0,37.0,49.2,3,5,185,91
0.25,60,210,0.05,0.65,0,116.2,64.8,52.0,33.8,2,5,260,88
0.25,60,210,0.05,0.65,1,196.3,59.5,43.6,45.0,4,5,218,98
0.25,60,210,0.05,0.65,2,193.3,64.6,37.8,49.2,3,5,189,93
0.25,60,210,0.05,0.8,0,116.2,64.8,52.0,33.8,2,5,260,88
0.25,60,210,0.05,0.8,1,196.3,59.5,43.6,45.0,4,5,218,98
0.25,60,210,0.05,0.8,2,193.3,64.6,37.8,49.2,3,5,189,93
0.25,60,210,0.15,0.55,0,120.0,64.8,50.8,33.9,2,5,254,86
0.25,60,210,0.15,0.55,1,210.1,50.0,42.4,44.8,4,5,212,95
0.25,60,210,0.15,0.55,2,197.9,60.0,37.0,49.2,3,5,185,91
0.25,60,210,0.15,0.65,0,116.2,64.8,52.0,33.8,2,5,260,88
0.25,60,210,0.15,0.65,1,196.3,59.5,43.6,45.0,4,5,218,98
0.25,60,210,0.15,0.65,2,193.3,64.6,37.8,49.2,3,5,189,93
0.25,60,210,0.15,0.8,0,116.2,64.8,52.0,33.8,2,5,260,88
0.25,60,210,0.15,0.8,1,196.3,59.5,43.6,45.0,4,5,218,98
0.25,60,210,0.15,0.8,2,193.3,64.6,37.8,49.2,3,5,189,93
0.25,60,210,0.25,0.55,0,120.0,64.8,50.2,34.3,2,5,251,86
0.25,60,210,0.25,0.55,1,161.1,50.0,41.8,45.0,4,5,209,94
0.25,60,210,0.25,0.55,2,148.8,60.0,36.4,49.5,3,5,182,90
0.25,60,210,0.25,0.65,0,121.5,64.8,51.6,34.5,3,5,258,89
0.25,60,210,0.25,0.65,1,147.3,59.5,43.0,45.1,4,5,215,97
0.25,60,210,0.25,0.65,2,144.3,64.6,37.2,49.5,3,5,186,92
0.25,60,210,0.25,0.8,0,121.2,64.8,51.6,34.5,3,5,258,89
0.25,60,210,0.25,0.8,1,152.3,59.5,43.2,45.4,4,5,216,98
0.25,60,210,0.25,0.8,2,144.3,64.6,37.2,49.5,3,5,186,92
0.25,60,240,0.05,0.55,0,81.0,90.7,54.8,33.6,2,5,274,92
0.25,60,240,0.05,0.55,1,220.9,50.8,45.6,44.3,4,5,228,101
0.25,60,240,0.05,0.55,2,190.6,80.0,40.2,48.3,3,5,201,97
0.25,60,240,0.05,0.65,0,77.2,90.7,56.0,33.6,2,5,280,94
0.25,60,240,0.05,0.65,1,213.9,60.8,47.0,44.7,3,5,235,105
0.25,60,240,0.05,0.65,2,192.8,84.6,41.2,48.5,3,5,206,100
0.25,60,240,0.05,0.8,0,77.2,90.7,56.0,33.6,2,5,280,94
0.25,60,240,0.05,0.8,1,213.9,60.8,47.0,44.7,3,5,235,105
0.25,60,240,0.05,0.8,2,192.8,84.6,41.2,48.5,3,5,206,100
0.25,60,240,0.15,0.55,0,81.0,90.7,54.8,33.6,2,5,274,92
0.25,60,240,0.15,0.55,1,220.9,50.8,45.6,44.3,4,5,228,101
0.25,60,240,0.15,0.55,2,190.6,80.0,40.2,48.3,3,5,201,97
0.25,60,240,0.15,0.65,0,77.2,90.7,56.0,33.6,2,5,280,94
0.25,60,240,0.15,0.65,1,213.9,60.8,47.0,44.7,3,5,235,105
0.25,60,240,0.15,0.65,2,192.8,84.6,41.2,48.5,3,5,206,100
0.25,60,240,0.15,0.8,0,77.2,90.7,56.0,33.6,2,5,280,94
0.25,60,240,0.15,0.8,1,213.9,60.8,47.0,44.7,3,5,235,105
0.25,60,240,0.15,0.8,2,192.8,84.6,41.2,48.5,3,5,206,100
0.25,60,240,0.25,0.55,0,81.0,90.7,54.4,33.8,2,5,272,92
0.25,60,240,0.25,0.55,1,171.9,50.8,45.2,44.2,4,5,226,100
0.25,60,240,0.25,0.55,2,141.5,80.0,39.8,48.2,3,5,199,96
0.25,60,240,0.25,0.65,0,82.4,90.7,55.6,34.2,2,5,278,95
0.25,60,240,0.25,0.65,1,170.8,60.8,46.6,45.1,3,5,233,105
0.25,60,240,0.25,0.65,2,143.7,84.6,40.8,48.5,3,5,204,99
0.25,60,240,0.25,0.8,0,82.2,90.7,55.6,34.2,2,5,278,95
0.25,60,240,0.25,0.8,1,169.8,60.8,46.6,45.1,3,5,233,105
0.25,60,240,0.25,0.8,2,143.7,84.6,40.8,48.5,3,5,204,99
0.25,90,180,0.05,0.55,0,95.2,81.3,35.6,37.6,2,5,178,67
0.25,90,180,0.05,0.55,1,107.3,78.9,30.0,50.0,3,5,150,75
0.25,90,180,0.05,0.55,2,86.1,85.1,26.2,52.7,2,5,131,69
0.25,90,180,0.05,0.65,0,92.8,81.3,36.8,36.4,2,5,184,67
0.25,90,180,0.05,0.65,1,93.6,88.9,31.4,49.7,3,5,157,78
0.25,90,180,0.05,0.65,2,81.4,95.1,26.8,53.0,2,5,134,71
0.25,90,180,0.05,0.8,0,92.8,81.3,36.8,36.4,2,5,184,67
0.25,90,180,0.05,0.8,1,93.6,88.9,31.4,49.7,3,5,157,78
0.25,90,180,0.05,0.8,2,81.4,95.1,26.8,53.0,2,5,134,71
0.25,90,180,0.15,0.55,0,95.2,81.3,35.6,37.6,2,5,178,67
0.25,90,180,0.15,0.55,1,107.3,78.9,30.0,50.0,3,5,150,75
0.25,90,180,0.15,0.55,2,86.1,85.1,26.2,52.7,2,5,131,69
0.25,90,180,0.15,0.65,0,92.8,81.3,36.8,36.4,2,5,184,67
0.25,90,180,0.15,0.65,1,93.6,88.9,31.4,49.7,3,5,157,78
0.25,90,180,0.15,0.65,2,81.4,95.1,26.8,53.0,2,5,134,71
0.25,90,180,0.15,0.8,0,92.8,81.3,36.8,36.4,2,5,184,67
0.25,90,180,0.15,0.8,1,93.6,88.9,31.4,49.7,3,5,157,78
0.25,90,180,0.15,0.8,2,81.4,95.1,26.8,53.0,2,5,134,71
0.25,90,180,0.25,0.55,0,95.2,81.3,35.2,38.1,2,5,176,67
0.25,90,180,0.25,0.55,1,58.3,78.9,29.6,50.0,3,5,148,74
0.25,90,180,0.25,0.55,2,37.1,85.1,25.8,52.7,2,5,129,68
0.25,90,180,0.25,0.65,0,92.8,81.3,36.4,36.8,2,5,182,67
0.25,90,180,0.25,0.65,1,44.5,88.9,31.0,49.7,3,5,155,77
0.25,90,180,0.25,0.65,2,32.3,95.1,26.4,53.0,2,5,132,70
0.25,90,180,0.25,0.8,0,92.8,81.3,36.4,36.8,2,5,182,67
0.25,90,180,0.25,0.8,1,44.5,88.9,31.0,49.7,3,5,155,77
0.25,90,180,0.25,0.8,2,32.3,95.1,26.4,53.0,2,5,132,70
0.25,90,210,0.05,0.55,0,122.7,79.6,42.0,37.1,2,5,210,78
0.25,90,210,0.05,0.55,1,136.8,88.9,35.6,48.9,3,5,178,87
0.25,90,210,0.05,0.55,2,135.5,93.4,31.0,49.7,3,5,155,77
0.25,90,210,0.05,0.65,0,120.3,79.6,43.2,36.1,2,5,216,78
0.25,90,210,0.05,0.65,1,123.0,98.9,37.0,48.6,3,5,185,90
0.25,90,210,0.05,0.65,2,136.2,97.9,32.0,50.0,3,5,160,80
0.25,90,210,0.05,0.8,0,120.3,79.6,43.2,36.1,2,5,216,78
0.25,90,210,0.05,0.8,1,123.0,98.9,37.0,48.6,3,5,185,90
0.25,90,210,0.05,0.8,2,136.2,97.9,32.0,50.0,3,5,160,80
0.25,90,210,0.15,0.55,0,122.7,79.6,42.0,37.1,2,5,210,78
0.25,90,210,0.15,0.55,1,136.8,88.9,35.6,48.9,3,5,178,87
0.25,90,210,0.15,0.55,2,135.5,93.4,31.0,49.7,3,5,155,77
0.25,90,210,0.15,0.65,0,120.3,79.6,43.2,36.1,2,5,216,78
0.25,90,210,0.15,0.65,1,123.0,98.9,37.0,48.6,3,5,185,90
0.25,90,210,0.15,0.65,2,136.2,97.9,32.0,50.0,3,5,160,80
0.25,90,210,0.15,0.8,0,120.3,79.6,43.2,36.1,2,5,216,78
0.25,90,210,0.15,0.8,1,123.0,98.9,37.0,48.6,3,5,185,90
0.25,90,210,0.15,0.8,2,136.2,97.9,32.0,50.0,3,5,160,80
0.25,90,210,0.25,0.55,0,122.7,79.6,41.4,37.7,2,5,207,78
0.25,90,210,0.25,0.55,1,87.8,88.9,35.0,49.1,3,5,175,86
0.25,90,210,0.25,0.55,2,86.5,93.4,30.4,50.0,3,5,152,76
0.25,90,210,0.25,0.65,0,125.6,79.6,42.8,36.9,2,5,214,79
0.25,90,210,0.25,0.65,1,74.0,98.9,36.4,48.9,3,5,182,89
0.25,90,210,0.25,0.65,2,87.2,97.9,31.4,50.3,3,5,157,79
0.25,90,210,0.25,0.8,0,125.3,79.6,42.8,36.9,2,5,214,79
0.25,90,210,0.25,0.8,1,79.0,98.9,36.6,49.2,3,5,183,90
0.25,90,210,0.25,0.8,2,87.2,97.9,31.4,50.3,3,5,157,79
0.25,90,240,0.05,0.55,0,83.7,102.3,46.4,36.2,2,5,232,84
0.25,90,240,0.05,0.55,1,147.6,98.0,39.0,47.7,3,5,195,93
0.25,90,240,0.05,0.55,2,128.2,113.4,34.2,48.5,3,5,171,83
0.25,90,240,0.05,0.65,0,81.3,102.3,47.6,35.3,2,5,238,84
0.25,90,240,0.05,0.65,1,140.5,108.0,40.6,47.8,3,5,203,97
0.25,90,240,0.05,0.65,2,135.7,117.9,35.4,49.2,3,5,177,87
0.25,90,240,0.05,0.8,0,81.3,102.3,47.6,35.3,2,5,238,84
0.25,90,240,0.05,0.8,1,140.5,108.0,40.6,47.8,3,5,203,97
0.25,90,240,0.05,0.8,2,135.7,117.9,35.4,49.2,3,5,177,87
0.25,90,240,0.15,0.55,0,83.7,102.3,46.4,36.2,2,5,232,84
0.25,90,240,0.15,0.55,1,147.6,98.0,39.0,47.7,3,5,195,93
0.25,90,240,0.15,0.55,2,128.2,113.4,34.2,48.5,3,5,171,83
0.25,90,240,0.15,0.65,0,81.3,102.3,47.6,35.3,2,5,238,84
0.25,90,240,0.15,0.65,1,140.5,108.0,40.6,47.8,3,5,203,97
0.25,90,240,0.15,0.65,2,135.7,117.9,35.4,49.2,3,5,177,87
0.25,90,240,0.15,0.8,0,81.3,102.3,47.6,35.3,2,5,238,84
0.25,90,240,0.15,0.8,1,140.5,108.0,40.6,47.8,3,5,203,97
0.25,90,240,0.15,0.8,2,135.7,117.9,35.4,49.2,3,5,177,87
0.25,90,240,0.25,0.55,0,83.7,102.3,46.0,36.5,2,5,230,84
0.25,90,240,0.25,0.55,1,98.5,98.0,38.6,47.7,3,5,193,92
0.25,90,240,0.25,0.55,2,79.2,113.4,33.8,48.5,3,5,169,82
0.25,90,240,0.25,0.65,0,86.5,102.3,47.2,36.0,2,5,236,85
0.25,90,240,0.25,0.65,1,97.4,108.0,40.2,48.3,3,5,201,97
0.25,90,240,0.25,0.65,2,86.6,117.9,35.0,49.1,3,5,175,86
0.25,90,240,0.25,0.8,0,86.3,102.3,47.2,36.0,2,5,236,85
0.25,90,240,0.25,0.8,1,96.5,108.0,40.2,48.3,3,5,201,97
0.25,90,240,0.25,0.8,2,86.6,117.9,35.0,49.1,3,5,175,86
0.3,0,180,0.05,0.55,0,-9.9,79.4,38.6,35.2,2,5,193,68
0.3,0,180,0.05,0.55,1,101.8,89.5,29.4,43.5,3,5,147,64
0.3,0,180,0.05,0.55,2,44.9,75.9,23.2,52.6,1,5,116,61
0.3,0,180,0.05,0.65,0,-19.9,89.4,39.0,35.4,2,5,195,69
0.3,0,180,0.05,0.65,1,91.8,99.5,29.6,43.9,3,5,148,65
0.3,0,180,0.05,0.65,2,44.9,75.9,23.4,52.1,1,5,117,61
0.3,0,180,0.05,0.8,0,-19.9,89.4,39.0,35.4,2,5,195,69
0.3,0,180,0.05,0.8,1,91.8,99.5,29.6,43.9,3,5,148,65
0.3,0,180,0.05,0.8,2,44.9,75.9,23.4,52.1,1,5,117,61
0.3,0,180,0.15,0.55,0,-9.9,79.4,38.6,35.2,2,5,193,68
0.3,0,180,0.15,0.55,1,101.8,89.5,29.4,43.5,3,5,147,64
0.3,0,180,0.15,0.55,2,44.9,75.9,23.2,52.6,1,5,116,61
0.3,0,180,0.15,0.65,0,-19.9,89.4,39.0,35.4,2,5,195,69
0.3,0,180,0.15,0.65,1,91.8,99.5,29.6,43.9,3,5,148,65
0.3,0,180,0.15,0.65,2,44.9,75.9,23.4,52.1,1,5,117,61
0.3,0,180,0.15,0.8,0,-19.9,89.4,39.0,35.4,2,5,195,69
0.3,0,180,0.15,0.8,1,91.8,99.5,29.6,43.9,3,5,148,65
0.3,0,180,0.15,0.8,2,44.9,75.9,23.4,52.1,1,5,117,61
0.3,0,180,0.25,0.55,0,-9.9,79.4,38.4,35.4,2,5,192,68
0.3,0,180,0.25,0.55,1,52.7,89.5,29.0,43.4,3,5,145,63
0.3,0,180,0.25,0.55,2,-4.1,75.9,22.8,52.6,1,5,114,60
0.3,0,180,0.25,0.65,0,-19.9,89.4,38.8,35.6,2,5,194,69
0.3,0,180,0.25,0.65,1,42.7,99.5,29.2,43.8,3,5,146,64
0.3,0,180,0.25,0.65,2,-4.1,75.9,23.0,52.2,1,5,115,60
0.3,0,180,0.25,0.8,0,-19.9,89.4,38.8,35.6,2,5,194,69
0.3,0,180,0.25,0.8,1,42.7,99.5,29.2,43.8,3,5,146,64
0.3,0,180,0.25,0.8,2,-4.1,75.9,23.0,52.2,1,5,115,60
0.3,0,210,0.05,0.55,0,20.7,89.4,43.0,34.0,3,5,215,73
0.3,0,210,0.05,0.55,1,157.0,69.0,34.0,42.9,3,5,170,73
0.3,0,210,0.05,0.55,2,90.6,74.0,26.6,51.9,2,5,133,69
0.3,0,210,0.05,0.65,0,16.2,93.9,43.6,34.4,3,5,218,75
0.3,0,210,0.05,0.65,1,152.5,73.6,34.4,43.6,3,5,172,75
0.3,0,210,0.05,0.65,2,96.1,68.6,27.0,51.9,2,5,135,70
0.3,0,210,0.05,0.8,0,16.2,93.9,43.6,34.4,3,5,218,75
0.3,0,210,0.05,0.8,1,152.5,73.6,34.4,43.6,3,5,172,75
0.3,0,210,0.05,0.8,2,96.1,68.6,27.0,51.9,2,5,135,70
0.3,0,210,0.15,0.55,0,20.7,89.4,43.0,34.0,3,5,215,73
0.3,0,210,0.15,0.55,1,157.0,69.0,34.0,42.9,3,5,170,73
0.3,0,210,0.15,0.55,2,90.6,74.0,26.6,51.9,2,5,133,69
0.3,0,210,0.15,0.65,0,16.2,93.9,43.6,34.4,3,5,218,75
0.3,0,210,0.15,0.65,1,152.5,73.6,34.4,43.6,3,5,172,75
0.3,0,210,0.15,0.65,2,96.1,68.6,27.0,51.9,2,5,135,70
0.3,0,210,0.15,0.8,0,16.2,93.9,43.6,34.4,3,5,218,75
0.3,0,210,0.15,0.8,1,152.5,73.6,34.4,43.6,3,5,172,75
0.3,0,210,0.15,0.8,2,96.1,68.6,27.0,51.9,2,5,135,70
0.3,0,210,0.25,0.55,0,20.7,89.4,42.6,34.3,3,5,213,73
0.3,0,210,0.25,0.55,1,108.0,69.0,33.4,43.1,3,5,167,72
0.3,0,210,0.25,0.55,2,41.6,74.0,26.0,52.3,2,5,130,68
0.3,0,210,0.25,0.65,0,16.2,93.9,43.2,34.7,3,5,216,75
0.3,0,210,0.25,0.65,1,103.5,73.6,33.8,43.8,3,5,169,74
0.3,0,210,0.25,0.65,2,47.1,68.6,26.4,52.3,2,5,132,69
0.3,0,210,0.25,0.8,0,16.2,93.9,43.2,34.7,3,5,216,75
0.3,0,210,0.25,0.8,1,103.5,73.6,33.8,43.8,3,5,169,74
0.3,0,210,0.25,0.8,2,47.1,68.6,26.4,52.3,2,5,132,69
0.3,0,240,0.05,0.55,0,8.8,99.4,46.4,33.2,3,5,232,77
0.3,0,240,0.05,0.55,1,159.7,89.0,37.2,41.9,3,5,186,78
0.3,0,240,0.05,0.55,2,118.2,84.0,29.6,49.3,2,5,148,73
0.3,0,240,0.05,0.65,0,11.1,103.9,47.2,33.9,3,5,236,80
0.3,0,240,0.05,0.65,1,162.0,93.6,37.8,42.9,3,5,189,81
0.3,0,240,0.05,0.65,2,113.6,78.6,29.8,49.0,2,5,149,73
0.3,0,240,0.05,0.8,0,11.1,103.9,47.2,33.9,3,5,236,80
0.3,0,240,0.05,0.8,1,162.0,93.6,37.8,42.9,3,5,189,81
0.3,0,240,0.05,0.8,2,113.6,78.6,29.8,49.0,2,5,149,73
0.3,0,240,0.15,0.55,0,8.8,99.4,46.4,33.2,3,5,232,77
0.3,0,240,0.15,0.55,1,159.7,89.0,37.2,41.9,3,5,186,78
0.3,0,240,0.15,0.55,2,118.2,84.0,29.6,49.3,2,5,148,73
0.3,0,240,0.15,0.65,0,11.1,103.9,47.2,33.9,3,5,236,80
0.3,0,240,0.15,0.65,1,162.0,93.6,37.8,42.9,3,5,189,81
0.3,0,240,0.15,0.65,2,113.6,78.6,29.8,49.0,2,5,149,73
0.3,0,240,0.15,0.8,0,11.1,103.9,47.2,33.9,3,5,236,80
0.3,0,240,0.15,0.8,1,162.0,93.6,37.8,42.9,3,5,189,81
0.3,0,240,0.15,0.8,2,113.6,78.6,29.8,49.0,2,5,149,73
0.3,0,240,0.25,0.55,0,8.8,99.4,46.2,33.3,3,5,231,77
0.3,0,240,0.25,0.55,1,110.7,89.0,36.8,41.8,3,5,184,77
0.3,0,240,0.25,0.55,2,69.2,84.0,29.2,49.3,2,5,146,72
0.3,0,240,0.25,0.65,0,11.1,103.9,47.0,34.0,3,5,235,80
0.3,0,240,0.25,0.65,1,112.9,93.6,37.4,42.8,3,5,187,80
0.3,0,240,0.25,0.65,2,64.6,78.6,29.4,49.0,2,5,147,72
0.3,0,240,0.25,0.8,0,11.1,103.9,47.0,34.0,3,5,235,80
0.3,0,240,0.25,0.8,1,112.9,93.6,37.4,42.8,3,5,187,80
0.3,0,240,0.25,0.8,2,64.6,78.6,29.4,49.0,2,5,147,72
0.3,30,180,0.05,0.55,0,-28.6,79.4,36.6,34.4,2,5,183,63
0.3,30,180,0.05,0.55,1,62.7,100.8,28.4,44.4,3,5,142,63
0.3,30,180,0.05,0.55,2,6.7,79.1,22.6,53.1,1,5,113,60
0.3,30,180,0.05,0.65,0,-38.6,89.4,37.0,34.6,2,5,185,64
0.3,30,180,0.05,0.65,1,52.7,110.8,28.6,44.8,3,5,143,64
0.3,30,180,0.05,0.65,2,6.7,79.1,22.8,52.6,1,5,114,60
0.3,30,180,0.05,0.8,0,-38.6,89.4,37.0,34.6,2,5,185,64
0.3,30,180,0.05,0.8,1,52.7,110.8,28.6,44.8,3,5,143,64
0.3,30,180,0.05,0.8,2,6.7,79.1,22.8,52.6,1,5,114,60
0.3,30,180,0.15,0.55,0,-28.6,79.4,36.6,34.4,2,5,183,63
0.3,30,180,0.15,0.55,1,62.7,100.8,28.4,44.4,3,5,142,63
0.3,30,180,0.15,0.55,2,6.7,79.1,22.6,53.1,1,5,113,60
0.3,30,180,0.15,0.65,0,-38.6,89.4,37.0,34.6,2,5,185,64
0.3,30,180,0.15,0.65,1,52.7,110.8,28.6,44.8,3,5,143,64
0.3,30,180,0.15,0.65,2,6.7,79.1,22.8,52.6,1,5,114,60
0.3,30,180,0.15,0.8,0,-38.6,89.4,37.0,34.6,2,5,185,64
0.3,30,180,0.15,0.8,1,52.7,110.8,28.6,44.8,3,5,143,64
0.3,30,180,0.15,0.8,2,6.7,79.1,22.8,52.6,1,5,114,60
0.3,30,180,0.25,0.55,0,-28.6,79.4,36.4,34.6,2,5,182,63
0.3,30,180,0.25,0.55,1,13.7,100.8,28.0,44.3,3,5,140,62
0.3,30,180,0.25,0.55,2,-42.3,79.1,22.2,53.2,1,5,111,59
0.3,30,180,0.25,0.65,0,-38.6,89.4,36.8,34.8,2,5,184,64
0.3,30,180,0.25,0.65,1,3.7,110.8,28.2,44.7,3,5,141,63
0.3,30,180,0.25,0.65,2,-42.3,79.1,22.4,52.7,1,5,112,59
0.3,30,180,0.25,0.8,0,-38.6,89.4,36.8,34.8,2,5,184,64
0.3,30,180,0.25,0.8,1,3.7,110.8,28.2,44.7,3,5,141,63
0.3,30,180,0.25,0.8,2,-42.3,79.1,22.4,52.7,1,5,112,59
0.3,30,210,0.05,0.55,0,2.0,89.4,41.2,33.0,3,5,206,68
0.3,30,210,0.05,0.55,1,118.0,72.2,33.0,43.6,3,5,165,72
0.3,30,210,0.05,0.55,2,52.4,78.9,26.0,52.3,1,5,130,68
0.3,30,210,0.05,0.65,0,-2.6,93.9,42.0,33.3,3,5,210,70
0.3,30,210,0.05,0.65,1,113.4,76.7,33.4,44.3,3,5,167,74
0.3,30,210,0.05,0.65,2,57.9,73.4,26.4,52.3,1,5,132,69
0.3,30,210,0.05,0.8,0,-2.6,93.9,42.0,33.3,3,5,210,70
0.3,30,210,0.05,0.8,1,113.4,76.7,33.4,44.3,3,5,167,74
0.3,30,210,0.05,0.8,2,57.9,73.4,26.4,52.3,1,5,132,69
0.3,30,210,0.15,0.55,0,2.0,89.4,41.2,33.0,3,5,206,68
0.3,30,210,0.15,0.55,1,118.0,72.2,33.0,43.6,3,5,165,72
0.3,30,210,0.15,0.55,2,52.4,78.9,26.0,52.3,1,5,130,68
0.3,30,210,0.15,0.65,0,-2.6,93.9,42.0,33.3,3,5,210,70
0.3,30,210,0.15,0.65,1,113.4,76.7,33.4,44.3,3,5,167,74
0.3,30,210,0.15,0.65,2,57.9,73.4,26.4,52.3,1,5,132,69
0.3,30,210,0.15,0.8,0,-2.6,93.9,42.0,33.3,3,5,210,70
0.3,30,210,0.15,0.8,1,113.4,76.7,33.4,44.3,3,5,167,74
0.3,30,210,0.15,0.8,2,57.9,73.4,26.4,52.3,1,5,132,69
0.3,30,210,0.25,0.55,0,2.0,89.4,40.8,33.3,3,5,204,68
0.3,30,210,0.25,0.55,1,68.9,72.2,32.4,43.8,3,5,162,71
0.3,30,210,0.25,0.55,2,3.4,78.9,25.4,52.8,1,5,127,67
0.3,30,210,0.25,0.65,0,-2.6,93.9,41.6,33.7,3,5,208,70
0.3,30,210,0.25,0.65,1,64.4,76.7,32.8,44.5,3,5,164,73
0.3,30,210,0.25,0.65,2,8.9,73.4,25.8,52.7,1,5,129,68
0.3,30,210,0.25,0.8,0,-2.6,93.9,41.6,33.7,3,5,208,70
0.3,30,210,0.25,0.8,1,64.4,76.7,32.8,44.5,3,5,164,73
0.3,30,210,0.25,0.8,2,8.9,73.4,25.8,52.7,1,5,129,68
0.3,30,240,0.05,0.55,0,-9.9,99.4,44.6,32.3,3,5,223,72
0.3,30,240,0.05,0.55,1,120.7,92.2,36.2,42.5,3,5,181,77
0.3,30,240,0.05,0.55,2,80.0,88.9,29.0,49.7,2,5,145,72
0.3,30,240,0.05,0.65,0,-7.7,103.9,45.6,32.9,3,5,228,75
0.3,30,240,0.05,0.65,1,122.9,96.7,36.8,43.5,3,5,184,80
0.3,30,240,0.05,0.65,2,75.4,83.4,29.2,49.3,2,5,146,72
0.3,30,240,0.05,0.8,0,-7.7,103.9,45.6,32.9,3,5,228,75
0.3,30,240,0.05,0.8,1,122.9,96.7,36.8,43.5,3,5,184,80
0.3,30,240,0.05,0.8,2,75.4,83.4,29.2,49.3,2,5,146,72
0.3,30,240,0.15,0.55,0,-9.9,99.4,44.6,32.3,3,5,223,72
0.3,30,240,0.15,0.55,1,120.7,92.2,36.2,42.5,3,5,181,77
0.3,30,240,0.15,0.55,2,80.0,88.9,29.0,49.7,2,5,145,72
0.3,30,240,0.15,0.65,0,-7.7,103.9,45.6,32.9,3,5,228,75
0.3,30,240,0.15,0.65,1,122.9,96.7,36.8,43.5,3,5,184,80
0.3,30,240,0.15,0.65,2,75.4,83.4,29.2,49.3,2,5,146,72
0.3,30,240,0.15,0.8,0,-7.7,103.9,45.6,32.9,3,5,228,75
0.3,30,240,0.15,0.8,1,122.9,96.7,36.8,43.5,3,5,184,80
0.3,30,240,0.15,0.8,2,75.4,83.4,29.2,49.3,2,5,146,72
0.3,30,240,0.25,0.55,0,-9.9,99.4,44.4,32.4,3,5,222,72
0.3,30,240,0.25,0.55,1,71.6,92.2,35.8,42.5,3,5,179,76
0.3,30,240,0.25,0.55,2,31.0,88.9,28.6,49.7,2,5,143,71
0.3,30,240,0.25,0.65,0,-7.7,103.9,45.4,33.0,3,5,227,75
0.3,30,240,0.25,0.65,1,73.9,96.7,36.4,43.4,3,5,182,79
0.3,30,240,0.25,0.65,2,26.3,83.4,28.8,49.3,2,5,144,71
0.3,30,240,0.25,0.8,0,-7.7,103.9,45.4,33.0,3,5,227,75
0.3,30,240,0.25,0.8,1,73.9,96.7,36.4,43.4,3,5,182,79
0.3,30,240,0.25,0.8,2,26.3,83.4,28.8,49.3,2,5,144,71
0.3,60,180,0.05,0.55,0,26.7,60.4,32.4,35.2,3,5,162,57
0.3,60,180,0.05,0.55,1,96.5,94.8,25.8,48.1,3,5,129,62
0.3,60,180,0.05,0.55,2,50.5,83.1,20.8,55.8,1,5,104,58
0.3,60,180,0.05,0.65,0,16.7,70.4,32.8,35.4,3,5,164,58
0.3,60,180,0.05,0.65,1,86.5,104.8,26.0,48.5,3,5,130,63
0.3,60,180,0.05,0.65,2,50.5,83.1,21.0,55.2,1,5,105,58
0.3,60,180,0.05,0.8,0,16.7,70.4,32.8,35.4,3,5,164,58
0.3,60,180,0.05,0.8,1,86.5,104.8,26.0,48.5,3,5,130,63
0.3,60,180,0.05,0.8,2,50.5,83.1,21.0,55.2,1,5,105,58
0.3,60,180,0.15,0.55,0,26.7,60.4,32.4,35.2,3,5,162,57
0.3,60,180,0.15,0.55,1,96.5,94.8,25.8,48.1,3,5,129,62
0.3,60,180,0.15,0.55,2,50.5,83.1,20.8,55.8,1,5,104,58
0.3,60,180,0.15,0.65,0,16.7,70.4,32.8,35.4,3,5,164,58
0.3,60,180,0.15,0.65,1,86.5,104.8,26.0,48.5,3,5,130,63
0.3,60,180,0.15,0.65,2,50.5,83.1,21.0,55.2,1,5,105,58
0.3,60,180,0.15,0.8,0,16.7,70.4,32.8,35.4,3,5,164,58
0.3,60,180,0.15,0.8,1,86.5,104.8,26.0,48.5,3,5,130,63
0.3,60,180,0.15,0.8,2,50.5,83.1,21.0,55.2,1,5,105,58
0.3,60,180,0.25,0.55,0,26.7,60.4,32.0,35.6,3,5,160,57
0.3,60,180,0.25,0.55,1,47.5,94.8,25.4,48.0,3,5,127,61
0.3,60,180,0.25,0.55,2,1.4,83.1,20.4,55.9,1,5,102,57
0.3,60,180,0.25,0.65,0,16.7,70.4,32.4,35.8,3,5,162,58
0.3,60,180,0.25,0.65,1,37.5,104.8,25.6,48.4,3,5,128,62
0.3,60,180,0.25,0.65,2,1.4,83.1,20.6,55.3,1,5,103,57
0.3,60,180,0.25,0.8,0,16.7,70.4,32.4,35.8,3,5,162,58
0.3,60,180,0.25,0.8,1,37.5,104.8,25.6,48.4,3,5,128,62
0.3,60,180,0.25,0.8,2,1.4,83.1,20.6,55.3,1,5,103,57
0.3,60,210,0.05,0.55,0,47.3,70.1,37.2,33.9,3,5,186,63
0.3,60,210,0.05,0.55,1,151.8,76.2,30.4,46.7,3,5,152,71
0.3,60,210,0.05,0.55,2,96.2,82.9,24.2,54.5,2,5,121,66
0.3,60,210,0.05,0.65,0,42.7,74.6,38.0,34.2,3,5,190,65
0.3,60,210,0.05,0.65,1,147.2,80.7,30.8,47.4,3,5,154,73
0.3,60,210,0.05,0.65,2,101.7,77.4,24.6,54.5,2,5,123,67
0.3,60,210,0.05,0.8,0,42.7,74.6,38.0,34.2,3,5,190,65
0.3,60,210,0.05,0.8,1,147.2,80.7,30.8,47.4,3,5,154,73
0.3,60,210,0.05,0.8,2,101.7,77.4,24.6,54.5,2,5,123,67
0.3,60,210,0.15,0.55,0,47.3,70.1,37.2,33.9,3,5,186,63
0.3,60,210,0.15,0.55,1,151.8,76.2,30.4,46.7,3,5,152,71
0.3,60,210,0.15,0.55,2,96.2,82.9,24.2,54.5,2,5,121,66
0.3,60,210,0.15,0.65,0,42.7,74.6,38.0,34.2,3,5,190,65
0.3,60,210,0.15,0.65,1,147.2,80.7,30.8,47.4,3,5,154,73
0.3,60,210,0.15,0.65,2,101.7,77.4,24.6,54.5,2,5,123,67
0.3,60,210,0.15,0.8,0,42.7,74.6,38.0,34.2,3,5,190,65
0.3,60,210,0.15,0.8,1,147.2,80.7,30.8,47.4,3,5,154,73
0.3,60,210,0.15,0.8,2,101.7,77.4,24.6,54.5,2,5,123,67
0.3,60,210,0.25,0.55,0,47.3,70.1,36.6,34.4,3,5,183,63
0.3,60,210,0.25,0.55,1,102.7,76.2,29.8,47.0,3,5,149,70
0.3,60,210,0.25,0.55,2,47.2,82.9,23.6,55.1,2,5,118,65
0.3,60,210,0.25,0.65,0,42.7,74.6,37.4,34.8,3,5,187,65
0.3,60,210,0.25,0.65,1,98.2,80.7,30.2,47.7,3,5,151,72
0.3,60,210,0.25,0.65,2,52.7,77.4,24.0,55.0,2,5,120,66
0.3,60,210,0.25,0.8,0,42.7,74.6,37.4,34.8,3,5,187,65
0.3,60,210,0.25,0.8,1,98.2,80.7,30.2,47.7,3,5,151,72
0.3,60,210,0.25,0.8,2,52.7,77.4,24.0,55.0,2,5,120,66
0.3,60,240,0.05,0.55,0,35.4,80.1,40.6,33.0,3,5,203,67
0.3,60,240,0.05,0.55,1,154.5,96.2,33.6,45.2,3,5,168,76
0.3,60,240,0.05,0.55,2,123.8,92.9,27.2,51.5,2,5,136,70
0.3,60,240,0.05,0.65,0,37.6,84.6,41.6,33.7,3,5,208,70
0.3,60,240,0.05,0.65,1,156.7,100.7,34.2,46.2,3,5,171,79
0.3,60,240,0.05,0.65,2,119.2,87.4,27.4,51.1,2,5,137,70
0.3,60,240,0.05,0.8,0,37.6,84.6,41.6,33.7,3,5,208,70
0.3,60,240,0.05,0.8,1,156.7,100.7,34.2,46.2,3,5,171,79
0.3,60,240,0.05,0.8,2,119.2,87.4,27.4,51.1,2,5,137,70
0.3,60,240,0.15,0.55,0,35.4,80.1,40.6,33.0,3,5,203,67
0.3,60,240,0.15,0.55,1,154.5,96.2,33.6,45.2,3,5,168,76
0.3,60,240,0.15,0.55,2,123.8,92.9,27.2,51.5,2,5,136,70
0.3,60,240,0.15,0.65,0,37.6,84.6,41.6,33.7,3,5,208,70
0.3,60,240,0.15,0.65,1,156.7,100.7,34.2,46.2,3,5,171,79
0.3,60,240,0.15,0.65,2,119.2,87.4,27.4,51.1,2,5,137,70
0.3,60,240,0.15,0.8,0,37.6,84.6,41.6,33.7,3,5,208,70
0.3,60,240,0.15,0.8,1,156.7,100.7,34.2,46.2,3,5,171,79
0.3,60,240,0.15,0.8,2,119.2,87.4,27.4,51.1,2,5,137,70
0.3,60,240,0.25,0.55,0,35.4,80.1,40.2,33.3,3,5,201,67
0.3,60,240,0.25,0.55,1,105.4,96.2,33.2,45.2,3,5,166,75
0.3,60,240,0.25,0.55,2,74.8,92.9,26.8,51.5,2,5,134,69
0.3,60,240,0.25,0.65,0,37.6,84.6,41.2,34.0,3,5,206,70
0.3,60,240,0.25,0.65,1,107.7,100.7,33.8,46.2,3,5,169,78
0.3,60,240,0.25,0.65,2,70.1,87.4,27.0,51.1,2,5,135,69
0.3,60,240,0.25,0.8,0,37.6,84.6,41.2,34.0,3,5,206,70
0.3,60,240,0.25,0.8,1,107.7,100.7,33.8,46.2,3,5,169,78
0.3,60,240,0.25,0.8,2,70.1,87.4,27.0,51.1,2,5,135,69
0.3,90,180,0.05,0.55,0,53.9,93.4,26.4,37.9,2,5,132,50
0.3,90,180,0.05,0.55,1,70.1,91.6,22.2,48.6,2,5,111,54
0.3,90,180,0.05,0.55,2,50.7,97.0,18.4,57.6,2,5,92,53
0.3,90,180,0.05,0.65,0,43.9,103.4,27.0,37.8,2,5,135,51
0.3,90,180,0.05,0.65,1,60.1,101.6,22.6,48.7,2,5,113,55
0.3,90,180,0.05,0.65,2,55.9,97.0,18.8,57.4,2,5,94,54
0.3,90,180,0.05,0.8,0,43.9,103.4,27.0,37.8,2,5,135,51
0.3,90,180,0.05,0.8,1,60.1,101.6,22.6,48.7,2,5,113,55
0.3,90,180,0.05,0.8,2,55.9,97.0,18.8,57.4,2,5,94,54
0.3,90,180,0.15,0.55,0,53.9,93.4,26.4,37.9,2,5,132,50
0.3,90,180,0.15,0.55,1,70.1,91.6,22.2,48.6,2,5,111,54
0.3,90,180,0.15,0.55,2,50.7,97.0,18.4,57.6,2,5,92,53
0.3,90,180,0.15,0.65,0,43.9,103.4,27.0,37.8,2,5,135,51
0.3,90,180,0.15,0.65,1,60.1,101.6,22.6,48.7,2,5,113,55
0.3,90,180,0.15,0.65,2,55.9,97.0,18.8,57.4,2,5,94,54
0.3,90,180,0.15,0.8,0,43.9,103.4,27.0,37.8,2,5,135,51
0.3,90,180,0.15,0.8,1,60.1,101.6,22.6,48.7,2,5,113,55
0.3,90,180,0.15,0.8,2,55.9,97.0,18.8,57.4,2,5,94,54
0.3,90,180,0.25,0.55,0,53.9,93.4,26.0,38.5,2,5,130,50
0.3,90,180,0.25,0.55,1,21.1,91.6,21.8,48.6,2,5,109,53
0.3,90,180,0.25,0.55,2,1.6,97.0,18.0,57.8,2,5,90,52
0.3,90,180,0.25,0.65,0,43.9,103.4,26.6,38.3,2,5,133,51
0.3,90,180,0.25,0.65,1,11.1,101.6,22.2,48.6,2,5,111,54
0.3,90,180,0.25,0.65,2,6.9,97.0,18.4,57.6,2,5,92,53
0.3,90,180,0.25,0.8,0,43.9,103.4,26.6,38.3,2,5,133,51
0.3,90,180,0.25,0.8,1,11.1,101.6,22.2,48.6,2,5,111,54
0.3,90,180,0.25,0.8,2,6.9,97.0,18.4,57.6,2,5,92,53
0.3,90,210,0.05,0.55,0,74.5,103.4,31.2,35.9,3,5,156,56
0.3,90,210,0.05,0.55,1,125.4,73.0,26.8,47.0,3,5,134,63
0.3,90,210,0.05,0.55,2,96.4,96.9,21.8,56.0,2,5,109,61
0.3,90,210,0.05,0.65,0,69.9,107.9,32.2,36.0,3,5,161,58
0.3,90,210,0.05,0.65,1,120.9,82.4,27.4,47.4,3,5,137,65
0.3,90,210,0.05,0.65,2,107.1,91.4,22.4,56.2,2,5,112,63
0.3,90,210,0.05,0.8,0,69.9,107.9,32.2,36.0,3,5,161,58
0.3,90,210,0.05,0.8,1,120.9,82.4,27.4,47.4,3,5,137,65
0.3,90,210,0.05,0.8,2,107.1,91.4,22.4,56.2,2,5,112,63
0.3,90,210,0.15,0.55,0,74.5,103.4,31.2,35.9,3,5,156,56
0.3,90,210,0.15,0.55,1,125.4,73.0,26.8,47.0,3,5,134,63
0.3,90,210,0.15,0.55,2,96.4,96.9,21.8,56.0,2,5,109,61
0.3,90,210,0.15,0.65,0,69.9,107.9,32.2,36.0,3,5,161,58
0.3,90,210,0.15,0.65,1,120.9,82.4,27.4,47.4,3,5,137,65
0.3,90,210,0.15,0.65,2,107.1,91.4,22.4,56.2,2,5,112,63
0.3,90,210,0.15,0.8,0,69.9,107.9,32.2,36.0,3,5,161,58
0.3,90,210,0.15,0.8,1,120.9,82.4,27.4,47.4,3,5,137,65
0.3,90,210,0.15,0.8,2,107.1,91.4,22.4,56.2,2,5,112,63
0.3,90,210,0.25,0.55,0,74.5,103.4,30.6,36.6,3,5,153,56
0.3,90,210,0.25,0.55,1,76.4,73.0,26.2,47.3,3,5,131,62
0.3,90,210,0.25,0.55,2,47.4,96.9,21.2,56.6,2,5,106,60
0.3,90,210,0.25,0.65,0,69.9,107.9,31.6,36.7,3,5,158,58
0.3,90,210,0.25,0.65,1,71.8,82.4,26.8,47.8,3,5,134,64
0.3,90,210,0.25,0.65,2,58.1,91.4,21.8,56.9,2,5,109,62
0.3,90,210,0.25,0.8,0,69.9,107.9,31.6,36.7,3,5,158,58
0.3,90,210,0.25,0.8,1,71.8,82.4,26.8,47.8,3,5,134,64
0.3,90,210,0.25,0.8,2,58.1,91.4,21.8,56.9,2,5,109,62
0.3,90,240,0.05,0.55,0,62.6,113.4,34.6,34.7,3,5,173,60
0.3,90,240,0.05,0.55,1,128.1,93.0,30.0,45.3,3,5,150,68
0.3,90,240,0.05,0.55,2,124.0,106.9,24.8,52.4,2,5,124,65
0.3,90,240,0.05,0.65,0,64.8,117.9,35.8,35.2,3,5,179,63
0.3,90,240,0.05,0.65,1,130.3,97.6,30.8,46.1,3,5,154,71
0.3,90,240,0.05,0.65,2,124.6,101.4,25.2,52.4,2,5,126,66
0.3,90,240,0.05,0.8,0,64.8,117.9,35.8,35.2,3,5,179,63
0.3,90,240,0.05,0.8,1,130.3,97.6,30.8,46.1,3,5,154,71
0.3,90,240,0.05,0.8,2,124.6,101.4,25.2,52.4,2,5,126,66
0.3,90,240,0.15,0.55,0,62.6,113.4,34.6,34.7,3,5,173,60
0.3,90,240,0.15,0.55,1,128.1,93.0,30.0,45.3,3,5,150,68
0.3,90,240,0.15,0.55,2,124.0,106.9,24.8,52.4,2,5,124,65
0.3,90,240,0.15,0.65,0,64.8,117.9,35.8,35.2,3,5,179,63
0.3,90,240,0.15,0.65,1,130.3,97.6,30.8,46.1,3,5,154,71
0.3,90,240,0.15,0.65,2,124.6,101.4,25.2,52.4,2,5,126,66
0.3,90,240,0.15,0.8,0,64.8,117.9,35.8,35.2,3,5,179,63
0.3,90,240,0.15,0.8,1,130.3,97.6,30.8,46.1,3,5,154,71
0.3,90,240,0.15,0.8,2,124.6,101.4,25.2,52.4,2,5,126,66
0.3,90,240,0.25,0.55,0,62.6,113.4,34.2,35.1,3,5,171,60
0.3,90,240,0.25,0.55,1,79.1,93.0,29.6,45.3,3,5,148,67
0.3,90,240,0.25,0.55,2,75.0,106.9,24.4,52.5,2,5,122,64
0.3,90,240,0.25,0.65,0,64.8,117.9,35.4,35.6,3,5,177,63
0.3,90,240,0.25,0.65,1,81.3,97.6,30.4,46.1,3,5,152,70
0.3,90,240,0.25,0.65,2,75.6,101.4,24.8,52.4,2,5,124,65
0.3,90,240,0.25,0.8,0,64.8,117.9,35.4,35.6,3,5,177,63
0.3,90,240,0.25,0.8,1,81.3,97.6,30.4,46.1,3,5,152,70
0.3,90,240,0.25,0.8,2,75.6,101.4,24.8,52.4,2,5,124,65
0.4,0,180,0.05,0.55,0,18.8,69.9,18.4,32.6,2,5,92,30
0.4,0,180,0.05,0.55,1,52.6,60.2,14.6,38.4,2,5,73,28
0.4,0,180,0.05,0.55,2,72.6,70.2,12.4,45.2,3,5,62,28
0.4,0,180,0.05,0.65,0,18.8,69.9,18.6,32.3,2,5,93,30
0.4,0,180,0.05,0.65,1,52.6,60.2,14.6,38.4,2,5,73,28
0.4,0,180,0.05,0.65,2,72.6,70.2,12.4,45.2,3,5,62,28
0.4,0,180,0.05,0.8,0,18.8,69.9,18.6,32.3,2,5,93,30
0.4,0,180,0.05,0.8,1,52.6,60.2,14.6,38.4,2,5,73,28
0.4,0,180,0.05,0.8,2,72.6,70.2,12.4,45.2,3,5,62,28
0.4,0,180,0.15,0.55,0,18.8,69.9,18.4,32.6,2,5,92,30
0.4,0,180,0.15,0.55,1,52.6,60.2,14.6,38.4,2,5,73,28
0.4,0,180,0.15,0.55,2,72.6,70.2,12.4,45.2,3,5,62,28
0.4,0,180,0.15,0.65,0,18.8,69.9,18.6,32.3,2,5,93,30
0.4,0,180,0.15,0.65,1,52.6,60.2,14.6,38.4,2,5,73,28
0.4,0,180,0.15,0.65,2,72.6,70.2,12.4,45.2,3,5,62,28
0.4,0,180,0.15,0.8,0,18.8,69.9,18.6,32.3,2,5,93,30
0.4,0,180,0.15,0.8,1,52.6,60.2,14.6,38.4,2,5,73,28
0.4,0,180,0.15,0.8,2,72.6,70.2,12.4,45.2,3,5,62,28
0.4,0,180,0.25,0.55,0,18.8,69.9,18.0,33.3,2,5,90,30
0.4,0,180,0.25,0.55,1,3.6,60.2,14.2,38.0,2,5,71,27
0.4,0,180,0.25,0.55,2,23.6,70.2,12.0,45.0,3,5,60,27
0.4,0,180,0.25,0.65,0,18.8,69.9,18.2,33.0,2,5,91,30
0.4,0,180,0.25,0.65,1,3.6,60.2,14.2,38.0,2,5,71,27
0.4,0,180,0.25,0.65,2,23.6,70.2,12.0,45.0,3,5,60,27
0.4,0,180,0.25,0.8,0,18.8,69.9,18.2,33.0,2,5,91,30
0.4,0,180,0.25,0.8,1,3.6,60.2,14.2,38.0,2,5,71,27
0.4,0,180,0.25,0.8,2,23.6,70.2,12.0,45.0,3,5,60,27
0.4,0,210,0.05,0.55,0,64.9,69.9,21.2,34.0,2,5,106,36
0.4,0,210,0.05,0.55,1,50.7,52.1,16.6,37.3,2,5,83,31
0.4,0,210,0.05,0.55,2,60.7,62.1,14.0,45.7,3,5,70,32
0.4,0,210,0.05,0.65,0,64.9,69.9,21.4,33.6,2,5,107,36
0.4,0,210,0.05,0.65,1,50.7,52.1,16.6,37.3,2,5,83,31
0.4,0,210,0.05,0.65,2,60.7,62.1,14.0,45.7,3,5,70,32
0.4,0,210,0.05,0.8,0,64.9,69.9,21.4,33.6,2,5,107,36
0.4,0,210,0.05,0.8,1,50.7,52.1,16.6,37.3,2,5,83,31
0.4,0,210,0.05,0.8,2,60.7,62.1,14.0,45.7,3,5,70,32
0.4,0,210,0.15,0.55,0,64.9,69.9,21.2,34.0,2,5,106,36
0.4,0,210,0.15,0.55,1,50.7,52.1,16.6,37.3,2,5,83,31
0.4,0,210,0.15,0.55,2,60.7,62.1,14.0,45.7,3,5,70,32
0.4,0,210,0.15,0.65,0,64.9,69.9,21.4,33.6,2,5,107,36
0.4,0,210,0.15,0.65,1,50.7,52.1,16.6,37.3,2,5,83,31
0.4,0,210,0.15,0.65,2,60.7,62.1,14.0,45.7,3,5,70,32
0.4,0,210,0.15,0.8,0,64.9,69.9,21.4,33.6,2,5,107,36
0.4,0,210,0.15,0.8,1,50.7,52.1,16.6,37.3,2,5,83,31
0.4,0,210,0.15,0.8,2,60.7,62.1,14.0,45.7,3,5,70,32
0.4,0,210,0.25,0.55,0,64.9,69.9,20.6,35.0,2,5,103,36
0.4,0,210,0.25,0.55,1,1.7,52.1,16.0,37.5,2,5,80,30
0.4,0,210,0.25,0.55,2,11.7,62.1,13.4,46.3,3,5,67,31
0.4,0,210,0.25,0.65,0,64.9,69.9,20.8,34.6,2,5,104,36
0.4,0,210,0.25,0.65,1,1.7,52.1,16.0,37.5,2,5,80,30
0.4,0,210,0.25,0.65,2,11.7,62.1,13.4,46.3,3,5,67,31
0.4,0,210,0.25,0.8,0,64.9,69.9,20.8,34.6,2,5,104,36
0.4,0,210,0.25,0.8,1,1.7,52.1,16.0,37.5,2,5,80,30
0.4,0,210,0.25,0.8,2,11.7,62.1,13.4,46.3,3,5,67,31
0.4,0,240,0.05,0.55,0,69.5,69.9,23.8,31.9,2,5,119,38
0.4,0,240,0.05,0.55,1,55.3,52.1,18.6,35.5,2,5,93,33
0.4,0,240,0.05,0.55,2,76.3,62.1,16.0,43.8,3,5,80,35
0.4,0,240,0.05,0.65,0,69.5,69.9,24.0,31.7,2,5,120,38
0.4,0,240,0.05,0.65,1,55.3,52.1,18.6,35.5,2,5,93,33
0.4,0,240,0.05,0.65,2,76.3,62.1,16.0,43.8,3,5,80,35
0.4,0,240,0.05,0.8,0,69.5,69.9,24.0,31.7,2,5,120,38
0.4,0,240,0.05,0.8,1,55.3,52.1,18.6,35.5,2,5,93,33
0.4,0,240,0.05,0.8,2,76.3,62.1,16.0,43.8,3,5,80,35
0.4,0,240,0.15,0.55,0,69.5,69.9,23.8,31.9,2,5,119,38
0.4,0,240,0.15,0.55,1,55.3,52.1,18.6,35.5,2,5,93,33
0.4,0,240,0.15,0.55,2,76.3,62.1,16.0,43.8,3,5,80,35
0.4,0,240,0.15,0.65,0,69.5,69.9,24.0,31.7,2,5,120,38
0.4,0,240,0.15,0.65,1,55.3,52.1,18.6,35.5,2,5,93,33
0.4,0,240,0.15,0.65,2,76.3,62.1,16.0,43.8,3,5,80,35
0.4,0,240,0.15,0.8,0,69.5,69.9,24.0,31.7,2,5,120,38
0.4,0,240,0.15,0.8,1,55.3,52.1,18.6,35.5,2,5,93,33
0.4,0,240,0.15,0.8,2,76.3,62.1,16.0,43.8,3,5,80,35
0.4,0,240,0.25,0.55,0,69.5,69.9,23.2,32.8,2,5,116,38
0.4,0,240,0.25,0.55,1,6.3,52.1,18.0,35.6,2,5,90,32
0.4,0,240,0.25,0.55,2,27.2,62.1,15.4,44.2,3,5,77,34
0.4,0,240,0.25,0.65,0,69.5,69.9,23.4,32.5,2,5,117,38
0.4,0,240,0.25,0.65,1,6.3,52.1,18.0,35.6,2,5,90,32
0.4,0,240,0.25,0.65,2,27.2,62.1,15.4,44.2,3,5,77,34
0.4,0,240,0.25,0.8,0,69.5,69.9,23.4,32.5,2,5,117,38
0.4,0,240,0.25,0.8,1,6.3,52.1,18.0,35.6,2,5,90,32
0.4,0,240,0.25,0.8,2,27.2,62.1,15.4,44.2,3,5,77,34
0.4,30,180,0.05,0.55,0,10.7,69.9,17.8,31.5,2,5,89,28
0.4,30,180,0.05,0.55,1,62.6,50.2,14.2,38.0,2,5,71,27
0.4,30,180,0.05,0.55,2,72.5,60.2,12.0,43.3,2,4,60,26
0.4,30,180,0.05,0.65,0,10.7,69.9,18.0,31.1,2,5,90,28
0.4,30,180,0.05,0.65,1,62.6,50.2,14.2,38.0,2,5,71,27
0.4,30,180,0.05,0.65,2,72.5,60.2,12.0,43.3,2,4,60,26
0.4,30,180,0.05,0.8,0,10.7,69.9,18.0,31.1,2,5,90,28
0.4,30,180,0.05,0.8,1,62.6,50.2,14.2,38.0,2,5,71,27
0.4,30,180,0.05,0.8,2,72.5,60.2,12.0,43.3,2,4,60,26
0.4,30,180,0.15,0.55,0,10.7,69.9,17.8,31.5,2,5,89,28
0.4,30,180,0.15,0.55,1,62.6,50.2,14.2,38.0,2,5,71,27
0.4,30,180,0.15,0.55,2,72.5,60.2,12.0,43.3,2,4,60,26
0.4,30,180,0.15,0.65,0,10.7,69.9,18.0,31.1,2,5,90,28
0.4,30,180,0.15,0.65,1,62.6,50.2,14.2,38.0,2,5,71,27
0.4,30,180,0.15,0.65,2,72.5,60.2,12.0,43.3,2,4,60,26
0.4,30,180,0.15,0.8,0,10.7,69.9,18.0,31.1,2,5,90,28
0.4,30,180,0.15,0.8,1,62.6,50.2,14.2,38.0,2,5,71,27
0.4,30,180,0.15,0.8,2,72.5,60.2,12.0,43.3,2,4,60,26
0.4,30,180,0.25,0.55,0,10.7,69.9,17.4,32.2,2,5,87,28
0.4,30,180,0.25,0.55,1,13.6,50.2,13.8,37.7,2,5,69,26
0.4,30,180,0.25,0.55,2,23.5,60.2,11.6,43.1,2,4,58,25
0.4,30,180,0.25,0.65,0,10.7,69.9,17.6,31.8,2,5,88,28
0.4,30,180,0.25,0.65,1,13.6,50.2,13.8,37.7,2,5,69,26
0.4,30,180,0.25,0.65,2,23.5,60.2,11.6,43.1,2,4,58,25
0.4,30,180,0.25,0.8,0,10.7,69.9,17.6,31.8,2,5,88,28
0.4,30,180,0.25,0.8,1,13.6,50.2,13.8,37.7,2,5,69,26
0.4,30,180,0.25,0.8,2,23.5,60.2,11.6,43.1,2,4,58,25
0.4,30,210,0.05,0.55,0,56.8,69.9,20.6,33.0,2,5,103,34
0.4,30,210,0.05,0.55,1,60.7,42.1,16.2,37.0,2,5,81,30
0.4,30,210,0.05,0.55,2,60.6,60.2,13.6,44.1,2,4,68,30
0.4,30,210,0.05,0.65,0,56.8,69.9,20.8,32.7,2,5,104,34
0.4,30,210,0.05,0.65,1,60.7,42.1,16.2,37.0,2,5,81,30
0.4,30,210,0.05,0.65,2,60.6,60.2,13.6,44.1,2,4,68,30
0.4,30,210,0.05,0.8,0,56.8,69.9,20.8,32.7,2,5,104,34
0.4,30,210,0.05,0.8,1,60.7,42.1,16.2,37.0,2,5,81,30
0.4,30,210,0.05,0.8,2,60.6,60.2,13.6,44.1,2,4,68,30
0.4,30,210,0.15,0.55,0,56.8,69.9,20.6,33.0,2,5,103,34
0.4,30,210,0.15,0.55,1,60.7,42.1,16.2,37.0,2,5,81,30
0.4,30,210,0.15,0.55,2,60.6,60.2,13.6,44.1,2,4,68,30
0.4,30,210,0.15,0.65,0,56.8,69.9,20.8,32.7,2,5,104,34
0.4,30,210,0.15,0.65,1,60.7,42.1,16.2,37.0,2,5,81,30
0.4,30,210,0.15,0.65,2,60.6,60.2,13.6,44.1,2,4,68,30
0.4,30,210,0.15,0.8,0,56.8,69.9,20.8,32.7,2,5,104,34
0.4,30,210,0.15,0.8,1,60.7,42.1,16.2,37.0,2,5,81,30
0.4,30,210,0.15,0.8,2,60.6,60.2,13.6,44.1,2,4,68,30
0.4,30,210,0.25,0.55,0,56.8,69.9,20.0,34.0,2,5,100,34
0.4,30,210,0.25,0.55,1,11.7,42.1,15.6,37.2,2,5,78,29
0.4,30,210,0.25,0.55,2,11.6,60.2,13.0,44.6,2,4,65,29
0.4,30,210,0.25,0.65,0,56.8,69.9,20.2,33.7,2,5,101,34
0.4,30,210,0.25,0.65,1,11.7,42.1,15.6,37.2,2,5,78,29
0.4,30,210,0.25,0.65,2,11.6,60.2,13.0,44.6,2,4,65,29
0.4,30,210,0.25,0.8,0,56.8,69.9,20.2,33.7,2,5,101,34
0.4,30,210,0.25,0.8,1,11.7,42.1,15.6,37.2,2,5,78,29
0.4,30,210,0.25,0.8,2,11.6,60.2,13.0,44.6,2,4,65,29
0.4,30,240,0.05,0.55,0,61.4,69.9,23.2,31.0,2,5,116,36
0.4,30,240,0.05,0.55,1,65.3,42.1,18.2,35.2,2,5,91,32
0.4,30,240,0.05,0.55,2,76.2,60.2,15.6,42.3,2,4,78,33
0.4,30,240,0.05,0.65,0,61.4,69.9,23.4,30.8,2,5,117,36
0.4,30,240,0.05,0.65,1,65.3,42.1,18.2,35.2,2,5,91,32
0.4,30,240,0.05,0.65,2,76.2,60.2,15.6,42.3,2,4,78,33
0.4,30,240,0.05,0.8,0,61.4,69.9,23.4,30.8,2,5,117,36
0.4,30,240,0.05,0.8,1,65.3,42.1,18.2,35.2,2,5,91,32
0.4,30,240,0.05,0.8,2,76.2,60.2,15.6,42.3,2,4,78,33
0.4,30,240,0.15,0.55,0,61.4,69.9,23.2,31.0,2,5,116,36
0.4,30,240,0.15,0.55,1,65.3,42.1,18.2,35.2,2,5,91,32
0.4,30,240,0.15,0.55,2,76.2,60.2,15.6,42.3,2,4,78,33
0.4,30,240,0.15,0.65,0,61.4,69.9,23.4,30.8,2,5,117,36
0.4,30,240,0.15,0.65,1,65.3,42.1,18.2,35.2,2,5,91,32
0.4,30,240,0.15,0.65,2,76.2,60.2,15.6,42.3,2,4,78,33
0.4,30,240,0.15,0.8,0,61.4,69.9,23.4,30.8,2,5,117,36
0.4,30,240,0.15,0.8,1,65.3,42.1,18.2,35.2,2,5,91,32
0.4,30,240,0.15,0.8,2,76.2,60.2,15.6,42.3,2,4,78,33
0.4,30,240,0.25,0.55,0,61.4,69.9,22.6,31.9,2,5,113,36
0.4,30,240,0.25,0.55,1,16.3,42.1,17.6,35.2,2,5,88,31
0.4,30,240,0.25,0.55,2,27.1,60.2,15.0,42.7,2,4,75,32
0.4,30,240,0.25,0.65,0,61.4,69.9,22.8,31.6,2,5,114,36
0.4,30,240,0.25,0.65,1,16.3,42.1,17.6,35.2,2,5,88,31
0.4,30,240,0.25,0.65,2,27.1,60.2,15.0,42.7,2,4,75,32
0.4,30,240,0.25,0.8,0,61.4,69.9,22.8,31.6,2,5,114,36
0.4,30,240,0.25,0.8,1,16.3,42.1,17.6,35.2,2,5,88,31
0.4,30,240,0.25,0.8,2,27.1,60.2,15.0,42.7,2,4,75,32
0.4,60,180,0.05,0.55,0,27.6,69.9,16.4,29.3,2,5,82,24
0.4,60,180,0.05,0.55,1,93.5,40.2,13.6,35.3,2,5,68,24
0.4,60,180,0.05,0.55,2,83.5,60.2,11.6,43.1,2,4,58,25
0.4,60,180,0.05,0.65,0,27.6,69.9,16.6,28.9,2,5,83,24
0.4,60,180,0.05,0.65,1,93.5,40.2,13.6,35.3,2,5,68,24
0.4,60,180,0.05,0.65,2,83.5,60.2,11.6,43.1,2,4,58,25
0.4,60,180,0.05,0.8,0,27.6,69.9,16.6,28.9,2,5,83,24
0.4,60,180,0.05,0.8,1,93.5,40.2,13.6,35.3,2,5,68,24
0.4,60,180,0.05,0.8,2,83.5,60.2,11.6,43.1,2,4,58,25
0.4,60,180,0.15,0.55,0,27.6,69.9,16.4,29.3,2,5,82,24
0.4,60,180,0.15,0.55,1,93.5,40.2,13.6,35.3,2,5,68,24
0.4,60,180,0.15,0.55,2,83.5,60.2,11.6,43.1,2,4,58,25
0.4,60,180,0.15,0.65,0,27.6,69.9,16.6,28.9,2,5,83,24
0.4,60,180,0.15,0.65,1,93.5,40.2,13.6,35.3,2,5,68,24
0.4,60,180,0.15,0.65,2,83.5,60.2,11.6,43.1,2,4,58,25
0.4,60,180,0.15,0.8,0,27.6,69.9,16.6,28.9,2,5,83,24
0.4,60,180,0.15,0.8,1,93.5,40.2,13.6,35.3,2,5,68,24
0.4,60,180,0.15,0.8,2,83.5,60.2,11.6,43.1,2,4,58,25
0.4,60,180,0.25,0.55,0,27.6,69.9,16.0,30.0,2,5,80,24
0.4,60,180,0.25,0.55,1,44.5,40.2,13.2,34.8,2,5,66,23
0.4,60,180,0.25,0.55,2,34.4,60.2,11.2,42.9,2,4,56,24
0.4,60,180,0.25,0.65,0,27.6,69.9,16.2,29.6,2,5,81,24
0.4,60,180,0.25,0.65,1,44.5,40.2,13.2,34.8,2,5,66,23
0.4,60,180,0.25,0.65,2,34.4,60.2,11.2,42.9,2,4,56,24
0.4,60,180,0.25,0.8,0,27.6,69.9,16.2,29.6,2,5,81,24
0.4,60,180,0.25,0.8,1,44.5,40.2,13.2,34.8,2,5,66,23
0.4,60,180,0.25,0.8,2,34.4,60.2,11.2,42.9,2,4,56,24
0.4,60,210,0.05,0.55,0,73.7,69.9,19.2,31.2,2,5,96,30
0.4,60,210,0.05,0.55,1,91.6,40.2,15.6,34.6,2,5,78,27
0.4,60,210,0.05,0.55,2,71.6,60.2,13.2,43.9,2,4,66,29
0.4,60,210,0.05,0.65,0,73.7,69.9,19.4,30.9,2,5,97,30
0.4,60,210,0.05,0.65,1,91.6,40.2,15.6,34.6,2,5,78,27
0.4,60,210,0.05,0.65,2,71.6,60.2,13.2,43.9,2,4,66,29
0.4,60,210,0.05,0.8,0,73.7,69.9,19.4,30.9,2,5,97,30
0.4,60,210,0.05,0.8,1,91.6,40.2,15.6,34.6,2,5,78,27
0.4,60,210,0.05,0.8,2,71.6,60.2,13.2,43.9,2,4,66,29
0.4,60,210,0.15,0.55,0,73.7,69.9,19.2,31.2,2,5,96,30
0.4,60,210,0.15,0.55,1,91.6,40.2,15.6,34.6,2,5,78,27
0.4,60,210,0.15,0.55,2,71.6,60.2,13.2,43.9,2,4,66,29
0.4,60,210,0.15,0.65,0,73.7,69.9,19.4,30.9,2,5,97,30
0.4,60,210,0.15,0.65,1,91.6,40.2,15.6,34.6,2,5,78,27
0.4,60,210,0.15,0.65,2,71.6,60.2,13.2,43.9,2,4,66,29
0.4,60,210,0.15,0.8,0,73.7,69.9,19.4,30.9,2,5,97,30
0.4,60,210,0.15,0.8,1,91.6,40.2,15.6,34.6,2,5,78,27
0.4,60,210,0.15,0.8,2,71.6,60.2,13.2,43.9,2,4,66,29
0.4,60,210,0.25,0.55,0,73.7,69.9,18.6,32.3,2,5,93,30
0.4,60,210,0.25,0.55,1,42.6,40.2,15.0,34.7,2,5,75,26
0.4,60,210,0.25,0.55,2,22.5,60.2,12.6,44.4,2,4,63,28
0.4,60,210,0.25,0.65,0,73.7,69.9,18.8,31.9,2,5,94,30
0.4,60,210,0.25,0.65,1,42.6,40.2,15.0,34.7,2,5,75,26
0.4,60,210,0.25,0.65,2,22.5,60.2,12.6,44.4,2,4,63,28
0.4,60,210,0.25,0.8,0,73.7,69.9,18.8,31.9,2,5,94,30
0.4,60,210,0.25,0.8,1,42.6,40.2,15.0,34.7,2,5,75,26
0.4,60,210,0.25,0.8,2,22.5,60.2,12.6,44.4,2,4,63,28
0.4,60,240,0.05,0.55,0,78.3,69.9,21.8,29.4,2,5,109,32
0.4,60,240,0.05,0.55,1,96.2,40.2,17.6,33.0,2,5,88,29
0.4,60,240,0.05,0.55,2,87.1,60.2,15.2,42.1,2,4,76,32
0.4,60,240,0.05,0.65,0,78.3,69.9,22.0,29.1,2,5,110,32
0.4,60,240,0.05,0.65,1,96.2,40.2,17.6,33.0,2,5,88,29
0.4,60,240,0.05,0.65,2,87.1,60.2,15.2,42.1,2,4,76,32
0.4,60,240,0.05,0.8,0,78.3,69.9,22.0,29.1,2,5,110,32
0.4,60,240,0.05,0.8,1,96.2,40.2,17.6,33.0,2,5,88,29
0.4,60,240,0.05,0.8,2,87.1,60.2,15.2,42.1,2,4,76,32
0.4,60,240,0.15,0.55,0,78.3,69.9,21.8,29.4,2,5,109,32
0.4,60,240,0.15,0.55,1,96.2,40.2,17.6,33.0,2,5,88,29
0.4,60,240,0.15,0.55,2,87.1,60.2,15.2,42.1,2,4,76,32
0.4,60,240,0.15,0.65,0,78.3,69.9,22.0,29.1,2,5,110,32
0.4,60,240,0.15,0.65,1,96.2,40.2,17.6,33.0,2,5,88,29
0.4,60,240,0.15,0.65,2,87.1,60.2,15.2,42.1,2,4,76,32
0.4,60,240,0.15,0.8,0,78.3,69.9,22.0,29.1,2,5,110,32
0.4,60,240,0.15,0.8,1,96.2,40.2,17.6,33.0,2,5,88,29
0.4,60,240,0.15,0.8,2,87.1,60.2,15.2,42.1,2,4,76,32
0.4,60,240,0.25,0.55,0,78.3,69.9,21.2,30.2,2,5,106,32
0.4,60,240,0.25,0.55,1,47.2,40.2,17.0,32.9,2,5,85,28
0.4,60,240,0.25,0.55,2,38.1,60.2,14.6,42.5,2,4,73,31
0.4,60,240,0.25,0.65,0,78.3,69.9,21.4,29.9,2,5,107,32
0.4,60,240,0.25,0.65,1,47.2,40.2,17.0,32.9,2,5,85,28
0.4,60,240,0.25,0.65,2,38.1,60.2,14.6,42.5,2,4,73,31
0.4,60,240,0.25,0.8,0,78.3,69.9,21.4,29.9,2,5,107,32
0.4,60,240,0.25,0.8,1,47.2,40.2,17.0,32.9,2,5,85,28
0.4,60,240,0.25,0.8,2,38.1,60.2,14.6,42.5,2,4,73,31
0.4,90,180,0.05,0.55,0,63.6,69.9,15.0,36.0,3,5,75,27
0.4,90,180,0.05,0.55,1,74.6,48.3,12.8,39.1,2,5,64,25
0.4,90,180,0.05,0.55,2,74.1,40.2,10.8,42.6,2,4,54,23
0.4,90,180,0.05,0.65,0,63.6,69.9,15.2,35.5,3,5,76,27
0.4,90,180,0.05,0.65,1,74.6,48.3,12.8,39.1,2,5,64,25
0.4,90,180,0.05,0.65,2,74.1,40.2,10.8,42.6,2,4,54,23
0.4,90,180,0.05,0.8,0,63.6,69.9,15.2,35.5,3,5,76,27
0.4,90,180,0.05,0.8,1,74.6,48.3,12.8,39.1,2,5,64,25
0.4,90,180,0.05,0.8,2,74.1,40.2,10.8,42.6,2,4,54,23
0.4,90,180,0.15,0.55,0,63.6,69.9,15.0,36.0,3,5,75,27
0.4,90,180,0.15,0.55,1,74.6,48.3,12.8,39.1,2,5,64,25
0.4,90,180,0.15,0.55,2,74.1,40.2,10.8,42.6,2,4,54,23
0.4,90,180,0.15,0.65,0,63.6,69.9,15.2,35.5,3,5,76,27
0.4,90,180,0.15,0.65,1,74.6,48.3,12.8,39.1,2,5,64,25
0.4,90,180,0.15,0.65,2,74.1,40.2,10.8,42.6,2,4,54,23
0.4,90,180,0.15,0.8,0,63.6,69.9,15.2,35.5,3,5,76,27
0.4,90,180,0.15,0.8,1,74.6,48.3,12.8,39.1,2,5,64,25
0.4,90,180,0.15,0.8,2,74.1,40.2,10.8,42.6,2,4,54,23
0.4,90,180,0.25,0.55,0,63.6,69.9,14.6,37.0,3,5,73,27
0.4,90,180,0.25,0.55,1,25.6,48.3,12.4,38.7,2,5,62,24
0.4,90,180,0.25,0.55,2,25.1,40.2,10.4,42.3,2,4,52,22
0.4,90,180,0.25,0.65,0,63.6,69.9,14.8,36.5,3,5,74,27
0.4,90,180,0.25,0.65,1,25.6,48.3,12.4,38.7,2,5,62,24
0.4,90,180,0.25,0.65,2,25.1,40.2,10.4,42.3,2,4,52,22
0.4,90,180,0.25,0.8,0,63.6,69.9,14.8,36.5,3,5,74,27
0.4,90,180,0.25,0.8,1,25.6,48.3,12.4,38.7,2,5,62,24
0.4,90,180,0.25,0.8,2,25.1,40.2,10.4,42.3,2,4,52,22
0.4,90,210,0.05,0.55,0,109.7,69.9,17.8,37.1,2,5,89,33
0.4,90,210,0.05,0.55,1,72.7,40.2,14.8,37.8,2,5,74,28
0.4,90,210,0.05,0.55,2,62.2,40.2,12.4,43.5,2,4,62,27
0.4,90,210,0.05,0.65,0,109.7,69.9,18.0,36.7,2,5,90,33
0.4,90,210,0.05,0.65,1,72.7,40.2,14.8,37.8,2,5,74,28
0.4,90,210,0.05,0.65,2,62.2,40.2,12.4,43.5,2,4,62,27
0.4,90,210,0.05,0.8,0,109.7,69.9,18.0,36.7,2,5,90,33
0.4,90,210,0.05,0.8,1,72.7,40.2,14.8,37.8,2,5,74,28
0.4,90,210,0.05,0.8,2,62.2,40.2,12.4,43.5,2,4,62,27
0.4,90,210,0.15,0.55,0,109.7,69.9,17.8,37.1,2,5,89,33
0.4,90,210,0.15,0.55,1,72.7,40.2,14.8,37.8,2,5,74,28
0.4,90,210,0.15,0.55,2,62.2,40.2,12.4,43.5,2,4,62,27
0.4,90,210,0.15,0.65,0,109.7,69.9,18.0,36.7,2,5,90,33
0.4,90,210,0.15,0.65,1,72.7,40.2,14.8,37.8,2,5,74,28
0.4,90,210,0.15,0.65,2,62.2,40.2,12.4,43.5,2,4,62,27
0.4,90,210,0.15,0.8,0,109.7,69.9,18.0,36.7,2,5,90,33
0.4,90,210,0.15,0.8,1,72.7,40.2,14.8,37.8,2,5,74,28
0.4,90,210,0.15,0.8,2,62.2,40.2,12.4,43.5,2,4,62,27
0.4,90,210,0.25,0.55,0,109.7,69.9,17.2,38.4,2,5,86,33
0.4,90,210,0.25,0.55,1,23.7,40.2,14.2,38.0,2,5,71,27
0.4,90,210,0.25,0.55,2,13.2,51.9,11.8,44.1,2,4,59,26
0.4,90,210,0.25,0.65,0,109.7,69.9,17.4,37.9,2,5,87,33
0.4,90,210,0.25,0.65,1,23.7,40.2,14.2,38.0,2,5,71,27
0.4,90,210,0.25,0.65,2,13.2,51.9,11.8,44.1,2,4,59,26
0.4,90,210,0.25,0.8,0,109.7,69.9,17.4,37.9,2,5,87,33
0.4,90,210,0.25,0.8,1,23.7,40.2,14.2,38.0,2,5,71,27
0.4,90,210,0.25,0.8,2,13.2,51.9,11.8,44.1,2,4,59,26
0.4,90,240,0.05,0.55,0,114.3,69.9,20.4,34.3,2,5,102,35
0.4,90,240,0.05,0.55,1,77.3,40.2,16.8,35.7,2,5,84,30
0.4,90,240,0.05,0.55,2,77.8,40.2,14.4,41.7,2,4,72,30
0.4,90,240,0.05,0.65,0,114.3,69.9,20.6,34.0,2,5,103,35
0.4,90,240,0.05,0.65,1,77.3,40.2,16.8,35.7,2,5,84,30
0.4,90,240,0.05,0.65,2,77.8,40.2,14.4,41.7,2,4,72,30
0.4,90,240,0.05,0.8,0,114.3,69.9,20.6,34.0,2,5,103,35
0.4,90,240,0.05,0.8,1,77.3,40.2,16.8,35.7,2,5,84,30
0.4,90,240,0.05,0.8,2,77.8,40.2,14.4,41.7,2,4,72,30
0.4,90,240,0.15,0.55,0,114.3,69.9,20.4,34.3,2,5,102,35
0.4,90,240,0.15,0.55,1,77.3,40.2,16.8,35.7,2,5,84,30
0.4,90,240,0.15,0.55,2,77.8,40.2,14.4,41.7,2,4,72,30
0.4,90,240,0.15,0.65,0,114.3,69.9,20.6,34.0,2,5,103,35
0.4,90,240,0.15,0.65,1,77.3,40.2,16.8,35.7,2,5,84,30
0.4,90,240,0.15,0.65,2,77.8,40.2,14.4,41.7,2,4,72,30
0.4,90,240,0.15,0.8,0,114.3,69.9,20.6,34.0,2,5,103,35
0.4,90,240,0.15,0.8,1,77.3,40.2,16.8,35.7,2,5,84,30
0.4,90,240,0.15,0.8,2,77.8,40.2,14.4,41.7,2,4,72,30
0.4,90,240,0.25,0.55,0,114.3,69.9,19.8,35.4,2,5,99,35
0.4,90,240,0.25,0.55,1,28.3,42.0,16.2,35.8,2,5,81,29
0.4,90,240,0.25,0.55,2,28.8,51.9,13.8,42.0,2,4,69,29
0.4,90,240,0.25,0.65,0,114.3,69.9,20.0,35.0,2,5,100,35
0.4,90,240,0.25,0.65,1,28.3,42.0,16.2,35.8,2,5,81,29
0.4,90,240,0.25,0.65,2,28.8,51.9,13.8,42.0,2,4,69,29
0.4,90,240,0.25,0.8,0,114.3,69.9,20.0,35.0,2,5,100,35
0.4,90,240,0.25,0.8,1,28.3,42.0,16.2,35.8,2,5,81,29
0.4,90,240,0.25,0.8,2,28.8,51.9,13.8,42.0,2,4,69,29
