candle_epoch,arm,sec,side,ask,filled_shares,pnl_usd_at10,source
1790253000,FAV_all,66,DOWN,0.66,14.588382,4.588382,history
1790253300,FAV_all,60,DOWN,0.72,13.6219,3.6219,history
1790253600,FAV_all,60,UP,0.73,13.444529,3.444529,history
1790253600,FAV_mid,60,UP,0.73,13.444529,3.444529,history
1790253600,FAV_ref,60,UP,0.73,13.444529,3.444529,history
1790254200,FAV_all,60,DOWN,0.74,13.271964,3.271964,history
1790254200,FAV_mid,60,DOWN,0.74,13.271964,3.271964,history
1790254500,FAV_all,60,UP,0.83,11.906505,1.906505,history
1790254500,FAV_mid,60,UP,0.83,11.906505,1.906505,history
1790254800,FAV_all,60,UP,0.69,14.18494,4.18494,history
1790254800,FAV_mid,60,UP,0.69,14.18494,4.18494,history
1790255100,FAV_all,60,DOWN,0.65,14.799292,4.799292,history
1790255700,FAV_all,73,UP,0.65,15.016706,5.016706,history
1790255700,FAV_mid,73,UP,0.65,15.016706,5.016706,history
1790256000,FAV_all,67,UP,0.82,12.043375,-10.0,history
1790256000,FAV_mid,67,UP,0.82,12.043375,-10.0,history
1790256300,FAV_all,60,UP,0.71,13.80428,-10.0,history
1790256900,FAV_all,60,DOWN,0.74,13.271964,-10.0,history
1790258700,FAV_all,60,DOWN,0.65,15.240929,-10.0,history
1790259000,FAV_all,75,DOWN,0.67,14.588382,4.588382,history
1790259300,FAV_all,60,DOWN,0.84,11.772905,-10.0,history
1790260200,FAV_all,60,DOWN,0.77,12.626071,2.626071,history
1790260500,FAV_all,62,DOWN,0.65,15.016706,5.016706,history
1790260800,FAV_all,60,UP,0.73,13.444529,-10.0,history
1790261400,FAV_all,60,DOWN,0.81,12.183637,2.183637,history
1790261700,FAV_all,62,UP,0.66,15.016706,-10.0,history
1790262000,FAV_all,62,UP,0.65,15.016706,5.016706,history
1790262300,FAV_all,60,UP,0.68,14.383688,4.383688,history
1790262600,FAV_all,60,DOWN,0.77,12.781235,-10.0,history
1790263500,FAV_all,60,DOWN,0.73,13.6219,3.6219,history
1790264100,FAV_all,60,UP,0.81,12.327416,2.327416,history
1790264400,FAV_all,98,UP,0.65,15.472284,5.472284,history
1790264700,FAV_all,87,DOWN,0.66,14.799292,4.799292,history
1790265000,FAV_all,112,UP,0.66,14.799292,4.799292,history
1790265300,FAV_all,62,UP,0.67,14.588382,4.588382,history
1790265600,FAV_all,80,DOWN,0.83,11.906505,1.906505,history
1790265600,FAV_mid,80,DOWN,0.83,11.906505,1.906505,history
1790265900,FAV_all,65,UP,0.66,14.799292,-10.0,history
1790266200,FAV_all,60,DOWN,0.68,14.383688,4.383688,history
1790266200,FAV_mid,60,DOWN,0.68,14.383688,4.383688,history
1790267100,FAV_all,60,DOWN,0.73,14.383688,-10.0,history
1790267400,FAV_all,60,DOWN,0.73,13.6219,3.6219,history
1790268000,FAV_all,60,UP,0.85,11.64246,-10.0,history
1790268300,FAV_all,60,DOWN,0.77,12.781235,-10.0,history
1790268600,FAV_all,60,DOWN,0.77,12.781235,2.781235,history
1790269200,FAV_all,60,DOWN,0.8,12.474848,2.474848,history
1790269200,FAV_mid,60,DOWN,0.8,12.474848,2.474848,history
1790270100,FAV_all,77,UP,0.65,15.016706,-10.0,history
1790270400,FAV_all,60,DOWN,0.72,13.444529,3.444529,history
1790270700,FAV_all,60,DOWN,0.65,15.016706,-10.0,history
1790271000,FAV_all,60,UP,0.73,13.6219,3.6219,history
1790271000,FAV_mid,60,UP,0.73,13.6219,3.6219,history
1790271300,FAV_all,60,DOWN,0.8,12.327416,2.327416,history
1790271300,FAV_mid,60,DOWN,0.8,12.327416,2.327416,history
1790271600,FAV_all,69,DOWN,0.65,15.240929,5.240929,history
1790271600,FAV_mid,69,DOWN,0.65,15.240929,5.240929,history
1790271900,FAV_all,60,UP,0.65,15.240929,5.240929,history
1790272200,FAV_all,100,DOWN,0.68,14.383688,4.383688,history
1790272200,FAV_mid,100,DOWN,0.68,14.383688,4.383688,history
1790272500,FAV_all,60,DOWN,0.69,14.18494,-10.0,history
1790273100,FAV_all,60,UP,0.79,12.474848,2.474848,history
1790273400,FAV_all,60,UP,0.74,13.6219,3.6219,history
1790273700,FAV_all,60,UP,0.79,12.940494,2.940494,history
1790273700,FAV_mid,60,UP,0.79,12.940494,2.940494,history
1790274000,FAV_all,71,UP,0.65,15.016706,5.016706,history
1790274600,FAV_all,68,DOWN,0.65,15.016706,5.016706,history
1790274900,FAV_all,96,DOWN,0.82,12.327416,-10.0,history
1790274900,FAV_mid,96,DOWN,0.82,12.327416,-10.0,history
1790275200,FAV_all,60,DOWN,0.82,12.043375,2.043375,history
1790275500,FAV_all,95,DOWN,0.67,14.588382,4.588382,history
1790275500,FAV_mid,95,DOWN,0.67,14.588382,4.588382,history
1790275800,FAV_all,61,UP,0.85,11.772905,1.772905,history
1790275800,FAV_mid,61,UP,0.85,11.772905,1.772905,history
1790276100,FAV_all,60,UP,0.76,12.940494,2.940494,history
1790277000,FAV_all,63,UP,0.66,14.799292,4.799292,history
1790277300,FAV_all,60,DOWN,0.81,12.183637,2.183637,history
1790277300,FAV_mid,60,DOWN,0.81,12.183637,2.183637,history
1790277600,FAV_all,73,DOWN,0.65,15.016706,-10.0,history
1790277600,FAV_mid,73,DOWN,0.65,15.016706,-10.0,history
1790277900,FAV_all,60,UP,0.66,14.799292,4.799292,history
1790277900,FAV_mid,60,UP,0.66,14.799292,4.799292,history
1790278800,FAV_all,60,DOWN,0.85,11.515059,1.515059,history
1790278800,FAV_mid,60,DOWN,0.85,11.515059,1.515059,history
1790279400,FAV_all,60,UP,0.83,11.906505,1.906505,history
1790279400,FAV_mid,60,UP,0.83,11.906505,1.906505,history
1790279700,FAV_all,60,DOWN,0.67,14.588382,4.588382,history
1790279700,FAV_mid,60,DOWN,0.67,14.588382,4.588382,history
1790280000,FAV_all,63,DOWN,0.66,14.799292,-10.0,history
1790280300,FAV_all,60,DOWN,0.82,12.043375,2.043375,history
1790280600,FAV_all,68,DOWN,0.65,14.799292,4.799292,history
1790280600,FAV_mid,68,DOWN,0.65,14.799292,4.799292,history
1790281800,FAV_all,60,DOWN,0.66,14.799292,4.799292,history
1790281800,FAV_mid,60,DOWN,0.66,14.799292,4.799292,history
1790282100,FAV,60,UP,0.78,12.626071,2.626071,history
1790282100,FAV_all,60,UP,0.78,12.626071,2.626071,history
1790282100,FAV_ref,60,UP,0.78,12.626071,2.626071,history
1790283300,FAV,79,DOWN,0.85,11.64246,1.64246,history
1790283300,FAV_all,79,DOWN,0.85,11.64246,1.64246,history
1790283300,FAV_ref,79,DOWN,0.85,11.64246,1.64246,history
1790283600,FAV_all,60,UP,0.69,14.18494,-10.0,history
1790283600,FAV_mid,60,UP,0.69,14.18494,-10.0,history
1790283900,FAV_all,79,DOWN,0.66,14.588382,-10.0,history
1790283900,FAV_mid,79,DOWN,0.66,14.588382,-10.0,history
1790284500,FAV,60,UP,0.84,11.906505,1.906505,history
1790284500,FAV_all,60,UP,0.84,11.906505,1.906505,history
1790284500,FAV_ref,60,UP,0.84,11.906505,1.906505,history
1790285100,FAV,60,UP,0.67,14.588382,4.588382,history
1790285100,FAV_all,60,UP,0.67,14.588382,4.588382,history
1790285100,FAV_ref,60,UP,0.67,14.588382,4.588382,history
1790285700,FAV,114,UP,0.65,15.016706,-10.0,history
1790285700,FAV_all,114,UP,0.65,15.016706,-10.0,history
1790285700,FAV_ref,114,UP,0.65,15.016706,-10.0,history
1790286000,FAV,64,UP,0.7,13.991885,3.991885,history
1790286000,FAV_all,64,UP,0.7,13.991885,3.991885,history
1790286000,FAV_ref,64,UP,0.7,13.991885,3.991885,history
1790286300,FAV,60,DOWN,0.67,14.383688,4.383688,history
1790286300,FAV_all,60,DOWN,0.67,14.383688,4.383688,history
1790286600,FAV_all,100,UP,0.65,15.016706,-10.0,history
1790286600,FAV_mid,100,UP,0.65,15.016706,-10.0,history
1790286600,FAV_ref,100,UP,0.65,15.016706,-10.0,history
1790286900,FAV,60,DOWN,0.81,12.183637,2.183637,history
1790286900,FAV_all,60,DOWN,0.81,12.183637,2.183637,history
1790286900,FAV_ref,60,DOWN,0.81,12.183637,2.183637,history
1790287200,FAV,60,DOWN,0.84,11.772905,-10.0,history
1790287200,FAV_all,60,DOWN,0.84,11.772905,-10.0,history
1790287200,FAV_ref,60,DOWN,0.84,11.772905,-10.0,history
1790287500,FAV_all,73,DOWN,0.85,11.64246,1.64246,history
1790287500,FAV_mid,73,DOWN,0.85,11.64246,1.64246,history
1790287800,FAV_all,148,UP,0.69,14.383688,4.383688,history
1790287800,FAV_mid,148,UP,0.69,14.383688,4.383688,history
1790288100,FAV,77,DOWN,0.71,13.80428,3.80428,history
1790288100,FAV_all,77,DOWN,0.71,13.80428,3.80428,history
1790288100,FAV_ref,77,DOWN,0.71,13.80428,3.80428,history
1790288700,FAV_all,67,UP,0.85,11.64246,1.64246,history
1790289000,FAV_all,62,UP,0.68,14.383688,4.383688,history
1790289000,FAV_mid,62,UP,0.68,14.383688,4.383688,history
1790289300,FAV,60,DOWN,0.74,13.104013,3.104013,history
1790289300,FAV_all,60,DOWN,0.74,13.104013,3.104013,history
1790289600,FAV,60,DOWN,0.75,13.104013,-10.0,history
1790289600,FAV_all,60,DOWN,0.75,13.104013,-10.0,history
1790289600,FAV_ref,60,DOWN,0.75,13.104013,-10.0,history
1790289900,FAV_all,60,UP,0.65,15.016706,5.016706,history
1790289900,FAV_mid,60,UP,0.65,15.016706,5.016706,history
1790290200,FAV,143,UP,0.65,15.016706,5.016706,history
1790290200,FAV_all,143,UP,0.65,15.016706,5.016706,history
1790290200,FAV_ref,143,UP,0.65,15.016706,5.016706,history
1790290800,FAV,60,UP,0.78,12.626071,2.626071,history
1790290800,FAV_all,60,UP,0.78,12.626071,2.626071,history
1790290800,FAV_ref,60,UP,0.78,12.626071,2.626071,history
1790291100,FAV,60,UP,0.78,12.626071,2.626071,history
1790291100,FAV_all,60,UP,0.78,12.626071,2.626071,history
1790291100,FAV_ref,60,UP,0.78,12.626071,2.626071,history
1790291700,FAV_all,78,UP,0.68,14.383688,4.383688,history
1790291700,FAV_mid,78,UP,0.68,14.383688,4.383688,history
1790292000,FAV,68,UP,0.72,16.476283,6.476283,history
1790292000,FAV_all,68,UP,0.72,16.476283,6.476283,history
1790292000,FAV_ref,68,UP,0.72,16.476283,6.476283,history
1790292300,FAV,60,UP,0.68,14.588382,4.588382,history
1790292300,FAV_all,60,UP,0.68,14.588382,4.588382,history
1790292300,FAV_ref,60,UP,0.68,14.588382,4.588382,history
1790292600,FAV,135,UP,0.65,15.016706,5.016706,history
1790292600,FAV_all,135,UP,0.65,15.016706,5.016706,history
1790292600,FAV_ref,135,UP,0.65,15.016706,5.016706,history
1790292900,FAV,60,UP,0.67,14.588382,4.588382,history
1790292900,FAV_all,60,UP,0.67,14.588382,4.588382,history
1790292900,FAV_ref,60,UP,0.67,14.588382,4.588382,history
1790293200,FAV,61,DOWN,0.65,15.016706,5.016706,history
1790293200,FAV_all,61,DOWN,0.65,15.016706,5.016706,history
1790293200,FAV_ref,61,DOWN,0.65,15.016706,5.016706,history
1790293500,FAV,62,DOWN,0.66,14.799292,4.799292,history
1790293500,FAV_all,62,DOWN,0.66,14.799292,4.799292,history
1790293500,FAV_ref,62,DOWN,0.66,14.799292,4.799292,history
1790293800,FAV,60,UP,0.82,13.80428,3.80428,history
1790293800,FAV_all,60,UP,0.82,13.80428,3.80428,history
1790293800,FAV_ref,60,UP,0.82,13.80428,3.80428,history
1790294100,FAV,117,UP,0.65,15.016706,5.016706,history
1790294100,FAV_all,117,UP,0.65,15.016706,5.016706,history
1790294100,FAV_ref,117,UP,0.65,15.016706,5.016706,history
1790294400,FAV,60,UP,0.73,13.444529,3.444529,history
1790294400,FAV_all,60,UP,0.73,13.444529,3.444529,history
1790294400,FAV_ref,60,UP,0.73,13.444529,3.444529,history
1790294700,FAV,60,UP,0.82,12.043375,2.043375,history
1790294700,FAV_all,60,UP,0.82,12.043375,2.043375,history
1790294700,FAV_ref,60,UP,0.82,12.043375,2.043375,history
1790295000,FAV_all,60,DOWN,0.83,12.043375,2.043375,history
1790295300,FAV_all,60,DOWN,0.72,13.6219,3.6219,history
1790295300,FAV_mid,60,DOWN,0.72,13.6219,3.6219,history
1790295600,FAV_all,60,UP,0.75,13.104013,3.104013,history
1790295600,FAV_mid,60,UP,0.75,13.104013,3.104013,history
1790295900,FAV,72,UP,0.65,15.016706,5.016706,history
1790295900,FAV_all,72,UP,0.65,15.016706,5.016706,history
1790295900,FAV_ref,72,UP,0.65,15.016706,5.016706,history
1790296500,FAV_all,60,DOWN,0.79,12.474848,2.474848,history
1790296500,FAV_mid,60,DOWN,0.79,12.474848,2.474848,history
1790296800,FAV_all,60,UP,0.79,12.474848,2.474848,history
1790297100,FAV_all,60,DOWN,0.65,15.016706,-10.0,history
1790297100,FAV_mid,60,DOWN,0.65,15.016706,-10.0,history
1790297400,FAV_all,60,DOWN,0.74,13.444529,-10.0,history
1790297400,FAV_mid,60,DOWN,0.74,13.444529,-10.0,history
1790298000,FAV_all,60,UP,0.66,15.016706,5.016706,history
1790298000,FAV_mid,60,UP,0.66,15.016706,5.016706,history
1790298300,FAV_all,61,DOWN,0.65,15.240929,-10.0,history
1790298300,FAV_mid,61,DOWN,0.65,15.240929,-10.0,history
1790298600,FAV_all,75,UP,0.67,14.588382,4.588382,history
1790298600,FAV_mid,75,UP,0.67,14.588382,4.588382,history
1790298900,FAV_all,60,DOWN,0.65,14.799292,4.799292,history
1790298900,FAV_mid,60,DOWN,0.65,14.799292,4.799292,history
1790299200,FAV_all,60,DOWN,0.79,12.474848,2.474848,history
1790299200,FAV_mid,60,DOWN,0.79,12.474848,2.474848,history
1790299500,FAV_all,60,DOWN,0.82,12.043375,2.043375,history
1790299500,FAV_mid,60,DOWN,0.82,12.043375,2.043375,history
1790299800,FAV_all,134,DOWN,0.84,11.772905,1.772905,history
1790299800,FAV_mid,134,DOWN,0.84,11.772905,1.772905,history
1790300100,FAV_all,77,DOWN,0.66,14.799292,-10.0,history
1790300700,FAV,77,UP,0.67,14.383688,4.383688,history
1790300700,FAV_all,77,UP,0.67,14.383688,4.383688,history
1790300700,FAV_ref,77,UP,0.67,14.383688,4.383688,history
1790301000,FAV_all,60,UP,0.65,15.016706,5.016706,history
1790301000,FAV_mid,60,UP,0.65,15.016706,5.016706,history
1790301300,FAV_all,60,DOWN,0.7,13.991885,-10.0,history
1790301300,FAV_mid,60,DOWN,0.7,13.991885,-10.0,history
1790301600,FAV,101,UP,0.69,14.588382,4.588382,history
1790301600,FAV_all,101,UP,0.69,14.588382,4.588382,history
1790301900,FAV_all,60,UP,0.68,14.383688,-10.0,history
1790302200,FAV_all,60,UP,0.83,11.906505,1.906505,history
1790302500,FAV_all,60,DOWN,0.8,12.183637,-10.0,history
1790302500,FAV_mid,60,DOWN,0.8,12.183637,-10.0,history
1790302800,FAV_all,60,DOWN,0.7,15.957795,5.957795,history
1790303400,FAV_all,60,UP,0.65,15.016706,-10.0,history
1790303400,FAV_mid,60,UP,0.65,15.016706,-10.0,history
1790303700,FAV_all,60,DOWN,0.74,13.271964,3.271964,history
1790303700,FAV_mid,60,DOWN,0.74,13.271964,3.271964,history
1790304000,FAV_all,60,DOWN,0.7,13.991885,-10.0,history
1790304000,FAV_mid,60,DOWN,0.7,13.991885,-10.0,history
1790304300,FAV_all,60,DOWN,0.77,12.626071,2.626071,history
1790304300,FAV_mid,60,DOWN,0.77,12.626071,2.626071,history
1790304600,FAV_all,60,DOWN,0.81,12.183637,2.183637,history
1790304900,FAV_all,136,UP,0.66,15.711117,-10.0,history
1790305500,FAV_all,60,UP,0.82,12.043375,2.043375,history
1790305500,FAV_mid,60,UP,0.82,12.043375,2.043375,history
1790305800,FAV_all,88,UP,0.67,17.03122,-10.0,history
1790305800,FAV_mid,88,UP,0.67,17.03122,-10.0,history
1790305800,FAV_ref,88,UP,0.67,17.03122,-10.0,history
1790306100,FAV_all,96,UP,0.72,16.212711,-10.0,history
1790306400,FAV_all,60,UP,0.7,13.991885,3.991885,history
1790306700,FAV,104,UP,0.68,14.18494,-10.0,history
1790306700,FAV_all,104,UP,0.68,14.18494,-10.0,history
1790306700,FAV_ref,104,UP,0.68,14.18494,-10.0,history
1790307000,FAV,62,DOWN,0.84,11.772905,-10.0,history
1790307000,FAV_all,62,DOWN,0.84,11.772905,-10.0,history
1790307300,FAV_all,132,UP,0.7,13.80428,3.80428,history
1790307300,FAV_mid,132,UP,0.7,13.80428,3.80428,history
1790307600,FAV,64,DOWN,0.65,14.799292,4.799292,history
1790307600,FAV_all,64,DOWN,0.65,14.799292,4.799292,history
1790307600,FAV_ref,64,DOWN,0.65,14.799292,4.799292,history
1790307900,FAV_all,121,DOWN,0.81,12.183637,2.183637,history
1790307900,FAV_mid,121,DOWN,0.81,12.183637,2.183637,history
1790308200,FAV_all,60,UP,0.79,12.474848,-10.0,history
1790308200,FAV_mid,60,UP,0.79,12.474848,-10.0,history
1790308500,FAV_all,60,UP,0.73,13.444529,3.444529,history
1790309100,FAV,60,UP,0.65,15.016706,5.016706,history
1790309100,FAV_all,60,UP,0.65,15.016706,5.016706,history
1790309100,FAV_ref,60,UP,0.65,15.016706,5.016706,history
1790309400,FAV,62,DOWN,0.85,11.64246,1.64246,history
1790309400,FAV_all,62,DOWN,0.85,11.64246,1.64246,history
1790309400,FAV_ref,62,DOWN,0.85,11.64246,1.64246,history
1790309700,FAV_all,70,UP,0.65,15.016706,5.016706,history
1790310300,FAV,96,DOWN,0.65,14.799292,-10.0,history
1790310300,FAV_all,96,DOWN,0.65,14.799292,-10.0,history
1790310300,FAV_ref,96,DOWN,0.65,14.799292,-10.0,history
1790310600,FAV,60,UP,0.74,13.271964,3.271964,history
1790310600,FAV_all,60,UP,0.74,13.271964,3.271964,history
1790310600,FAV_ref,60,UP,0.74,13.271964,3.271964,history
1790310900,FAV,60,UP,0.75,12.940494,2.940494,history
1790310900,FAV_all,60,UP,0.75,12.940494,2.940494,history
1790310900,FAV_ref,60,UP,0.75,12.940494,2.940494,history
1790311200,FAV,60,UP,0.69,14.18494,4.18494,history
1790311200,FAV_all,60,UP,0.69,14.18494,4.18494,history
1790311200,FAV_ref,60,UP,0.69,14.18494,4.18494,history
1790311500,FAV,144,DOWN,0.65,15.240929,5.240929,history
1790311500,FAV_all,144,DOWN,0.65,15.240929,5.240929,history
1790311500,FAV_ref,144,DOWN,0.65,15.240929,5.240929,history
1790311800,FAV_all,60,DOWN,0.68,14.383688,4.383688,history
1790311800,FAV_mid,60,DOWN,0.68,14.383688,4.383688,history
1790312100,FAV,63,UP,0.71,13.991885,3.991885,history
1790312100,FAV_all,63,UP,0.71,13.991885,3.991885,history
1790312100,FAV_ref,63,UP,0.71,13.991885,3.991885,history
1790312400,FAV_all,63,UP,0.68,14.383688,4.383688,history
1790312400,FAV_mid,63,UP,0.68,14.383688,4.383688,history
1790312700,FAV,69,DOWN,0.85,11.64246,1.64246,history
1790312700,FAV_all,69,DOWN,0.85,11.64246,1.64246,history
1790312700,FAV_ref,69,DOWN,0.85,11.64246,1.64246,history
1790313000,FAV,98,DOWN,0.65,15.016706,5.016706,history
1790313000,FAV_all,98,DOWN,0.65,15.016706,5.016706,history
1790313000,FAV_ref,98,DOWN,0.65,15.016706,5.016706,history
1790313300,FAV,61,UP,0.68,14.383688,4.383688,history
1790313300,FAV_all,61,UP,0.68,14.383688,4.383688,history
1790313300,FAV_ref,61,UP,0.68,14.383688,4.383688,history
1790313600,FAV_all,60,DOWN,0.73,13.444529,3.444529,history
1790313600,FAV_mid,60,DOWN,0.73,13.444529,3.444529,history
1790313900,FAV,60,UP,0.76,12.940494,2.940494,history
1790313900,FAV_all,60,UP,0.76,12.940494,2.940494,history
1790313900,FAV_ref,60,UP,0.76,12.940494,2.940494,history
1790314500,FAV_all,60,UP,0.67,14.588382,4.588382,history
1790314500,FAV_mid,60,UP,0.67,14.588382,4.588382,history
1790314800,FAV_all,60,DOWN,0.68,14.383688,4.383688,history
1790314800,FAV_mid,60,DOWN,0.68,14.383688,4.383688,history
1790315100,FAV,60,UP,0.79,12.474848,2.474848,history
1790315100,FAV_all,60,UP,0.79,12.474848,2.474848,history
1790315100,FAV_ref,60,UP,0.79,12.474848,2.474848,history
1790315400,FAV,71,DOWN,0.7,13.80428,3.80428,history
1790315400,FAV_all,71,DOWN,0.7,13.80428,3.80428,history
1790315400,FAV_ref,71,DOWN,0.7,13.80428,3.80428,history
1790315700,FAV,67,DOWN,0.65,14.799292,4.799292,history
1790315700,FAV_all,67,DOWN,0.65,14.799292,4.799292,history
1790315700,FAV_ref,67,DOWN,0.65,14.799292,4.799292,history
1790316000,FAV,60,DOWN,0.78,12.781235,2.781235,history
1790316000,FAV_all,60,DOWN,0.78,12.781235,2.781235,history
1790316000,FAV_ref,60,DOWN,0.78,12.781235,2.781235,history
1790316300,FAV,60,UP,0.81,12.183637,-10.0,history
1790316300,FAV_all,60,UP,0.81,12.183637,-10.0,history
1790316300,FAV_ref,60,UP,0.81,12.183637,-10.0,history
1790316900,FAV_all,71,UP,0.71,13.80428,3.80428,history
1790316900,FAV_mid,71,UP,0.71,13.80428,3.80428,history
1790317200,FAV_all,177,UP,0.85,11.515059,1.515059,history
1790317200,FAV_mid,177,UP,0.85,11.515059,1.515059,history
1790317500,FAV_all,60,DOWN,0.83,12.043375,2.043375,history
1790317500,FAV_mid,60,DOWN,0.83,12.043375,2.043375,history
1790317800,FAV_all,93,DOWN,0.66,14.588382,4.588382,history
1790317800,FAV_mid,93,DOWN,0.66,14.588382,4.588382,history
1790318400,FAV,60,UP,0.79,12.474848,2.474848,history
1790318400,FAV_all,60,UP,0.79,12.474848,2.474848,history
1790318400,FAV_ref,60,UP,0.79,12.474848,2.474848,history
1790318700,FAV,64,UP,0.71,13.80428,3.80428,history
1790318700,FAV_all,64,UP,0.71,13.80428,3.80428,history
1790318700,FAV_ref,64,UP,0.71,13.80428,3.80428,history
1790319300,FAV,109,UP,0.65,15.016706,-10.0,history
1790319300,FAV_all,109,UP,0.65,15.016706,-10.0,history
1790319300,FAV_ref,109,UP,0.65,15.016706,-10.0,history
1790319600,FAV,60,UP,0.66,14.799292,-10.0,history
1790319600,FAV_all,60,UP,0.66,14.799292,-10.0,history
1790319600,FAV_ref,60,UP,0.66,14.799292,-10.0,history
1790319900,FAV,60,DOWN,0.65,15.016706,5.016706,history
1790319900,FAV_all,60,DOWN,0.65,15.016706,5.016706,history
1790319900,FAV_ref,60,DOWN,0.65,15.016706,5.016706,history
1790320200,FAV_all,63,UP,0.84,11.772905,1.772905,history
1790320500,FAV_all,60,UP,0.71,13.80428,3.80428,history
1790320500,FAV_mid,60,UP,0.71,13.80428,3.80428,history
1790320800,FAV,60,UP,0.8,12.327416,2.327416,history
1790320800,FAV_all,60,UP,0.8,12.327416,2.327416,history
1790320800,FAV_ref,60,UP,0.8,12.327416,2.327416,history
1790321100,FAV,60,UP,0.82,11.906505,1.906505,history
1790321100,FAV_all,60,UP,0.82,11.906505,1.906505,history
1790321100,FAV_ref,60,UP,0.82,11.906505,1.906505,history
1790321400,FAV,60,UP,0.79,12.474848,-10.0,history
1790321400,FAV_all,60,UP,0.79,12.474848,-10.0,history
1790321400,FAV_ref,60,UP,0.79,12.474848,-10.0,history
1790321700,FAV_all,86,UP,0.68,15.016706,-10.0,history
1790321700,FAV_mid,86,UP,0.68,15.016706,-10.0,history
1790322300,FAV,96,UP,0.65,15.240929,5.240929,history
1790322300,FAV_all,96,UP,0.65,15.240929,5.240929,history
1790322300,FAV_ref,96,UP,0.65,15.240929,5.240929,history
1790322600,FAV_all,60,UP,0.82,12.043375,2.043375,history
1790322600,FAV_mid,60,UP,0.82,12.043375,2.043375,history
1790323500,FAV_all,61,DOWN,0.65,15.016706,5.016706,history
1790324400,FAV,66,UP,0.69,14.383688,4.383688,history
1790324400,FAV_all,66,UP,0.69,14.383688,4.383688,history
1790324700,FAV_all,74,UP,0.67,14.799292,4.799292,history
1790325000,FAV_all,60,DOWN,0.72,13.6219,3.6219,history
1790325600,FAV,63,DOWN,0.66,14.799292,4.799292,history
1790325600,FAV_all,63,DOWN,0.66,14.799292,4.799292,history
1790325600,FAV_ref,63,DOWN,0.66,14.799292,4.799292,history
1790325900,FAV,60,DOWN,0.76,12.781235,2.781235,history
1790325900,FAV_all,60,DOWN,0.76,12.781235,2.781235,history
1790325900,FAV_ref,60,DOWN,0.76,12.781235,2.781235,history
1790326200,FAV,61,UP,0.67,14.588382,4.588382,history
1790326200,FAV_all,61,UP,0.67,14.588382,4.588382,history
1790326200,FAV_ref,61,UP,0.67,14.588382,4.588382,history
1790326800,FAV,60,UP,0.75,13.104013,3.104013,history
1790326800,FAV_all,60,UP,0.75,13.104013,3.104013,history
1790326800,FAV_ref,60,UP,0.75,13.104013,3.104013,history
1790327100,FAV_all,60,UP,0.84,11.906505,1.906505,history
1790327100,FAV_mid,60,UP,0.84,11.906505,1.906505,history
1790327400,FAV_all,60,DOWN,0.79,12.474848,2.474848,history
1790327700,FAV,94,DOWN,0.66,14.588382,4.588382,history
1790327700,FAV_all,94,DOWN,0.66,14.588382,4.588382,history
1790327700,FAV_ref,94,DOWN,0.66,14.588382,4.588382,history
1790328000,FAV_all,60,DOWN,0.79,12.474848,-10.0,history
1790328000,FAV_mid,60,DOWN,0.79,12.474848,-10.0,history
1790328600,FAV_all,89,DOWN,0.65,14.799292,4.799292,history
1790328900,FAV_all,60,DOWN,0.65,15.240929,5.240929,history
1790329200,FAV,60,DOWN,0.74,13.271964,3.271964,history
1790329200,FAV_all,60,DOWN,0.74,13.271964,3.271964,history
1790329200,FAV_ref,60,DOWN,0.74,13.271964,3.271964,history
1790329500,FAV,60,DOWN,0.69,14.18494,4.18494,history
1790329500,FAV_all,60,DOWN,0.69,14.18494,4.18494,history
1790329500,FAV_ref,60,DOWN,0.69,14.18494,4.18494,history
1790329800,FAV,102,DOWN,0.73,13.444529,3.444529,history
1790329800,FAV_all,102,DOWN,0.73,13.444529,3.444529,history
1790329800,FAV_ref,102,DOWN,0.73,13.444529,3.444529,history
1790330100,FAV,60,UP,0.73,13.444529,-10.0,history
1790330100,FAV_all,60,UP,0.73,13.444529,-10.0,history
1790330100,FAV_ref,60,UP,0.73,13.444529,-10.0,history
1790330400,FAV,60,DOWN,0.69,13.991885,3.991885,history
1790330400,FAV_all,60,DOWN,0.69,13.991885,3.991885,history
1790330400,FAV_ref,60,DOWN,0.69,13.991885,3.991885,history
1790330700,FAV_all,82,UP,0.65,14.799292,4.799292,history
1790330700,FAV_mid,82,UP,0.65,14.799292,4.799292,history
1790331600,FAV,60,UP,0.81,12.183637,2.183637,history
1790331600,FAV_all,60,UP,0.81,12.183637,2.183637,history
1790331600,FAV_ref,60,UP,0.81,12.183637,2.183637,history
1790331900,FAV,61,UP,0.85,11.64246,1.64246,history
1790331900,FAV_all,61,UP,0.85,11.64246,1.64246,history
1790331900,FAV_ref,61,UP,0.85,11.64246,1.64246,history
1790332200,FAV_all,60,UP,0.67,14.588382,-10.0,history
1790332200,FAV_mid,60,UP,0.67,14.588382,-10.0,history
1790332500,FAV_all,60,DOWN,0.66,14.799292,-10.0,history
1790332500,FAV_mid,60,DOWN,0.66,14.799292,-10.0,history
1790332800,FAV,66,UP,0.65,15.016706,5.016706,history
1790332800,FAV_all,66,UP,0.65,15.016706,5.016706,history
1790332800,FAV_ref,66,UP,0.65,15.016706,5.016706,history
1790333400,FAV,60,DOWN,0.72,13.444529,-10.0,history
1790333400,FAV_all,60,DOWN,0.72,13.444529,-10.0,history
1790333400,FAV_ref,60,DOWN,0.72,13.444529,-10.0,history
1790334000,FAV_all,79,UP,0.65,15.016706,5.016706,history
1790334000,FAV_mid,79,UP,0.65,15.016706,5.016706,history
1790334300,FAV,61,UP,0.68,14.383688,4.383688,history
1790334300,FAV_all,61,UP,0.68,14.383688,4.383688,history
1790334300,FAV_ref,61,UP,0.68,14.383688,4.383688,history
1790334600,FAV_all,60,DOWN,0.7,14.18494,-10.0,history
1790334900,FAV_all,75,DOWN,0.65,15.472284,5.472284,history
1790335200,FAV_all,60,DOWN,0.75,13.104013,3.104013,history
1790335800,FAV_all,60,DOWN,0.75,13.444529,3.444529,history
1790336400,FAV_all,60,DOWN,0.83,12.043375,2.043375,history
1790336700,FAV_all,60,DOWN,0.75,13.104013,3.104013,history
1790336700,FAV_mid,60,DOWN,0.75,13.104013,3.104013,history
1790337000,FAV_all,67,UP,0.67,14.588382,-10.0,history
1790337600,FAV_all,60,UP,0.78,12.626071,2.626071,history
1790337600,FAV_mid,60,UP,0.78,12.626071,2.626071,history
1790337600,FAV_ref,60,UP,0.78,12.626071,2.626071,history
1790337900,FAV_all,74,DOWN,0.66,14.588382,-10.0,history
1790338200,FAV_all,61,DOWN,0.67,15.016706,5.016706,history
1790338200,FAV_mid,61,DOWN,0.67,15.016706,5.016706,history
1790338500,FAV_all,60,DOWN,0.85,11.64246,1.64246,history
1790339100,FAV_all,60,UP,0.65,15.016706,5.016706,history
1790339400,FAV_all,60,UP,0.82,11.906505,1.906505,history
1790339400,FAV_mid,60,UP,0.82,11.906505,1.906505,history
1790339700,FAV_all,60,UP,0.74,13.104013,3.104013,history
1790340900,FAV_all,60,UP,0.69,13.991885,3.991885,history
1790340900,FAV_mid,60,UP,0.69,13.991885,3.991885,history
1790341200,FAV_all,101,DOWN,0.85,11.772905,1.772905,history
1790341500,FAV_all,60,UP,0.8,12.183637,-10.0,history
1790341800,FAV_all,62,DOWN,0.65,15.016706,5.016706,history
1790341800,FAV_mid,62,DOWN,0.65,15.016706,5.016706,history
1790342100,FAV_all,95,UP,0.85,11.772905,-10.0,history
1790342100,FAV_mid,95,UP,0.85,11.772905,-10.0,history
1790342100,FAV_ref,95,UP,0.85,11.772905,-10.0,history
1790342400,FAV_all,60,DOWN,0.7,13.991885,3.991885,history
1790343000,FAV_all,60,DOWN,0.79,12.626071,2.626071,history
1790343300,FAV_all,84,UP,0.84,12.043375,2.043375,history
1790343900,FAV_all,60,UP,0.74,13.271964,-10.0,history
1790344200,FAV_all,60,UP,0.65,15.240929,5.240929,history
1790344500,FAV_all,60,UP,0.7,13.991885,-10.0,history
1790344800,FAV_all,60,UP,0.66,15.711117,-10.0,history
1790345100,FAV_all,60,DOWN,0.81,12.327416,-10.0,history
1790345400,FAV_all,68,UP,0.66,15.472284,5.472284,history
1790345700,FAV_all,60,UP,0.73,13.444529,3.444529,history
1790346000,FAV_all,60,UP,0.67,14.383688,4.383688,history
1790346300,FAV_all,60,UP,0.68,15.711117,5.711117,history
1790346600,FAV_all,60,UP,0.7,13.991885,3.991885,history
1790346900,FAV_all,109,UP,0.66,15.240929,5.240929,history
1790347200,FAV_all,61,DOWN,0.85,11.772905,1.772905,history
1790347500,FAV_all,87,UP,0.65,14.799292,4.799292,history
1790347800,FAV_all,60,DOWN,0.68,14.383688,4.383688,history
1790348700,FAV_all,60,DOWN,0.66,14.799292,-10.0,history
1790349300,FAV_all,85,DOWN,0.65,16.212711,6.212711,history
1790349600,FAV_all,65,DOWN,0.65,15.016706,-10.0,history
1790349900,FAV_all,60,DOWN,0.66,14.799292,4.799292,history
1790350200,FAV_all,110,UP,0.66,15.240929,5.240929,history
1790350500,FAV_all,60,DOWN,0.72,13.6219,3.6219,history
1790350800,FAV_all,60,UP,0.69,14.18494,-10.0,history
1790351100,FAV_all,66,DOWN,0.68,14.383688,4.383688,history
1790351400,FAV_all,100,DOWN,0.67,14.588382,-10.0,history
1790351700,FAV_all,60,UP,0.79,12.474848,2.474848,history
1790352000,FAV_all,69,UP,0.84,11.772905,1.772905,history
1790352300,FAV_all,60,UP,0.72,13.80428,3.80428,history
1790352600,FAV_all,108,UP,0.65,14.799292,4.799292,history
1790352900,FAV_all,60,UP,0.8,12.327416,2.327416,history
1790353200,FAV_all,68,DOWN,0.65,15.016706,5.016706,history
1790354400,FAV_all,60,DOWN,0.73,13.444529,-10.0,history
1790354700,FAV_all,60,DOWN,0.76,12.940494,2.940494,history
1790354700,FAV_mid,60,DOWN,0.76,12.940494,2.940494,history
1790355000,FAV_all,60,UP,0.7,13.991885,3.991885,history
1790355000,FAV_mid,60,UP,0.7,13.991885,3.991885,history
1790355300,FAV_all,66,UP,0.65,15.016706,-10.0,history
1790355300,FAV_mid,66,UP,0.65,15.016706,-10.0,history
1790355600,FAV,60,UP,0.66,15.016706,5.016706,history
1790355600,FAV_all,60,UP,0.66,15.016706,5.016706,history
1790355600,FAV_ref,60,UP,0.66,15.016706,5.016706,history
1790355900,FAV_all,60,DOWN,0.66,14.799292,-10.0,history
1790355900,FAV_mid,60,DOWN,0.66,14.799292,-10.0,history
1790356500,FAV_all,60,UP,0.69,14.18494,-10.0,history
1790356500,FAV_mid,60,UP,0.69,14.18494,-10.0,history
1790356800,FAV,60,DOWN,0.67,14.588382,4.588382,history
1790356800,FAV_all,60,DOWN,0.67,14.588382,4.588382,history
1790356800,FAV_ref,60,DOWN,0.67,14.588382,4.588382,history
1790357100,FAV,60,DOWN,0.78,12.626071,2.626071,history
1790357100,FAV_all,60,DOWN,0.78,12.626071,2.626071,history
1790357100,FAV_ref,60,DOWN,0.78,12.626071,2.626071,history
1790357400,FAV_all,60,DOWN,0.81,12.183637,-10.0,history
1790357400,FAV_mid,60,DOWN,0.81,12.183637,-10.0,history
1790357700,FAV_all,140,DOWN,0.72,13.444529,3.444529,history
1790358000,FAV_all,60,UP,0.75,13.104013,3.104013,history
1790358300,FAV_all,60,DOWN,0.68,14.383688,4.383688,history
1790358300,FAV_mid,60,DOWN,0.68,14.383688,4.383688,history
1790358600,FAV_all,67,DOWN,0.65,14.799292,4.799292,history
1790358600,FAV_mid,67,DOWN,0.65,14.799292,4.799292,history
1790358900,FAV,60,UP,0.67,14.588382,4.588382,history
1790358900,FAV_all,60,UP,0.67,14.588382,4.588382,history
1790358900,FAV_ref,60,UP,0.67,14.588382,4.588382,history
1790359200,FAV,60,UP,0.82,12.043375,2.043375,history
1790359200,FAV_all,60,UP,0.82,12.043375,2.043375,history
1790359200,FAV_ref,60,UP,0.82,12.043375,2.043375,history
1790359500,FAV_all,60,DOWN,0.7,13.991885,-10.0,history
1790359500,FAV_mid,60,DOWN,0.7,13.991885,-10.0,history
1790359800,FAV,60,UP,0.82,12.043375,2.043375,history
1790359800,FAV_all,60,UP,0.82,12.043375,2.043375,history
1790360400,FAV_all,60,UP,0.66,14.799292,-10.0,history
1790360400,FAV_mid,60,UP,0.66,14.799292,-10.0,history
1790360700,FAV,60,UP,0.76,12.940494,-10.0,history
1790360700,FAV_all,60,UP,0.76,12.940494,-10.0,history
1790360700,FAV_ref,60,UP,0.76,12.940494,-10.0,history
1790361000,FAV_all,60,UP,0.66,14.588382,4.588382,history
1790361300,FAV,60,UP,0.72,13.6219,-10.0,history
1790361300,FAV_all,60,UP,0.72,13.6219,-10.0,history
1790361300,FAV_ref,60,UP,0.72,13.6219,-10.0,history
1790361600,FAV_all,63,DOWN,0.66,14.799292,-10.0,history
1790361900,FAV,60,UP,0.69,14.18494,-10.0,history
1790361900,FAV_all,60,UP,0.69,14.18494,-10.0,history
1790361900,FAV_ref,60,UP,0.69,14.18494,-10.0,history
1790362500,FAV,60,UP,0.73,13.271964,3.271964,history
1790362500,FAV_all,60,UP,0.73,13.271964,3.271964,history
1790362500,FAV_ref,60,UP,0.73,13.271964,3.271964,history
1790362800,FAV,60,DOWN,0.69,14.18494,4.18494,history
1790362800,FAV_all,60,DOWN,0.69,14.18494,4.18494,history
1790362800,FAV_ref,60,DOWN,0.69,14.18494,4.18494,history
1790363100,FAV_all,60,UP,0.72,13.6219,3.6219,history
1790363100,FAV_mid,60,UP,0.72,13.6219,3.6219,history
1790363400,FAV_all,60,DOWN,0.72,13.991885,-10.0,history
1790363400,FAV_mid,60,DOWN,0.72,13.991885,-10.0,history
1790363700,FAV,60,DOWN,0.68,14.18494,4.18494,history
1790363700,FAV_all,60,DOWN,0.68,14.18494,4.18494,history
1790363700,FAV_ref,60,DOWN,0.68,14.18494,4.18494,history
1790364000,FAV,60,UP,0.69,14.18494,4.18494,history
1790364000,FAV_all,60,UP,0.69,14.18494,4.18494,history
1790364000,FAV_ref,60,UP,0.69,14.18494,4.18494,history
1790364300,FAV_all,60,DOWN,0.79,12.474848,2.474848,history
1790364300,FAV_mid,60,DOWN,0.79,12.474848,2.474848,history
1790364600,FAV_all,65,UP,0.67,14.383688,4.383688,history
1790364600,FAV_mid,65,UP,0.67,14.383688,4.383688,history
1790364900,FAV,60,DOWN,0.7,13.80428,-10.0,history
1790364900,FAV_all,60,DOWN,0.7,13.80428,-10.0,history
1790364900,FAV_ref,60,DOWN,0.7,13.80428,-10.0,history
1790365500,FAV,60,UP,0.75,12.940494,2.940494,history
1790365500,FAV_all,60,UP,0.75,12.940494,2.940494,history
1790365500,FAV_ref,60,UP,0.75,12.940494,2.940494,history
1790365800,FAV_all,60,UP,0.76,12.940494,2.940494,history
1790365800,FAV_mid,60,UP,0.76,12.940494,2.940494,history
1790366100,FAV,63,DOWN,0.66,15.016706,-10.0,history
1790366100,FAV_all,63,DOWN,0.66,15.016706,-10.0,history
1790366400,FAV,60,DOWN,0.8,12.327416,2.327416,history
1790366400,FAV_all,60,DOWN,0.8,12.327416,2.327416,history
1790366400,FAV_ref,60,DOWN,0.8,12.327416,2.327416,history
1790366700,FAV_all,62,DOWN,0.66,14.588382,4.588382,history
1790366700,FAV_mid,62,DOWN,0.66,14.588382,4.588382,history
1790367000,FAV,144,UP,0.71,14.18494,4.18494,history
1790367000,FAV_all,144,UP,0.71,14.18494,4.18494,history
1790367000,FAV_ref,144,UP,0.71,14.18494,4.18494,history
1790367300,FAV,91,UP,0.68,15.240929,5.240929,history
1790367300,FAV_all,91,UP,0.68,15.240929,5.240929,history
1790367300,FAV_ref,91,UP,0.68,15.240929,5.240929,history
1790367900,FAV_all,60,DOWN,0.7,14.18494,4.18494,history
1790367900,FAV_mid,60,DOWN,0.7,14.18494,4.18494,history
1790368200,FAV,74,DOWN,0.65,15.016706,-10.0,history
1790368200,FAV_all,74,DOWN,0.65,15.016706,-10.0,history
1790368200,FAV_ref,74,DOWN,0.65,15.016706,-10.0,history
1790368800,FAV_all,60,DOWN,0.79,12.474848,2.474848,history
1790369100,FAV_all,79,DOWN,0.66,14.799292,4.799292,history
1790369100,FAV_mid,79,DOWN,0.66,14.799292,4.799292,history
1790370000,FAV_all,60,UP,0.76,13.104013,-10.0,history
1790370000,FAV_mid,60,UP,0.76,13.104013,-10.0,history
1790370600,FAV_all,60,UP,0.65,15.016706,-10.0,history
1790370900,FAV,60,DOWN,0.75,13.104013,3.104013,history
1790370900,FAV_all,60,DOWN,0.75,13.104013,3.104013,history
1790370900,FAV_ref,60,DOWN,0.75,13.104013,3.104013,history
1790371200,FAV,60,UP,0.82,11.906505,1.906505,history
1790371200,FAV_all,60,UP,0.82,11.906505,1.906505,history
1790371200,FAV_ref,60,UP,0.82,11.906505,1.906505,history
1790371500,FAV,68,UP,0.71,13.991885,3.991885,history
1790371500,FAV_all,68,UP,0.71,13.991885,3.991885,history
1790371500,FAV_ref,68,UP,0.71,13.991885,3.991885,history
1790371800,FAV,76,UP,0.65,15.240929,5.240929,history
1790371800,FAV_all,76,UP,0.65,15.240929,5.240929,history
1790371800,FAV_ref,76,UP,0.65,15.240929,5.240929,history
1790372100,FAV,60,UP,0.84,11.772905,1.772905,history
1790372100,FAV_all,60,UP,0.84,11.772905,1.772905,history
1790372100,FAV_ref,60,UP,0.84,11.772905,1.772905,history
1790372400,FAV_all,62,UP,0.65,15.016706,5.016706,history
1790372400,FAV_mid,62,UP,0.65,15.016706,5.016706,history
1790372700,FAV,72,UP,0.67,14.588382,4.588382,history
1790372700,FAV_all,72,UP,0.67,14.588382,4.588382,history
1790372700,FAV_ref,72,UP,0.67,14.588382,4.588382,history
1790373000,FAV,60,UP,0.77,12.781235,-10.0,history
1790373000,FAV_all,60,UP,0.77,12.781235,-10.0,history
1790373000,FAV_ref,60,UP,0.77,12.781235,-10.0,history
1790373300,FAV,154,DOWN,0.72,13.444529,3.444529,history
1790373300,FAV_all,154,DOWN,0.72,13.444529,3.444529,history
1790373300,FAV_ref,154,DOWN,0.72,13.444529,3.444529,history
1790373600,FAV,66,DOWN,0.68,14.588382,-10.0,history
1790373600,FAV_all,66,DOWN,0.68,14.588382,-10.0,history
1790373600,FAV_ref,66,DOWN,0.68,14.588382,-10.0,history
1790373900,FAV,60,UP,0.82,12.043375,2.043375,history
1790373900,FAV_all,60,UP,0.82,12.043375,2.043375,history
1790373900,FAV_ref,60,UP,0.82,12.043375,2.043375,history
1790374200,FAV,60,UP,0.81,12.183637,2.183637,history
1790374200,FAV_all,60,UP,0.81,12.183637,2.183637,history
1790374200,FAV_ref,60,UP,0.81,12.183637,2.183637,history
1790374500,FAV,67,UP,0.65,14.799292,4.799292,history
1790374500,FAV_all,67,UP,0.65,14.799292,4.799292,history
1790374500,FAV_ref,67,UP,0.65,14.799292,4.799292,history
1790374800,FAV,60,DOWN,0.65,15.016706,-10.0,history
1790374800,FAV_all,60,DOWN,0.65,15.016706,-10.0,history
1790374800,FAV_ref,60,DOWN,0.65,15.016706,-10.0,history
1790375100,FAV,87,UP,0.65,14.799292,-10.0,history
1790375100,FAV_all,87,UP,0.65,14.799292,-10.0,history
1790375100,FAV_ref,87,UP,0.65,14.799292,-10.0,history
1790375400,FAV_all,60,UP,0.68,14.18494,4.18494,history
1790375400,FAV_mid,60,UP,0.68,14.18494,4.18494,history
1790375700,FAV,60,UP,0.82,12.043375,2.043375,history
1790375700,FAV_all,60,UP,0.82,12.043375,2.043375,history
1790375700,FAV_ref,60,UP,0.82,12.043375,2.043375,history
1790376000,FAV,60,UP,0.82,12.043375,2.043375,history
1790376000,FAV_all,60,UP,0.82,12.043375,2.043375,history
1790376000,FAV_ref,60,UP,0.82,12.043375,2.043375,history
1790376300,FAV,112,UP,0.68,14.588382,-10.0,history
1790376300,FAV_all,112,UP,0.68,14.588382,-10.0,history
1790376300,FAV_ref,112,UP,0.68,14.588382,-10.0,history
1790376600,FAV,117,UP,0.66,14.799292,4.799292,history
1790376600,FAV_all,117,UP,0.66,14.799292,4.799292,history
1790376600,FAV_ref,117,UP,0.66,14.799292,4.799292,history
1790376900,FAV,60,UP,0.7,15.240929,-10.0,history
1790376900,FAV_all,60,UP,0.7,15.240929,-10.0,history
1790376900,FAV_ref,60,UP,0.7,15.240929,-10.0,history
1790377200,FAV_all,106,UP,0.66,15.016706,5.016706,history
1790377200,FAV_mid,106,UP,0.66,15.016706,5.016706,history
1790377800,FAV,131,DOWN,0.66,14.799292,4.799292,history
1790377800,FAV_all,131,DOWN,0.66,14.799292,4.799292,history
1790377800,FAV_ref,131,DOWN,0.66,14.799292,4.799292,history
1790378100,FAV,60,UP,0.65,15.016706,5.016706,history
1790378100,FAV_all,60,UP,0.65,15.016706,5.016706,history
1790378100,FAV_ref,60,UP,0.65,15.016706,5.016706,history
1790378400,FAV,120,UP,0.65,15.016706,-10.0,history
1790378400,FAV_all,120,UP,0.65,15.016706,-10.0,history
1790378400,FAV_ref,120,UP,0.65,15.016706,-10.0,history
1790378700,FAV,60,DOWN,0.76,12.940494,-10.0,history
1790378700,FAV_all,60,DOWN,0.76,12.940494,-10.0,history
1790378700,FAV_ref,60,DOWN,0.76,12.940494,-10.0,history
1790379000,FAV,75,UP,0.65,15.016706,-10.0,history
1790379000,FAV_all,75,UP,0.65,15.016706,-10.0,history
1790379000,FAV_ref,75,UP,0.65,15.016706,-10.0,history
1790379600,FAV,77,DOWN,0.75,13.6219,3.6219,history
1790379600,FAV_all,77,DOWN,0.75,13.6219,3.6219,history
1790379600,FAV_ref,77,DOWN,0.75,13.6219,3.6219,history
1790380200,FAV,60,UP,0.68,15.016706,-10.0,history
1790380200,FAV_all,60,UP,0.68,15.016706,-10.0,history
1790380200,FAV_ref,60,UP,0.68,15.016706,-10.0,history
1790380500,FAV,68,UP,0.69,14.18494,4.18494,history
1790380500,FAV_all,68,UP,0.69,14.18494,4.18494,history
1790380500,FAV_ref,68,UP,0.69,14.18494,4.18494,history
1790381100,FAV,102,UP,0.65,14.799292,4.799292,history
1790381100,FAV_all,102,UP,0.65,14.799292,4.799292,history
1790381100,FAV_ref,102,UP,0.65,14.799292,4.799292,history
1790381400,FAV,60,DOWN,0.79,12.474848,2.474848,history
1790381400,FAV_all,60,DOWN,0.79,12.474848,2.474848,history
1790381400,FAV_ref,60,DOWN,0.79,12.474848,2.474848,history
1790381700,FAV,76,DOWN,0.7,13.991885,3.991885,history
1790381700,FAV_all,76,DOWN,0.7,13.991885,3.991885,history
1790381700,FAV_ref,76,DOWN,0.7,13.991885,3.991885,history
1790382600,FAV_all,80,DOWN,0.65,15.240929,5.240929,history
1790382900,FAV_all,88,DOWN,0.65,14.799292,4.799292,history
1790382900,FAV_mid,88,DOWN,0.65,14.799292,4.799292,history
1790383500,FAV,119,UP,0.66,14.588382,-10.0,history
1790383500,FAV_all,119,UP,0.66,14.588382,-10.0,history
1790383500,FAV_ref,119,UP,0.66,14.588382,-10.0,history
1790383800,FAV,61,UP,0.85,11.64246,1.64246,history
1790383800,FAV_all,61,UP,0.85,11.64246,1.64246,history
1790383800,FAV_ref,61,UP,0.85,11.64246,1.64246,history
1790384100,FAV,60,UP,0.65,15.016706,-10.0,history
1790384100,FAV_all,60,UP,0.65,15.016706,-10.0,history
1790384100,FAV_ref,60,UP,0.65,15.016706,-10.0,history
1790384700,FAV_all,60,DOWN,0.71,15.240929,5.240929,history
1790384700,FAV_mid,60,DOWN,0.71,15.240929,5.240929,history
1790385000,FAV,60,UP,0.72,13.6219,-10.0,history
1790385000,FAV_all,60,UP,0.72,13.6219,-10.0,history
1790385000,FAV_ref,60,UP,0.72,13.6219,-10.0,history
1790385300,FAV_all,60,UP,0.72,13.6219,3.6219,history
1790385300,FAV_mid,60,UP,0.72,13.6219,3.6219,history
1790385600,FAV,66,UP,0.65,15.016706,5.016706,history
1790385600,FAV_all,66,UP,0.65,15.016706,5.016706,history
1790385600,FAV_ref,66,UP,0.65,15.016706,5.016706,history
1790385900,FAV,60,DOWN,0.66,15.016706,5.016706,history
1790385900,FAV_all,60,DOWN,0.66,15.016706,5.016706,history
1790385900,FAV_ref,60,DOWN,0.66,15.016706,5.016706,history
1790386200,FAV,70,UP,0.66,15.016706,5.016706,history
1790386200,FAV_all,70,UP,0.66,15.016706,5.016706,history
1790386200,FAV_ref,70,UP,0.66,15.016706,5.016706,history
1790386500,FAV,63,UP,0.71,13.80428,3.80428,history
1790386500,FAV_all,63,UP,0.71,13.80428,3.80428,history
1790386500,FAV_ref,63,UP,0.71,13.80428,3.80428,history
1790387100,FAV_all,60,UP,0.69,14.18494,-10.0,history
1790387100,FAV_mid,60,UP,0.69,14.18494,-10.0,history
1790387100,FAV_ref,60,UP,0.69,14.18494,-10.0,history
1790387700,FAV,60,DOWN,0.74,13.271964,3.271964,history
1790387700,FAV_all,60,DOWN,0.74,13.271964,3.271964,history
1790387700,FAV_ref,60,DOWN,0.74,13.271964,3.271964,history
1790388600,FAV,108,UP,0.65,14.799292,4.799292,history
1790388600,FAV_all,108,UP,0.65,14.799292,4.799292,history
1790388600,FAV_ref,108,UP,0.65,14.799292,4.799292,history
1790388900,FAV,62,DOWN,0.65,15.016706,-10.0,history
1790388900,FAV_all,62,DOWN,0.65,15.016706,-10.0,history
1790388900,FAV_ref,62,DOWN,0.65,15.016706,-10.0,history
1790389500,FAV,60,DOWN,0.69,14.18494,4.18494,history
1790389500,FAV_all,60,DOWN,0.69,14.18494,4.18494,history
1790389500,FAV_ref,60,DOWN,0.69,14.18494,4.18494,history
1790389800,FAV,80,DOWN,0.68,14.383688,4.383688,history
1790389800,FAV_all,80,DOWN,0.68,14.383688,4.383688,history
1790389800,FAV_ref,80,DOWN,0.68,14.383688,4.383688,history
1790390100,FAV,111,DOWN,0.65,15.240929,5.240929,history
1790390100,FAV_all,111,DOWN,0.65,15.240929,5.240929,history
1790390100,FAV_ref,111,DOWN,0.65,15.240929,5.240929,history
1790390400,FAV,60,UP,0.67,14.588382,4.588382,history
1790390400,FAV_all,60,UP,0.67,14.588382,4.588382,history
1790390400,FAV_ref,60,UP,0.67,14.588382,4.588382,history
1790390700,FAV,60,DOWN,0.7,13.991885,-10.0,history
1790390700,FAV_all,60,DOWN,0.7,13.991885,-10.0,history
1790390700,FAV_ref,60,DOWN,0.7,13.991885,-10.0,history
1790391000,FAV,91,DOWN,0.65,15.016706,5.016706,history
1790391000,FAV_all,91,DOWN,0.65,15.016706,5.016706,history
1790391000,FAV_ref,91,DOWN,0.65,15.016706,5.016706,history
1790391600,FAV,60,DOWN,0.65,15.016706,5.016706,history
1790391600,FAV_all,60,DOWN,0.65,15.016706,5.016706,history
1790391600,FAV_ref,60,DOWN,0.65,15.016706,5.016706,history
1790392200,FAV,60,DOWN,0.8,12.327416,2.327416,history
1790392200,FAV_all,60,DOWN,0.8,12.327416,2.327416,history
1790392200,FAV_ref,60,DOWN,0.8,12.327416,2.327416,history
1790392500,FAV,61,UP,0.65,15.016706,5.016706,history
1790392500,FAV_all,61,UP,0.65,15.016706,5.016706,history
1790392500,FAV_ref,61,UP,0.65,15.016706,5.016706,history
1790392800,FAV,60,DOWN,0.69,15.957795,-10.0,history
1790392800,FAV_all,60,DOWN,0.69,15.957795,-10.0,history
1790392800,FAV_ref,60,DOWN,0.69,15.957795,-10.0,history
1790393400,FAV,60,UP,0.65,15.016706,-10.0,history
1790393400,FAV_all,60,UP,0.65,15.016706,-10.0,history
1790393400,FAV_ref,60,UP,0.65,15.016706,-10.0,history
1790394300,FAV,60,DOWN,0.8,12.327416,2.327416,history
1790394300,FAV_all,60,DOWN,0.8,12.327416,2.327416,history
1790394300,FAV_ref,60,DOWN,0.8,12.327416,2.327416,history
1790394600,FAV,62,UP,0.65,14.799292,4.799292,history
1790394600,FAV_all,62,UP,0.65,14.799292,4.799292,history
1790394600,FAV_ref,62,UP,0.65,14.799292,4.799292,history
1790394900,FAV,60,DOWN,0.66,14.799292,4.799292,history
1790394900,FAV_all,60,DOWN,0.66,14.799292,4.799292,history
1790394900,FAV_ref,60,DOWN,0.66,14.799292,4.799292,history
1790395200,FAV,67,UP,0.65,15.016706,5.016706,history
1790395200,FAV_all,67,UP,0.65,15.016706,5.016706,history
1790395200,FAV_ref,67,UP,0.65,15.016706,5.016706,history
1790395800,FAV,104,UP,0.68,15.711117,-10.0,history
1790395800,FAV_all,104,UP,0.68,15.711117,-10.0,history
1790395800,FAV_ref,104,UP,0.68,15.711117,-10.0,history
1790396100,FAV,60,UP,0.85,11.64246,1.64246,history
1790396100,FAV_all,60,UP,0.85,11.64246,1.64246,history
1790396100,FAV_ref,60,UP,0.85,11.64246,1.64246,history
1790396400,FAV,60,UP,0.68,14.383688,-10.0,history
1790396400,FAV_all,60,UP,0.68,14.383688,-10.0,history
1790396400,FAV_ref,60,UP,0.68,14.383688,-10.0,history
1790396700,FAV,60,DOWN,0.66,14.588382,4.588382,history
1790396700,FAV_all,60,DOWN,0.66,14.588382,4.588382,history
1790396700,FAV_ref,60,DOWN,0.66,14.588382,4.588382,history
1790397000,FAV,75,DOWN,0.65,15.016706,-10.0,history
1790397000,FAV_all,75,DOWN,0.65,15.016706,-10.0,history
1790397000,FAV_ref,75,DOWN,0.65,15.016706,-10.0,history
1790397300,FAV_all,87,UP,0.65,15.016706,5.016706,history
1790397300,FAV_mid,87,UP,0.65,15.016706,5.016706,history
1790397900,FAV,64,UP,0.65,15.016706,5.016706,history
1790397900,FAV_all,64,UP,0.65,15.016706,5.016706,history
1790397900,FAV_ref,64,UP,0.65,15.016706,5.016706,history
1790398200,FAV,150,DOWN,0.65,14.799292,-10.0,history
1790398200,FAV_all,150,DOWN,0.65,14.799292,-10.0,history
1790398200,FAV_ref,150,DOWN,0.65,14.799292,-10.0,history
1790398500,FAV,68,UP,0.65,15.240929,-10.0,history
1790398500,FAV_all,68,UP,0.65,15.240929,-10.0,history
1790398500,FAV_ref,68,UP,0.65,15.240929,-10.0,history
1790398800,FAV,60,UP,0.78,12.626071,2.626071,history
1790398800,FAV_all,60,UP,0.78,12.626071,2.626071,history
1790398800,FAV_ref,60,UP,0.78,12.626071,2.626071,history
1790399100,FAV,100,UP,0.66,14.799292,4.799292,history
1790399100,FAV_all,100,UP,0.66,14.799292,4.799292,history
1790399100,FAV_ref,100,UP,0.66,14.799292,4.799292,history
1790399400,FAV,60,DOWN,0.78,12.626071,2.626071,history
1790399400,FAV_all,60,DOWN,0.78,12.626071,2.626071,history
1790399400,FAV_ref,60,DOWN,0.78,12.626071,2.626071,history
1790399700,FAV,60,DOWN,0.76,12.940494,2.940494,history
1790399700,FAV_all,60,DOWN,0.76,12.940494,2.940494,history
1790399700,FAV_ref,60,DOWN,0.76,12.940494,2.940494,history
1790400300,FAV,60,DOWN,0.69,14.18494,4.18494,history
1790400300,FAV_all,60,DOWN,0.69,14.18494,4.18494,history
1790400300,FAV_ref,60,DOWN,0.69,14.18494,4.18494,history
1790400600,FAV,60,DOWN,0.66,14.799292,4.799292,history
1790400600,FAV_all,60,DOWN,0.66,14.799292,4.799292,history
1790400600,FAV_ref,60,DOWN,0.66,14.799292,4.799292,history
1790400900,FAV,66,DOWN,0.66,15.016706,-10.0,history
1790400900,FAV_all,66,DOWN,0.66,15.016706,-10.0,history
1790400900,FAV_ref,66,DOWN,0.66,15.016706,-10.0,history
1790401500,FAV,60,UP,0.71,13.80428,3.80428,history
1790401500,FAV_all,60,UP,0.71,13.80428,3.80428,history
1790401500,FAV_ref,60,UP,0.71,13.80428,3.80428,history
1790402400,FAV,60,UP,0.69,14.18494,-10.0,history
1790402400,FAV_all,60,UP,0.69,14.18494,-10.0,history
1790402400,FAV_ref,60,UP,0.69,14.18494,-10.0,history
1790403000,FAV,60,UP,0.72,13.6219,-10.0,history
1790403000,FAV_all,60,UP,0.72,13.6219,-10.0,history
1790403000,FAV_ref,60,UP,0.72,13.6219,-10.0,history
1790403300,FAV,60,UP,0.79,12.626071,-10.0,history
1790403300,FAV_all,60,UP,0.79,12.626071,-10.0,history
1790403300,FAV_ref,60,UP,0.79,12.626071,-10.0,history
1790403600,FAV,60,UP,0.72,13.444529,3.444529,history
1790403600,FAV_all,60,UP,0.72,13.444529,3.444529,history
1790403600,FAV_ref,60,UP,0.72,13.444529,3.444529,history
1790403900,FAV,60,UP,0.76,12.940494,2.940494,history
1790403900,FAV_all,60,UP,0.76,12.940494,2.940494,history
1790403900,FAV_ref,60,UP,0.76,12.940494,2.940494,history
1790404200,FAV,60,UP,0.81,12.183637,2.183637,history
1790404200,FAV_all,60,UP,0.81,12.183637,2.183637,history
1790404200,FAV_ref,60,UP,0.81,12.183637,2.183637,history
1790404800,FAV,60,UP,0.7,14.18494,-10.0,history
1790404800,FAV_all,60,UP,0.7,14.18494,-10.0,history
1790404800,FAV_ref,60,UP,0.7,14.18494,-10.0,history
1790405100,FAV,152,UP,0.69,14.588382,4.588382,history
1790405100,FAV_all,152,UP,0.69,14.588382,4.588382,history
1790405100,FAV_ref,152,UP,0.69,14.588382,4.588382,history
1790406000,FAV,60,UP,0.78,12.626071,2.626071,history
1790406000,FAV_all,60,UP,0.78,12.626071,2.626071,history
1790406000,FAV_ref,60,UP,0.78,12.626071,2.626071,history
1790406300,FAV,60,UP,0.77,12.940494,2.940494,history
1790406300,FAV_all,60,UP,0.77,12.940494,2.940494,history
1790406300,FAV_ref,60,UP,0.77,12.940494,2.940494,history
1790406900,FAV,68,DOWN,0.7,13.991885,-10.0,history
1790406900,FAV_all,68,DOWN,0.7,13.991885,-10.0,history
1790406900,FAV_ref,68,DOWN,0.7,13.991885,-10.0,history
1790407200,FAV,97,UP,0.65,15.016706,5.016706,history
1790407200,FAV_all,97,UP,0.65,15.016706,5.016706,history
1790407200,FAV_ref,97,UP,0.65,15.016706,5.016706,history
1790407500,FAV,60,DOWN,0.72,13.6219,3.6219,history
1790407500,FAV_all,60,DOWN,0.72,13.6219,3.6219,history
1790407500,FAV_ref,60,DOWN,0.72,13.6219,3.6219,history
1790407800,FAV,129,UP,0.66,14.588382,4.588382,history
1790407800,FAV_all,129,UP,0.66,14.588382,4.588382,history
1790407800,FAV_ref,129,UP,0.66,14.588382,4.588382,history
1790408100,FAV,79,UP,0.65,14.799292,4.799292,history
1790408100,FAV_all,79,UP,0.65,14.799292,4.799292,history
1790408100,FAV_ref,79,UP,0.65,14.799292,4.799292,history
1790409000,FAV,67,UP,0.66,15.472284,-10.0,history
1790409000,FAV_all,67,UP,0.66,15.472284,-10.0,history
1790409000,FAV_ref,67,UP,0.66,15.472284,-10.0,history
1790409600,FAV,60,DOWN,0.79,12.474848,2.474848,history
1790409600,FAV_all,60,DOWN,0.79,12.474848,2.474848,history
1790409600,FAV_ref,60,DOWN,0.79,12.474848,2.474848,history
1790409900,FAV_all,94,DOWN,0.65,15.240929,-10.0,history
1790409900,FAV_mid,94,DOWN,0.65,15.240929,-10.0,history
1790409900,FAV_ref,94,DOWN,0.65,15.240929,-10.0,history
1790410500,FAV,60,UP,0.83,11.772905,-10.0,history
1790410500,FAV_all,60,UP,0.83,11.772905,-10.0,history
1790410500,FAV_ref,60,UP,0.83,11.772905,-10.0,history
1790410800,FAV,64,DOWN,0.67,14.383688,4.383688,history
1790410800,FAV_all,64,DOWN,0.67,14.383688,4.383688,history
1790410800,FAV_ref,64,DOWN,0.67,14.383688,4.383688,history
1790411100,FAV,60,UP,0.71,13.80428,3.80428,history
1790411100,FAV_all,60,UP,0.71,13.80428,3.80428,history
1790411100,FAV_ref,60,UP,0.71,13.80428,3.80428,history
1790411400,FAV,60,UP,0.79,12.474848,2.474848,history
1790411400,FAV_all,60,UP,0.79,12.474848,2.474848,history
1790411400,FAV_ref,60,UP,0.79,12.474848,2.474848,history
1790412000,FAV_all,60,DOWN,0.79,12.474848,2.474848,history
1790412000,FAV_mid,60,DOWN,0.79,12.474848,2.474848,history
1790412000,FAV_ref,60,DOWN,0.79,12.474848,2.474848,history
1790412300,FAV_all,60,DOWN,0.74,13.271964,3.271964,history
1790412300,FAV_mid,60,DOWN,0.74,13.271964,3.271964,history
1790412600,FAV,60,DOWN,0.65,15.016706,5.016706,history
1790412600,FAV_all,60,DOWN,0.65,15.016706,5.016706,history
1790412600,FAV_ref,60,DOWN,0.65,15.016706,5.016706,history
1790412900,FAV,65,DOWN,0.65,15.016706,5.016706,history
1790412900,FAV_all,65,DOWN,0.65,15.016706,5.016706,history
1790412900,FAV_ref,65,DOWN,0.65,15.016706,5.016706,history
1790413200,FAV,66,DOWN,0.75,13.444529,3.444529,history
1790413200,FAV_all,66,DOWN,0.75,13.444529,3.444529,history
1790413200,FAV_ref,66,DOWN,0.75,13.444529,3.444529,history
1790413800,FAV,60,DOWN,0.76,12.781235,2.781235,history
1790413800,FAV_all,60,DOWN,0.76,12.781235,2.781235,history
1790413800,FAV_ref,60,DOWN,0.76,12.781235,2.781235,history
1790414700,FAV,60,DOWN,0.75,13.6219,-10.0,history
1790414700,FAV_all,60,DOWN,0.75,13.6219,-10.0,history
1790414700,FAV_ref,60,DOWN,0.75,13.6219,-10.0,history
1790415000,FAV,60,DOWN,0.7,13.991885,-10.0,history
1790415000,FAV_all,60,DOWN,0.7,13.991885,-10.0,history
1790415000,FAV_ref,60,DOWN,0.7,13.991885,-10.0,history
1790415300,FAV,79,DOWN,0.74,13.444529,3.444529,history
1790415300,FAV_all,79,DOWN,0.74,13.444529,3.444529,history
1790415300,FAV_ref,79,DOWN,0.74,13.444529,3.444529,history
1790415600,FAV,71,DOWN,0.65,15.016706,5.016706,history
1790415600,FAV_all,71,DOWN,0.65,15.016706,5.016706,history
1790415600,FAV_ref,71,DOWN,0.65,15.016706,5.016706,history
1790416500,FAV,114,DOWN,0.66,14.799292,4.799292,history
1790416500,FAV_all,114,DOWN,0.66,14.799292,4.799292,history
1790416500,FAV_ref,114,DOWN,0.66,14.799292,4.799292,history
1790417100,FAV,60,UP,0.74,13.271964,3.271964,history
1790417100,FAV_all,60,UP,0.74,13.271964,3.271964,history
1790417100,FAV_ref,60,UP,0.74,13.271964,3.271964,history
1790417400,FAV,60,UP,0.8,12.327416,2.327416,history
1790417400,FAV_all,60,UP,0.8,12.327416,2.327416,history
1790417400,FAV_ref,60,UP,0.8,12.327416,2.327416,history
1790417700,FAV,72,DOWN,0.65,15.016706,-10.0,history
1790417700,FAV_all,72,DOWN,0.65,15.016706,-10.0,history
1790417700,FAV_ref,72,DOWN,0.65,15.016706,-10.0,history
1790418300,FAV,60,DOWN,0.66,14.799292,4.799292,history
1790418300,FAV_all,60,DOWN,0.66,14.799292,4.799292,history
1790418300,FAV_ref,60,DOWN,0.66,14.799292,4.799292,history
1790418600,FAV,127,UP,0.67,14.588382,-10.0,history
1790418600,FAV_all,127,UP,0.67,14.588382,-10.0,history
1790418600,FAV_ref,127,UP,0.67,14.588382,-10.0,history
1790418900,FAV,60,DOWN,0.67,14.588382,4.588382,history
1790418900,FAV_all,60,DOWN,0.67,14.588382,4.588382,history
1790418900,FAV_ref,60,DOWN,0.67,14.588382,4.588382,history
1790419200,FAV,60,UP,0.8,12.327416,2.327416,history
1790419200,FAV_all,60,UP,0.8,12.327416,2.327416,history
1790419200,FAV_ref,60,UP,0.8,12.327416,2.327416,history
1790419500,FAV,60,UP,0.84,11.772905,1.772905,history
1790419500,FAV_all,60,UP,0.84,11.772905,1.772905,history
1790419500,FAV_ref,60,UP,0.84,11.772905,1.772905,history
1790419800,FAV,60,UP,0.8,12.327416,-10.0,history
1790419800,FAV_all,60,UP,0.8,12.327416,-10.0,history
1790419800,FAV_ref,60,UP,0.8,12.327416,-10.0,history
1790420100,FAV,61,UP,0.66,14.799292,4.799292,history
1790420100,FAV_all,61,UP,0.66,14.799292,4.799292,history
1790420100,FAV_ref,61,UP,0.66,14.799292,4.799292,history
1790420400,FAV,60,UP,0.69,14.18494,-10.0,history
1790420400,FAV_all,60,UP,0.69,14.18494,-10.0,history
1790420400,FAV_ref,60,UP,0.69,14.18494,-10.0,history
1790420700,FAV,60,DOWN,0.82,12.043375,-10.0,history
1790420700,FAV_all,60,DOWN,0.82,12.043375,-10.0,history
1790420700,FAV_ref,60,DOWN,0.82,12.043375,-10.0,history
1790421000,FAV,60,DOWN,0.73,13.444529,-10.0,history
1790421000,FAV_all,60,DOWN,0.73,13.444529,-10.0,history
1790421000,FAV_ref,60,DOWN,0.73,13.444529,-10.0,history
1790421300,FAV,88,UP,0.65,15.016706,5.016706,history
1790421300,FAV_all,88,UP,0.65,15.016706,5.016706,history
1790421300,FAV_ref,88,UP,0.65,15.016706,5.016706,history
1790421600,FAV,60,DOWN,0.77,12.781235,2.781235,history
1790421600,FAV_all,60,DOWN,0.77,12.781235,2.781235,history
1790421600,FAV_ref,60,DOWN,0.77,12.781235,2.781235,history
1790421900,FAV,128,DOWN,0.76,13.104013,3.104013,history
1790421900,FAV_all,128,DOWN,0.76,13.104013,3.104013,history
1790421900,FAV_ref,128,DOWN,0.76,13.104013,3.104013,history
1790422200,FAV,138,UP,0.65,15.016706,5.016706,history
1790422200,FAV_all,138,UP,0.65,15.016706,5.016706,history
1790422200,FAV_ref,138,UP,0.65,15.016706,5.016706,history
1790422500,FAV,60,UP,0.77,12.781235,2.781235,history
1790422500,FAV_all,60,UP,0.77,12.781235,2.781235,history
1790422500,FAV_ref,60,UP,0.77,12.781235,2.781235,history
1790422800,FAV,60,DOWN,0.84,11.906505,1.906505,history
1790422800,FAV_all,60,DOWN,0.84,11.906505,1.906505,history
1790422800,FAV_ref,60,DOWN,0.84,11.906505,1.906505,history
1790423100,FAV,140,DOWN,0.65,15.016706,5.016706,history
1790423100,FAV_all,140,DOWN,0.65,15.016706,5.016706,history
1790423100,FAV_ref,140,DOWN,0.65,15.016706,5.016706,history
1790423400,FAV,60,UP,0.79,12.327416,2.327416,history
1790423400,FAV_all,60,UP,0.79,12.327416,2.327416,history
1790423400,FAV_ref,60,UP,0.79,12.327416,2.327416,history
1790424000,FAV,60,DOWN,0.7,13.991885,3.991885,history
1790424000,FAV_all,60,DOWN,0.7,13.991885,3.991885,history
1790424000,FAV_ref,60,DOWN,0.7,13.991885,3.991885,history
1790424300,FAV,60,UP,0.8,12.327416,2.327416,history
1790424300,FAV_all,60,UP,0.8,12.327416,2.327416,history
1790424300,FAV_ref,60,UP,0.8,12.327416,2.327416,history
1790424600,FAV,60,DOWN,0.83,11.906505,1.906505,history
1790424600,FAV_all,60,DOWN,0.83,11.906505,1.906505,history
1790424600,FAV_ref,60,DOWN,0.83,11.906505,1.906505,history
1790425500,FAV,60,UP,0.76,12.940494,-10.0,history
1790425500,FAV_all,60,UP,0.76,12.940494,-10.0,history
1790425500,FAV_ref,60,UP,0.76,12.940494,-10.0,history
1790426100,FAV,60,UP,0.7,13.991885,-10.0,history
1790426100,FAV_all,60,UP,0.7,13.991885,-10.0,history
1790426100,FAV_ref,60,UP,0.7,13.991885,-10.0,history
1790426400,FAV,88,DOWN,0.66,14.588382,4.588382,history
1790426400,FAV_all,88,DOWN,0.66,14.588382,4.588382,history
1790426400,FAV_ref,88,DOWN,0.66,14.588382,4.588382,history
1790426700,FAV,60,UP,0.67,14.588382,4.588382,history
1790426700,FAV_all,60,UP,0.67,14.588382,4.588382,history
1790426700,FAV_ref,60,UP,0.67,14.588382,4.588382,history
1790427000,FAV,138,UP,0.66,15.472284,-10.0,history
1790427000,FAV_all,138,UP,0.66,15.472284,-10.0,history
1790427000,FAV_ref,138,UP,0.66,15.472284,-10.0,history
1790427600,FAV,60,DOWN,0.7,13.991885,-10.0,history
1790427600,FAV_all,60,DOWN,0.7,13.991885,-10.0,history
1790427600,FAV_ref,60,DOWN,0.7,13.991885,-10.0,history
1790428500,FAV_all,60,DOWN,0.71,13.80428,3.80428,history
1790428800,FAV,60,UP,0.78,12.626071,-10.0,history
1790428800,FAV_all,60,UP,0.78,12.626071,-10.0,history
1790428800,FAV_ref,60,UP,0.78,12.626071,-10.0,history
1790429100,FAV,60,DOWN,0.7,13.991885,3.991885,history
1790429100,FAV_all,60,DOWN,0.7,13.991885,3.991885,history
1790429100,FAV_ref,60,DOWN,0.7,13.991885,3.991885,history
1790429400,FAV,60,DOWN,0.72,13.6219,3.6219,history
1790429400,FAV_all,60,DOWN,0.72,13.6219,3.6219,history
1790429700,FAV,60,DOWN,0.69,14.18494,-10.0,history
1790429700,FAV_all,60,DOWN,0.69,14.18494,-10.0,history
1790429700,FAV_ref,60,DOWN,0.69,14.18494,-10.0,history
1790430300,FAV,60,UP,0.71,13.80428,3.80428,history
1790430300,FAV_all,60,UP,0.71,13.80428,3.80428,history
1790430300,FAV_ref,60,UP,0.71,13.80428,3.80428,history
1790430600,FAV,62,DOWN,0.65,15.016706,5.016706,history
1790430600,FAV_all,62,DOWN,0.65,15.016706,5.016706,history
1790430600,FAV_ref,62,DOWN,0.65,15.016706,5.016706,history
1790430900,FAV,60,UP,0.74,13.271964,-10.0,history
1790430900,FAV_all,60,UP,0.74,13.271964,-10.0,history
1790430900,FAV_ref,60,UP,0.74,13.271964,-10.0,history
1790431500,FAV,60,DOWN,0.69,14.18494,4.18494,history
1790431500,FAV_all,60,DOWN,0.69,14.18494,4.18494,history
1790431500,FAV_ref,60,DOWN,0.69,14.18494,4.18494,history
1790431800,FAV,60,UP,0.81,12.183637,2.183637,history
1790431800,FAV_all,60,UP,0.81,12.183637,2.183637,history
1790431800,FAV_ref,60,UP,0.81,12.183637,2.183637,history
1790432100,FAV,75,UP,0.79,12.626071,2.626071,history
1790432100,FAV_all,75,UP,0.79,12.626071,2.626071,history
1790432100,FAV_ref,75,UP,0.79,12.626071,2.626071,history
1790432400,FAV,61,DOWN,0.65,15.016706,-10.0,history
1790432400,FAV_all,61,DOWN,0.65,15.016706,-10.0,history
1790432400,FAV_ref,61,DOWN,0.65,15.016706,-10.0,history
1790432700,FAV,89,UP,0.66,14.799292,4.799292,history
1790432700,FAV_all,89,UP,0.66,14.799292,4.799292,history
1790432700,FAV_ref,89,UP,0.66,14.799292,4.799292,history
1790433000,FAV,64,UP,0.65,15.016706,5.016706,history
1790433000,FAV_all,64,UP,0.65,15.016706,5.016706,history
1790433000,FAV_ref,64,UP,0.65,15.016706,5.016706,history
1790433300,FAV,60,DOWN,0.68,14.383688,4.383688,history
1790433300,FAV_all,60,DOWN,0.68,14.383688,4.383688,history
1790433300,FAV_ref,60,DOWN,0.68,14.383688,4.383688,history
1790433600,FAV,61,UP,0.65,15.016706,5.016706,history
1790433600,FAV_all,61,UP,0.65,15.016706,5.016706,history
1790433600,FAV_ref,61,UP,0.65,15.016706,5.016706,history
1790433900,FAV,60,DOWN,0.75,13.104013,-10.0,history
1790433900,FAV_all,60,DOWN,0.75,13.104013,-10.0,history
1790433900,FAV_ref,60,DOWN,0.75,13.104013,-10.0,history
1790434200,FAV,60,UP,0.83,11.906505,1.906505,history
1790434200,FAV_all,60,UP,0.83,11.906505,1.906505,history
1790434200,FAV_ref,60,UP,0.83,11.906505,1.906505,history
1790434800,FAV,60,UP,0.79,12.474848,2.474848,history
1790434800,FAV_all,60,UP,0.79,12.474848,2.474848,history
1790434800,FAV_ref,60,UP,0.79,12.474848,2.474848,history
1790435100,FAV,60,UP,0.66,14.799292,-10.0,history
1790435100,FAV_all,60,UP,0.66,14.799292,-10.0,history
1790435100,FAV_ref,60,UP,0.66,14.799292,-10.0,history
1790435400,FAV,154,UP,0.65,15.016706,5.016706,history
1790435400,FAV_all,154,UP,0.65,15.016706,5.016706,history
1790435400,FAV_ref,154,UP,0.65,15.016706,5.016706,history
1790435700,FAV,60,UP,0.75,13.104013,3.104013,history
1790435700,FAV_all,60,UP,0.75,13.104013,3.104013,history
1790435700,FAV_ref,60,UP,0.75,13.104013,3.104013,history
1790436000,FAV,60,UP,0.71,13.80428,3.80428,history
1790436000,FAV_all,60,UP,0.71,13.80428,3.80428,history
1790436000,FAV_ref,60,UP,0.71,13.80428,3.80428,history
1790436300,FAV,63,UP,0.69,14.588382,4.588382,history
1790436300,FAV_all,63,UP,0.69,14.588382,4.588382,history
1790436300,FAV_ref,63,UP,0.69,14.588382,4.588382,history
1790436600,FAV,60,UP,0.84,11.772905,1.772905,history
1790436600,FAV_all,60,UP,0.84,11.772905,1.772905,history
1790436600,FAV_ref,60,UP,0.84,11.772905,1.772905,history
1790437200,FAV,60,DOWN,0.82,12.043375,2.043375,history
1790437200,FAV_all,60,DOWN,0.82,12.043375,2.043375,history
1790437200,FAV_ref,60,DOWN,0.82,12.043375,2.043375,history
1790437500,FAV,70,DOWN,0.72,14.588382,4.588382,history
1790437500,FAV_all,70,DOWN,0.72,14.588382,4.588382,history
1790437500,FAV_ref,70,DOWN,0.72,14.588382,4.588382,history
1790437800,FAV,60,DOWN,0.67,14.383688,-10.0,history
1790437800,FAV_all,60,DOWN,0.67,14.383688,-10.0,history
1790437800,FAV_ref,60,DOWN,0.67,14.383688,-10.0,history
1790438100,FAV_all,61,DOWN,0.65,15.240929,-10.0,history
1790438100,FAV_mid,61,DOWN,0.65,15.240929,-10.0,history
1790438400,FAV,60,DOWN,0.75,13.104013,3.104013,history
1790438400,FAV_all,60,DOWN,0.75,13.104013,3.104013,history
1790438400,FAV_ref,60,DOWN,0.75,13.104013,3.104013,history
1790438700,FAV,99,UP,0.66,14.799292,4.799292,history
1790438700,FAV_all,99,UP,0.66,14.799292,4.799292,history
1790438700,FAV_ref,99,UP,0.66,14.799292,4.799292,history
1790439000,FAV,60,DOWN,0.84,12.183637,2.183637,history
1790439000,FAV_all,60,DOWN,0.84,12.183637,2.183637,history
1790439000,FAV_ref,60,DOWN,0.84,12.183637,2.183637,history
1790439300,FAV,69,DOWN,0.65,15.016706,-10.0,history
1790439300,FAV_all,69,DOWN,0.65,15.016706,-10.0,history
1790439300,FAV_ref,69,DOWN,0.65,15.016706,-10.0,history
1790439600,FAV,60,DOWN,0.81,12.183637,2.183637,history
1790439600,FAV_all,60,DOWN,0.81,12.183637,2.183637,history
1790439600,FAV_ref,60,DOWN,0.81,12.183637,2.183637,history
1790440200,FAV,60,UP,0.68,14.383688,4.383688,history
1790440200,FAV_all,60,UP,0.68,14.383688,4.383688,history
1790440200,FAV_ref,60,UP,0.68,14.383688,4.383688,history
1790440500,FAV,60,DOWN,0.75,12.940494,2.940494,history
1790440500,FAV_all,60,DOWN,0.75,12.940494,2.940494,history
1790440500,FAV_ref,60,DOWN,0.75,12.940494,2.940494,history
1790441100,FAV,60,DOWN,0.72,13.6219,3.6219,history
1790441100,FAV_all,60,DOWN,0.72,13.6219,3.6219,history
1790441100,FAV_ref,60,DOWN,0.72,13.6219,3.6219,history
1790441400,FAV,99,DOWN,0.67,14.588382,4.588382,history
1790441400,FAV_all,99,DOWN,0.67,14.588382,4.588382,history
1790441400,FAV_ref,99,DOWN,0.67,14.588382,4.588382,history
1790441700,FAV,67,DOWN,0.68,14.588382,4.588382,history
1790441700,FAV_all,67,DOWN,0.68,14.588382,4.588382,history
1790441700,FAV_ref,67,DOWN,0.68,14.588382,4.588382,history
1790442000,FAV,102,UP,0.77,12.781235,-10.0,history
1790442000,FAV_all,102,UP,0.77,12.781235,-10.0,history
1790442000,FAV_ref,102,UP,0.77,12.781235,-10.0,history
1790442300,FAV,104,DOWN,0.65,15.240929,5.240929,history
1790442300,FAV_all,104,DOWN,0.65,15.240929,5.240929,history
1790442300,FAV_ref,104,DOWN,0.65,15.240929,5.240929,history
1790442600,FAV,60,DOWN,0.72,13.6219,-10.0,history
1790442600,FAV_all,60,DOWN,0.72,13.6219,-10.0,history
1790442600,FAV_ref,60,DOWN,0.72,13.6219,-10.0,history
1790442900,FAV,60,DOWN,0.84,11.772905,1.772905,history
1790442900,FAV_all,60,DOWN,0.84,11.772905,1.772905,history
1790442900,FAV_ref,60,DOWN,0.84,11.772905,1.772905,history
1790443200,FAV,60,UP,0.74,13.271964,3.271964,history
1790443200,FAV_all,60,UP,0.74,13.271964,3.271964,history
1790443200,FAV_ref,60,UP,0.74,13.271964,3.271964,history
1790443500,FAV,63,UP,0.65,14.799292,-10.0,history
1790443500,FAV_all,63,UP,0.65,14.799292,-10.0,history
1790443500,FAV_ref,63,UP,0.65,14.799292,-10.0,history
1790443800,FAV,73,UP,0.65,20.101634,-10.0,history
1790443800,FAV_all,73,UP,0.65,20.101634,-10.0,history
1790443800,FAV_ref,73,UP,0.65,20.101634,-10.0,history
1790444100,FAV,90,UP,0.65,15.016706,5.016706,history
1790444100,FAV_all,90,UP,0.65,15.016706,5.016706,history
1790444100,FAV_ref,90,UP,0.65,15.016706,5.016706,history
1790444400,FAV,60,UP,0.67,14.588382,4.588382,history
1790444400,FAV_all,60,UP,0.67,14.588382,4.588382,history
1790444400,FAV_ref,60,UP,0.67,14.588382,4.588382,history
1790444700,FAV,60,UP,0.77,12.626071,2.626071,history
1790444700,FAV_all,60,UP,0.77,12.626071,2.626071,history
1790444700,FAV_ref,60,UP,0.77,12.626071,2.626071,history
1790445000,FAV,60,DOWN,0.77,12.626071,2.626071,history
1790445000,FAV_all,60,DOWN,0.77,12.626071,2.626071,history
1790445000,FAV_ref,60,DOWN,0.77,12.626071,2.626071,history
1790445600,FAV,73,DOWN,0.65,15.016706,-10.0,history
1790445600,FAV_all,73,DOWN,0.65,15.016706,-10.0,history
1790445600,FAV_ref,73,DOWN,0.65,15.016706,-10.0,history
1790445900,FAV,70,UP,0.66,14.799292,-10.0,history
1790445900,FAV_all,70,UP,0.66,14.799292,-10.0,history
1790445900,FAV_ref,70,UP,0.66,14.799292,-10.0,history
1790446200,FAV,78,DOWN,0.67,14.588382,4.588382,history
1790446200,FAV_all,78,DOWN,0.67,14.588382,4.588382,history
1790446200,FAV_ref,78,DOWN,0.67,14.588382,4.588382,history
1790446500,FAV,60,DOWN,0.8,12.327416,2.327416,history
1790446500,FAV_all,60,DOWN,0.8,12.327416,2.327416,history
1790446500,FAV_ref,60,DOWN,0.8,12.327416,2.327416,history
1790447100,FAV,60,DOWN,0.85,11.515059,1.515059,history
1790447100,FAV_all,60,DOWN,0.85,11.515059,1.515059,history
1790447100,FAV_ref,60,DOWN,0.85,11.515059,1.515059,history
1790447400,FAV,63,DOWN,0.65,15.016706,-10.0,history
1790447400,FAV_all,63,DOWN,0.65,15.016706,-10.0,history
1790447400,FAV_ref,63,DOWN,0.65,15.016706,-10.0,history
1790447700,FAV,60,DOWN,0.75,13.104013,3.104013,history
1790447700,FAV_all,60,DOWN,0.75,13.104013,3.104013,history
1790447700,FAV_ref,60,DOWN,0.75,13.104013,3.104013,history
1790448000,FAV,65,UP,0.65,15.472284,-10.0,history
1790448000,FAV_all,65,UP,0.65,15.472284,-10.0,history
1790448000,FAV_ref,65,UP,0.65,15.472284,-10.0,history
1790448300,FAV,60,DOWN,0.66,14.799292,4.799292,history
1790448300,FAV_all,60,DOWN,0.66,14.799292,4.799292,history
1790448300,FAV_ref,60,DOWN,0.66,14.799292,4.799292,history
1790448900,FAV,133,UP,0.65,15.016706,-10.0,history
1790448900,FAV_all,133,UP,0.65,15.016706,-10.0,history
1790448900,FAV_ref,133,UP,0.65,15.016706,-10.0,history
1790449500,FAV,107,DOWN,0.73,13.80428,3.80428,history
1790449500,FAV_all,107,DOWN,0.73,13.80428,3.80428,history
1790449500,FAV_ref,107,DOWN,0.73,13.80428,3.80428,history
1790449800,FAV,60,DOWN,0.77,12.626071,-10.0,history
1790449800,FAV_all,60,DOWN,0.77,12.626071,-10.0,history
1790449800,FAV_ref,60,DOWN,0.77,12.626071,-10.0,history
1790450100,FAV,91,UP,0.65,15.016706,5.016706,history
1790450100,FAV_all,91,UP,0.65,15.016706,5.016706,history
1790450100,FAV_ref,91,UP,0.65,15.016706,5.016706,history
1790450400,FAV,60,DOWN,0.83,11.906505,-10.0,history
1790450400,FAV_all,60,DOWN,0.83,11.906505,-10.0,history
1790450400,FAV_ref,60,DOWN,0.83,11.906505,-10.0,history
1790451000,FAV,60,DOWN,0.84,11.772905,1.772905,history
1790451000,FAV_all,60,DOWN,0.84,11.772905,1.772905,history
1790451000,FAV_ref,60,DOWN,0.84,11.772905,1.772905,history
1790451300,FAV,60,UP,0.69,13.991885,-10.0,history
1790451300,FAV_all,60,UP,0.69,13.991885,-10.0,history
1790451300,FAV_ref,60,UP,0.69,13.991885,-10.0,history
1790451600,FAV,60,UP,0.8,12.327416,2.327416,history
1790451600,FAV_all,60,UP,0.8,12.327416,2.327416,history
1790451600,FAV_ref,60,UP,0.8,12.327416,2.327416,history
1790451900,FAV,92,UP,0.66,15.016706,5.016706,history
1790451900,FAV_all,92,UP,0.66,15.016706,5.016706,history
1790451900,FAV_ref,92,UP,0.66,15.016706,5.016706,history
1790452200,FAV,60,DOWN,0.78,12.626071,2.626071,history
1790452200,FAV_all,60,DOWN,0.78,12.626071,2.626071,history
1790452200,FAV_ref,60,DOWN,0.78,12.626071,2.626071,history
1790452500,FAV,146,UP,0.67,14.588382,4.588382,history
1790452500,FAV_all,146,UP,0.67,14.588382,4.588382,history
1790452500,FAV_ref,146,UP,0.67,14.588382,4.588382,history
1790452800,FAV,86,DOWN,0.65,15.016706,-10.0,history
1790452800,FAV_all,86,DOWN,0.65,15.016706,-10.0,history
1790452800,FAV_ref,86,DOWN,0.65,15.016706,-10.0,history
1790453700,FAV,60,UP,0.84,11.772905,1.772905,history
1790453700,FAV_all,60,UP,0.84,11.772905,1.772905,history
1790453700,FAV_ref,60,UP,0.84,11.772905,1.772905,history
1790454000,FAV,66,DOWN,0.72,14.18494,-10.0,history
1790454000,FAV_all,66,DOWN,0.72,14.18494,-10.0,history
1790454000,FAV_ref,66,DOWN,0.72,14.18494,-10.0,history
1790454600,FAV,114,UP,0.75,13.104013,3.104013,history
1790454600,FAV_all,114,UP,0.75,13.104013,3.104013,history
1790454600,FAV_ref,114,UP,0.75,13.104013,3.104013,history
1790454900,FAV,60,DOWN,0.79,12.474848,2.474848,history
1790454900,FAV_all,60,DOWN,0.79,12.474848,2.474848,history
1790454900,FAV_ref,60,DOWN,0.79,12.474848,2.474848,history
1790455500,FAV_all,131,UP,0.82,13.444529,-10.0,history
1790455500,FAV_mid,131,UP,0.82,13.444529,-10.0,history
1790456100,FAV,68,UP,0.81,12.940494,2.940494,history
1790456100,FAV_all,68,UP,0.81,12.940494,2.940494,history
1790456100,FAV_ref,68,UP,0.81,12.940494,2.940494,history
1790456700,FAV,93,UP,0.65,15.016706,5.016706,history
1790456700,FAV_all,93,UP,0.65,15.016706,5.016706,history
1790456700,FAV_ref,93,UP,0.65,15.016706,5.016706,history
1790457300,FAV,60,UP,0.67,14.383688,4.383688,history
1790457300,FAV_all,60,UP,0.67,14.383688,4.383688,history
1790457300,FAV_ref,60,UP,0.67,14.383688,4.383688,history
1790457600,FAV,161,DOWN,0.84,11.64246,1.64246,history
1790457600,FAV_all,161,DOWN,0.84,11.64246,1.64246,history
1790457600,FAV_ref,161,DOWN,0.84,11.64246,1.64246,history
1790458200,FAV,60,UP,0.71,14.18494,4.18494,history
1790458200,FAV_all,60,UP,0.71,14.18494,4.18494,history
1790458200,FAV_ref,60,UP,0.71,14.18494,4.18494,history
1790458500,FAV,75,DOWN,0.65,15.016706,5.016706,history
1790458500,FAV_all,75,DOWN,0.65,15.016706,5.016706,history
1790458500,FAV_ref,75,DOWN,0.65,15.016706,5.016706,history
1790458800,FAV,60,DOWN,0.83,11.906505,1.906505,history
1790458800,FAV_all,60,DOWN,0.83,11.906505,1.906505,history
1790458800,FAV_ref,60,DOWN,0.83,11.906505,1.906505,history
1790459100,FAV,121,DOWN,0.65,15.016706,5.016706,history
1790459100,FAV_all,121,DOWN,0.65,15.016706,5.016706,history
1790459100,FAV_ref,121,DOWN,0.65,15.016706,5.016706,history
1790459400,FAV,60,DOWN,0.72,13.6219,3.6219,history
1790459400,FAV_all,60,DOWN,0.72,13.6219,3.6219,history
1790459400,FAV_ref,60,DOWN,0.72,13.6219,3.6219,history
1790459700,FAV,60,DOWN,0.72,13.6219,-10.0,history
1790459700,FAV_all,60,DOWN,0.72,13.6219,-10.0,history
1790459700,FAV_ref,60,DOWN,0.72,13.6219,-10.0,history
1790460000,FAV,60,UP,0.73,13.444529,3.444529,history
1790460000,FAV_all,60,UP,0.73,13.444529,3.444529,history
1790460000,FAV_ref,60,UP,0.73,13.444529,3.444529,history
1790460600,FAV_all,75,UP,0.65,14.799292,4.799292,history
1790460900,FAV,60,UP,0.65,15.016706,-10.0,history
1790460900,FAV_all,60,UP,0.65,15.016706,-10.0,history
1790460900,FAV_ref,60,UP,0.65,15.016706,-10.0,history
1790461200,FAV,60,DOWN,0.8,12.183637,-10.0,history
1790461200,FAV_all,60,DOWN,0.8,12.183637,-10.0,history
1790461200,FAV_ref,60,DOWN,0.8,12.183637,-10.0,history
1790461800,FAV_all,73,DOWN,0.66,14.588382,4.588382,history
1790461800,FAV_mid,73,DOWN,0.66,14.588382,4.588382,history
1790462100,FAV,77,DOWN,0.67,14.799292,4.799292,history
1790462100,FAV_all,77,DOWN,0.67,14.799292,4.799292,history
1790462100,FAV_ref,77,DOWN,0.67,14.799292,4.799292,history
1790462700,FAV,60,DOWN,0.69,14.18494,-10.0,history
1790462700,FAV_all,60,DOWN,0.69,14.18494,-10.0,history
1790462700,FAV_ref,60,DOWN,0.69,14.18494,-10.0,history
1790463000,FAV,60,UP,0.7,13.991885,3.991885,history
1790463000,FAV_all,60,UP,0.7,13.991885,3.991885,history
1790463000,FAV_ref,60,UP,0.7,13.991885,3.991885,history
1790463300,FAV,64,DOWN,0.83,12.183637,2.183637,history
1790463300,FAV_all,64,DOWN,0.83,12.183637,2.183637,history
1790463300,FAV_ref,64,DOWN,0.83,12.183637,2.183637,history
1790463600,FAV,60,UP,0.84,11.772905,1.772905,history
1790463600,FAV_all,60,UP,0.84,11.772905,1.772905,history
1790463600,FAV_ref,60,UP,0.84,11.772905,1.772905,history
1790463900,FAV,60,DOWN,0.81,12.183637,2.183637,history
1790463900,FAV_all,60,DOWN,0.81,12.183637,2.183637,history
1790463900,FAV_ref,60,DOWN,0.81,12.183637,2.183637,history
1790464800,FAV_all,137,UP,0.85,12.327416,2.327416,history
1790464800,FAV_mid,137,UP,0.85,12.327416,2.327416,history
1790465100,FAV,68,DOWN,0.65,15.016706,5.016706,history
1790465100,FAV_all,68,DOWN,0.65,15.016706,5.016706,history
1790465100,FAV_ref,68,DOWN,0.65,15.016706,5.016706,history
1790465400,FAV_all,60,UP,0.82,12.043375,2.043375,history
1790466000,FAV_all,93,UP,0.65,14.799292,-10.0,history
1790466000,FAV_mid,93,UP,0.65,14.799292,-10.0,history
1790466300,FAV,60,UP,0.82,12.043375,2.043375,history
1790466300,FAV_all,60,UP,0.82,12.043375,2.043375,history
1790466300,FAV_ref,60,UP,0.82,12.043375,2.043375,history
1790466600,FAV,101,UP,0.66,15.016706,5.016706,history
1790466600,FAV_all,101,UP,0.66,15.016706,5.016706,history
1790466600,FAV_ref,101,UP,0.66,15.016706,5.016706,history
1790466900,FAV,60,DOWN,0.69,13.991885,-10.0,history
1790466900,FAV_all,60,DOWN,0.69,13.991885,-10.0,history
1790466900,FAV_ref,60,DOWN,0.69,13.991885,-10.0,history
1790467200,FAV,67,DOWN,0.67,14.383688,4.383688,history
1790467200,FAV_all,67,DOWN,0.67,14.383688,4.383688,history
1790467200,FAV_ref,67,DOWN,0.67,14.383688,4.383688,history
1790467500,FAV,67,UP,0.65,15.016706,5.016706,history
1790467500,FAV_all,67,UP,0.65,15.016706,5.016706,history
1790467500,FAV_ref,67,UP,0.65,15.016706,5.016706,history
1790467800,FAV,60,DOWN,0.82,12.043375,2.043375,history
1790467800,FAV_all,60,DOWN,0.82,12.043375,2.043375,history
1790467800,FAV_ref,60,DOWN,0.82,12.043375,2.043375,history
1790468100,FAV,60,DOWN,0.76,12.940494,2.940494,history
1790468100,FAV_all,60,DOWN,0.76,12.940494,2.940494,history
1790468100,FAV_ref,60,DOWN,0.76,12.940494,2.940494,history
1790468400,FAV,114,DOWN,0.67,14.588382,4.588382,history
1790468400,FAV_all,114,DOWN,0.67,14.588382,4.588382,history
1790468400,FAV_ref,114,DOWN,0.67,14.588382,4.588382,history
1790468700,FAV,62,DOWN,0.65,15.472284,5.472284,history
1790468700,FAV_all,62,DOWN,0.65,15.472284,5.472284,history
1790468700,FAV_ref,62,DOWN,0.65,15.472284,5.472284,history
1790469000,FAV,100,UP,0.76,13.271964,3.271964,history
1790469000,FAV_all,100,UP,0.76,13.271964,3.271964,history
1790469000,FAV_ref,100,UP,0.76,13.271964,3.271964,history
1790469300,FAV,60,UP,0.76,12.940494,2.940494,history
1790469300,FAV_all,60,UP,0.76,12.940494,2.940494,history
1790469300,FAV_ref,60,UP,0.76,12.940494,2.940494,history
1790469600,FAV,69,DOWN,0.65,15.016706,5.016706,history
1790469600,FAV_all,69,DOWN,0.65,15.016706,5.016706,history
1790469600,FAV_ref,69,DOWN,0.65,15.016706,5.016706,history
1790469900,FAV,102,DOWN,0.65,15.016706,5.016706,history
1790469900,FAV_all,102,DOWN,0.65,15.016706,5.016706,history
1790469900,FAV_ref,102,DOWN,0.65,15.016706,5.016706,history
1790470200,FAV,60,DOWN,0.78,12.626071,2.626071,history
1790470200,FAV_all,60,DOWN,0.78,12.626071,2.626071,history
1790470200,FAV_ref,60,DOWN,0.78,12.626071,2.626071,history
1790470500,FAV,151,DOWN,0.65,15.016706,-10.0,history
1790470500,FAV_all,151,DOWN,0.65,15.016706,-10.0,history
1790470500,FAV_ref,151,DOWN,0.65,15.016706,-10.0,history
1790470800,FAV,63,DOWN,0.72,14.18494,4.18494,history
1790470800,FAV_all,63,DOWN,0.72,14.18494,4.18494,history
1790470800,FAV_ref,63,DOWN,0.72,14.18494,4.18494,history
1790471100,FAV,60,DOWN,0.84,11.772905,-10.0,history
1790471100,FAV_all,60,DOWN,0.84,11.772905,-10.0,history
1790471100,FAV_ref,60,DOWN,0.84,11.772905,-10.0,history
1790471700,FAV,60,UP,0.83,11.906505,-10.0,history
1790471700,FAV_all,60,UP,0.83,11.906505,-10.0,history
1790471700,FAV_ref,60,UP,0.83,11.906505,-10.0,history
1790472000,FAV_all,93,UP,0.67,14.588382,4.588382,history
1790472000,FAV_mid,93,UP,0.67,14.588382,4.588382,history
1790472000,FAV_ref,93,UP,0.67,14.588382,4.588382,history
1790472600,FAV,84,UP,0.76,13.104013,-10.0,history
1790472600,FAV_all,84,UP,0.76,13.104013,-10.0,history
1790472600,FAV_ref,84,UP,0.76,13.104013,-10.0,history
1790472900,FAV,62,UP,0.65,15.016706,5.016706,history
1790472900,FAV_all,62,UP,0.65,15.016706,5.016706,history
1790472900,FAV_ref,62,UP,0.65,15.016706,5.016706,history
1790473500,FAV,60,UP,0.85,11.64246,1.64246,history
1790473500,FAV_all,60,UP,0.85,11.64246,1.64246,history
1790473500,FAV_ref,60,UP,0.85,11.64246,1.64246,history
1790473800,FAV,60,UP,0.8,12.327416,2.327416,history
1790473800,FAV_all,60,UP,0.8,12.327416,2.327416,history
1790473800,FAV_ref,60,UP,0.8,12.327416,2.327416,history
1790474100,FAV_all,60,UP,0.73,14.18494,-10.0,history
1790474100,FAV_mid,60,UP,0.73,14.18494,-10.0,history
1790474400,FAV,104,DOWN,0.65,14.799292,4.799292,history
1790474400,FAV_all,104,DOWN,0.65,14.799292,4.799292,history
1790474400,FAV_ref,104,DOWN,0.65,14.799292,4.799292,history
1790475000,FAV,62,DOWN,0.83,11.906505,1.906505,history
1790475000,FAV_all,62,DOWN,0.83,11.906505,1.906505,history
1790475000,FAV_ref,62,DOWN,0.83,11.906505,1.906505,history
1790475300,FAV,60,UP,0.68,14.18494,4.18494,history
1790475300,FAV_all,60,UP,0.68,14.18494,4.18494,history
1790475300,FAV_ref,60,UP,0.68,14.18494,4.18494,history
1790475900,FAV,60,DOWN,0.68,15.240929,5.240929,history
1790475900,FAV_all,60,DOWN,0.68,15.240929,5.240929,history
1790475900,FAV_ref,60,DOWN,0.68,15.240929,5.240929,history
1790476200,FAV,60,UP,0.74,13.104013,3.104013,history
1790476200,FAV_all,60,UP,0.74,13.104013,3.104013,history
1790476200,FAV_ref,60,UP,0.74,13.104013,3.104013,history
1790476500,FAV,60,DOWN,0.65,15.016706,5.016706,history
1790476500,FAV_all,60,DOWN,0.65,15.016706,5.016706,history
1790476500,FAV_ref,60,DOWN,0.65,15.016706,5.016706,history
1790476800,FAV,60,DOWN,0.65,15.016706,5.016706,history
1790476800,FAV_all,60,DOWN,0.65,15.016706,5.016706,history
1790476800,FAV_ref,60,DOWN,0.65,15.016706,5.016706,history
1790477100,FAV,93,DOWN,0.65,15.016706,5.016706,history
1790477100,FAV_all,93,DOWN,0.65,15.016706,5.016706,history
1790477100,FAV_ref,93,DOWN,0.65,15.016706,5.016706,history
1790477400,FAV,64,UP,0.85,11.906505,1.906505,history
1790477400,FAV_all,64,UP,0.85,11.906505,1.906505,history
1790477400,FAV_ref,64,UP,0.85,11.906505,1.906505,history
1790478300,FAV,60,UP,0.73,13.444529,3.444529,history
1790478300,FAV_all,60,UP,0.73,13.444529,3.444529,history
1790478300,FAV_ref,60,UP,0.73,13.444529,3.444529,history
1790478900,FAV,60,DOWN,0.79,12.327416,2.327416,history
1790478900,FAV_all,60,DOWN,0.79,12.327416,2.327416,history
1790479500,FAV,60,DOWN,0.81,12.183637,2.183637,history
1790479500,FAV_all,60,DOWN,0.81,12.183637,2.183637,history
1790479500,FAV_ref,60,DOWN,0.81,12.183637,2.183637,history
1790479800,FAV,60,UP,0.82,12.043375,2.043375,history
1790479800,FAV_all,60,UP,0.82,12.043375,2.043375,history
1790479800,FAV_ref,60,UP,0.82,12.043375,2.043375,history
1790480700,FAV,60,DOWN,0.72,13.6219,3.6219,history
1790480700,FAV_all,60,DOWN,0.72,13.6219,3.6219,history
1790480700,FAV_ref,60,DOWN,0.72,13.6219,3.6219,history
1790481000,FAV,71,DOWN,0.68,14.588382,-10.0,history
1790481000,FAV_all,71,DOWN,0.68,14.588382,-10.0,history
1790481000,FAV_ref,71,DOWN,0.68,14.588382,-10.0,history
1790481300,FAV,60,UP,0.78,12.781235,2.781235,history
1790481300,FAV_all,60,UP,0.78,12.781235,2.781235,history
1790481300,FAV_ref,60,UP,0.78,12.781235,2.781235,history
1790481600,FAV,100,DOWN,0.65,15.016706,5.016706,history
1790481600,FAV_all,100,DOWN,0.65,15.016706,5.016706,history
1790481600,FAV_ref,100,DOWN,0.65,15.016706,5.016706,history
1790482500,FAV,77,DOWN,0.72,14.18494,4.18494,history
1790482500,FAV_all,77,DOWN,0.72,14.18494,4.18494,history
1790482500,FAV_ref,77,DOWN,0.72,14.18494,4.18494,history
1790483700,FAV,60,UP,0.68,14.383688,-10.0,history
1790483700,FAV_all,60,UP,0.68,14.383688,-10.0,history
1790483700,FAV_ref,60,UP,0.68,14.383688,-10.0,history
1790484000,FAV,60,DOWN,0.78,12.474848,2.474848,history
1790484000,FAV_all,60,DOWN,0.78,12.474848,2.474848,history
1790484000,FAV_ref,60,DOWN,0.78,12.474848,2.474848,history
1790484300,FAV,63,DOWN,0.75,13.6219,-10.0,history
1790484300,FAV_all,63,DOWN,0.75,13.6219,-10.0,history
1790484300,FAV_ref,63,DOWN,0.75,13.6219,-10.0,history
1790484600,FAV_all,60,DOWN,0.84,11.64246,1.64246,history
1790484600,FAV_mid,60,DOWN,0.84,11.64246,1.64246,history
1790484600,FAV_ref,60,DOWN,0.84,11.64246,1.64246,history
1790484900,FAV,87,DOWN,0.65,15.016706,-10.0,history
1790484900,FAV_all,87,DOWN,0.65,15.016706,-10.0,history
1790484900,FAV_ref,87,DOWN,0.65,15.016706,-10.0,history
1790485200,FAV,60,DOWN,0.68,14.383688,-10.0,history
1790485200,FAV_all,60,DOWN,0.68,14.383688,-10.0,history
1790485200,FAV_ref,60,DOWN,0.68,14.383688,-10.0,history
1790485500,FAV,60,UP,0.85,11.772905,1.772905,history
1790485500,FAV_all,60,UP,0.85,11.772905,1.772905,history
1790485500,FAV_ref,60,UP,0.85,11.772905,1.772905,history
1790485800,FAV,60,DOWN,0.65,15.016706,5.016706,history
1790485800,FAV_all,60,DOWN,0.65,15.016706,5.016706,history
1790485800,FAV_ref,60,DOWN,0.65,15.016706,5.016706,history
1790486100,FAV,60,UP,0.75,13.104013,3.104013,history
1790486100,FAV_all,60,UP,0.75,13.104013,3.104013,history
1790486100,FAV_ref,60,UP,0.75,13.104013,3.104013,history
1790486700,FAV,91,UP,0.69,14.383688,-10.0,history
1790486700,FAV_all,91,UP,0.69,14.383688,-10.0,history
1790486700,FAV_ref,91,UP,0.69,14.383688,-10.0,history
1790487000,FAV,75,UP,0.84,11.64246,1.64246,history
1790487000,FAV_all,75,UP,0.84,11.64246,1.64246,history
1790487000,FAV_ref,75,UP,0.84,11.64246,1.64246,history
1790487900,FAV,60,UP,0.68,14.383688,-10.0,history
1790487900,FAV_all,60,UP,0.68,14.383688,-10.0,history
1790487900,FAV_ref,60,UP,0.68,14.383688,-10.0,history
1790488200,FAV,60,DOWN,0.76,12.940494,2.940494,history
1790488200,FAV_all,60,DOWN,0.76,12.940494,2.940494,history
1790488200,FAV_ref,60,DOWN,0.76,12.940494,2.940494,history
1790488500,FAV,62,DOWN,0.72,14.18494,-10.0,history
1790488500,FAV_all,62,DOWN,0.72,14.18494,-10.0,history
1790488500,FAV_ref,62,DOWN,0.72,14.18494,-10.0,history
1790488800,FAV,91,DOWN,0.66,15.016706,-10.0,history
1790488800,FAV_all,91,DOWN,0.66,15.016706,-10.0,history
1790488800,FAV_ref,91,DOWN,0.66,15.016706,-10.0,history
1790489100,FAV,60,UP,0.78,12.626071,2.626071,history
1790489100,FAV_all,60,UP,0.78,12.626071,2.626071,history
1790489100,FAV_ref,60,UP,0.78,12.626071,2.626071,history
1790489700,FAV,60,DOWN,0.67,14.588382,4.588382,history
1790489700,FAV_all,60,DOWN,0.67,14.588382,4.588382,history
1790489700,FAV_ref,60,DOWN,0.67,14.588382,4.588382,history
1790490000,FAV,97,UP,0.82,13.991885,3.991885,history
1790490000,FAV_all,97,UP,0.82,13.991885,3.991885,history
1790490000,FAV_ref,97,UP,0.82,13.991885,3.991885,history
1790490300,FAV,60,DOWN,0.73,13.444529,3.444529,history
1790490300,FAV_all,60,DOWN,0.73,13.444529,3.444529,history
1790490300,FAV_ref,60,DOWN,0.73,13.444529,3.444529,history
1790490600,FAV,92,DOWN,0.71,14.18494,4.18494,history
1790490600,FAV_all,92,DOWN,0.71,14.18494,4.18494,history
1790490600,FAV_ref,92,DOWN,0.71,14.18494,4.18494,history
1790490900,FAV,60,UP,0.8,12.327416,-10.0,history
1790490900,FAV_all,60,UP,0.8,12.327416,-10.0,history
1790490900,FAV_ref,60,UP,0.8,12.327416,-10.0,history
1790491200,FAV,94,UP,0.81,14.383688,-10.0,history
1790491200,FAV_all,94,UP,0.81,14.383688,-10.0,history
1790491200,FAV_ref,94,UP,0.81,14.383688,-10.0,history
1790491500,FAV,60,UP,0.75,13.104013,3.104013,history
1790491500,FAV_all,60,UP,0.75,13.104013,3.104013,history
1790491500,FAV_ref,60,UP,0.75,13.104013,3.104013,history
1790491800,FAV,61,DOWN,0.85,11.772905,1.772905,history
1790491800,FAV_all,61,DOWN,0.85,11.772905,1.772905,history
1790491800,FAV_ref,61,DOWN,0.85,11.772905,1.772905,history
1790492100,FAV,60,DOWN,0.73,13.271964,-10.0,history
1790492100,FAV_all,60,DOWN,0.73,13.271964,-10.0,history
1790492100,FAV_ref,60,DOWN,0.73,13.271964,-10.0,history
1790492400,FAV,67,UP,0.65,15.472284,5.472284,history
1790492400,FAV_all,67,UP,0.65,15.472284,5.472284,history
1790492400,FAV_ref,67,UP,0.65,15.472284,5.472284,history
1790493000,FAV,60,UP,0.7,13.991885,-10.0,history
1790493000,FAV_all,60,UP,0.7,13.991885,-10.0,history
1790493000,FAV_ref,60,UP,0.7,13.991885,-10.0,history
1790493300,FAV,60,UP,0.83,11.906505,-10.0,history
1790493300,FAV_all,60,UP,0.83,11.906505,-10.0,history
1790493300,FAV_ref,60,UP,0.83,11.906505,-10.0,history
1790493600,FAV,61,DOWN,0.65,15.016706,5.016706,history
1790493600,FAV_all,61,DOWN,0.65,15.016706,5.016706,history
1790493600,FAV_ref,61,DOWN,0.65,15.016706,5.016706,history
1790493900,FAV,60,UP,0.75,13.104013,3.104013,history
1790493900,FAV_all,60,UP,0.75,13.104013,3.104013,history
1790493900,FAV_ref,60,UP,0.75,13.104013,3.104013,history
1790494200,FAV,162,UP,0.7,13.991885,3.991885,history
1790494200,FAV_all,162,UP,0.7,13.991885,3.991885,history
1790494200,FAV_ref,162,UP,0.7,13.991885,3.991885,history
1790494500,FAV,60,DOWN,0.71,13.80428,3.80428,history
1790494500,FAV_all,60,DOWN,0.71,13.80428,3.80428,history
1790494500,FAV_ref,60,DOWN,0.71,13.80428,3.80428,history
1790494800,FAV,163,UP,0.85,11.515059,1.515059,history
1790494800,FAV_all,163,UP,0.85,11.515059,1.515059,history
1790494800,FAV_ref,163,UP,0.85,11.515059,1.515059,history
1790495100,FAV,60,DOWN,0.8,12.327416,-10.0,history
1790495100,FAV_all,60,DOWN,0.8,12.327416,-10.0,history
1790495100,FAV_ref,60,DOWN,0.8,12.327416,-10.0,history
1790496000,FAV_all,92,DOWN,0.84,11.772905,-10.0,history
1790496000,FAV_mid,92,DOWN,0.84,11.772905,-10.0,history
1790496300,FAV_all,99,UP,0.69,14.18494,4.18494,history
1790496600,FAV,139,DOWN,0.66,14.588382,4.588382,history
1790496600,FAV_all,139,DOWN,0.66,14.588382,4.588382,history
1790496600,FAV_ref,139,DOWN,0.66,14.588382,4.588382,history
1790496900,FAV,60,UP,0.77,12.781235,2.781235,history
1790496900,FAV_all,60,UP,0.77,12.781235,2.781235,history
1790496900,FAV_ref,60,UP,0.77,12.781235,2.781235,history
1790497500,FAV_all,74,DOWN,0.65,15.472284,-10.0,history
1790497500,FAV_mid,74,DOWN,0.65,15.472284,-10.0,history
1790497800,FAV,60,DOWN,0.8,12.327416,-10.0,history
1790497800,FAV_all,60,DOWN,0.8,12.327416,-10.0,history
1790497800,FAV_ref,60,DOWN,0.8,12.327416,-10.0,history
1790498100,FAV_all,60,DOWN,0.82,12.043375,2.043375,history
1790498100,FAV_mid,60,DOWN,0.82,12.043375,2.043375,history
1790498100,FAV_ref,60,DOWN,0.82,12.043375,2.043375,history
1790499000,FAV,60,UP,0.72,13.6219,3.6219,history
1790499000,FAV_all,60,UP,0.72,13.6219,3.6219,history
1790499300,FAV,60,UP,0.67,17.03122,7.03122,history
1790499300,FAV_all,60,UP,0.67,17.03122,7.03122,history
1790499300,FAV_ref,60,UP,0.67,17.03122,7.03122,history
1790499600,FAV,60,DOWN,0.79,12.474848,2.474848,history
1790499600,FAV_all,60,DOWN,0.79,12.474848,2.474848,history
1790499600,FAV_ref,60,DOWN,0.79,12.474848,2.474848,history
1790499900,FAV,60,DOWN,0.84,11.772905,1.772905,history
1790499900,FAV_all,60,DOWN,0.84,11.772905,1.772905,history
1790499900,FAV_ref,60,DOWN,0.84,11.772905,1.772905,history
1790500200,FAV,81,DOWN,0.79,14.383688,-10.0,history
1790500200,FAV_all,81,DOWN,0.79,14.383688,-10.0,history
1790500200,FAV_ref,81,DOWN,0.79,14.383688,-10.0,history
1790500500,FAV_all,65,UP,0.66,14.799292,-10.0,history
1790500500,FAV_mid,65,UP,0.66,14.799292,-10.0,history
1790500800,FAV,125,DOWN,0.65,15.016706,5.016706,history
1790500800,FAV_all,125,DOWN,0.65,15.016706,5.016706,history
1790500800,FAV_ref,125,DOWN,0.65,15.016706,5.016706,history
1790501100,FAV,60,UP,0.75,12.940494,2.940494,history
1790501100,FAV_all,60,UP,0.75,12.940494,2.940494,history
1790501100,FAV_ref,60,UP,0.75,12.940494,2.940494,history
1790501400,FAV,60,UP,0.66,14.799292,4.799292,history
1790501400,FAV_all,60,UP,0.66,14.799292,4.799292,history
1790501400,FAV_ref,60,UP,0.66,14.799292,4.799292,history
1790501700,FAV,105,DOWN,0.85,11.772905,1.772905,history
1790501700,FAV_all,105,DOWN,0.85,11.772905,1.772905,history
1790501700,FAV_ref,105,DOWN,0.85,11.772905,1.772905,history
1790502000,FAV,60,UP,0.66,14.799292,4.799292,history
1790502000,FAV_all,60,UP,0.66,14.799292,4.799292,history
1790502000,FAV_ref,60,UP,0.66,14.799292,4.799292,history
1790502600,FAV_all,60,UP,0.67,14.588382,-10.0,history
1790502600,FAV_mid,60,UP,0.67,14.588382,-10.0,history
1790502900,FAV,60,DOWN,0.72,13.6219,-10.0,history
1790502900,FAV_all,60,DOWN,0.72,13.6219,-10.0,history
1790502900,FAV_ref,60,DOWN,0.72,13.6219,-10.0,history
1790503200,FAV_all,60,DOWN,0.65,15.016706,5.016706,history
1790503200,FAV_mid,60,DOWN,0.65,15.016706,5.016706,history
1790503200,FAV_ref,60,DOWN,0.65,15.016706,5.016706,history
1790503500,FAV_all,74,DOWN,0.65,15.016706,-10.0,history
1790503500,FAV_mid,74,DOWN,0.65,15.016706,-10.0,history
1790503800,FAV,68,UP,0.69,13.991885,3.991885,history
1790503800,FAV_all,68,UP,0.69,13.991885,3.991885,history
1790503800,FAV_ref,68,UP,0.69,13.991885,3.991885,history
1790504400,FAV_all,61,DOWN,0.71,13.6219,3.6219,history
1790504700,FAV_all,60,DOWN,0.71,13.80428,3.80428,history
1790504700,FAV_mid,60,DOWN,0.71,13.80428,3.80428,history
1790504700,FAV_ref,60,DOWN,0.71,13.80428,3.80428,history
1790505000,FAV,60,DOWN,0.75,13.104013,3.104013,history
1790505000,FAV_all,60,DOWN,0.75,13.104013,3.104013,history
1790505000,FAV_ref,60,DOWN,0.75,13.104013,3.104013,history
1790505300,FAV,60,UP,0.73,13.444529,-10.0,history
1790505300,FAV_all,60,UP,0.73,13.444529,-10.0,history
1790505300,FAV_ref,60,UP,0.73,13.444529,-10.0,history
1790505900,FAV,95,DOWN,0.65,15.472284,-10.0,history
1790505900,FAV_all,95,DOWN,0.65,15.472284,-10.0,history
1790505900,FAV_ref,95,DOWN,0.65,15.472284,-10.0,history
1790506500,FAV,60,UP,0.77,12.781235,2.781235,history
1790506500,FAV_all,60,UP,0.77,12.781235,2.781235,history
1790506500,FAV_ref,60,UP,0.77,12.781235,2.781235,history
1790507100,FAV,62,UP,0.81,12.183637,2.183637,history
1790507100,FAV_all,62,UP,0.81,12.183637,2.183637,history
1790507100,FAV_ref,62,UP,0.81,12.183637,2.183637,history
1790507700,FAV,67,DOWN,0.65,15.711117,5.711117,history
1790507700,FAV_all,67,DOWN,0.65,15.711117,5.711117,history
1790507700,FAV_ref,67,DOWN,0.65,15.711117,5.711117,history
1790508300,FAV,60,UP,0.7,13.991885,3.991885,history
1790508300,FAV_all,60,UP,0.7,13.991885,3.991885,history
1790508300,FAV_ref,60,UP,0.7,13.991885,3.991885,history
1790508900,FAV,100,UP,0.7,13.80428,-10.0,history
1790508900,FAV_all,100,UP,0.7,13.80428,-10.0,history
1790508900,FAV_ref,100,UP,0.7,13.80428,-10.0,history
1790509200,FAV,60,UP,0.8,12.327416,2.327416,history
1790509200,FAV_all,60,UP,0.8,12.327416,2.327416,history
1790509200,FAV_ref,60,UP,0.8,12.327416,2.327416,history
1790509500,FAV,60,DOWN,0.66,15.240929,5.240929,history
1790509500,FAV_all,60,DOWN,0.66,15.240929,5.240929,history
1790509500,FAV_ref,60,DOWN,0.66,15.240929,5.240929,history
1790509800,FAV,60,UP,0.66,14.799292,4.799292,history
1790509800,FAV_all,60,UP,0.66,14.799292,4.799292,history
1790509800,FAV_ref,60,UP,0.66,14.799292,4.799292,history
1790510100,FAV,60,UP,0.68,14.383688,-10.0,history
1790510100,FAV_all,60,UP,0.68,14.383688,-10.0,history
1790510100,FAV_ref,60,UP,0.68,14.383688,-10.0,history
1790510400,FAV,60,UP,0.77,12.781235,2.781235,history
1790510400,FAV_all,60,UP,0.77,12.781235,2.781235,history
1790510400,FAV_ref,60,UP,0.77,12.781235,2.781235,history
1790510700,FAV,60,UP,0.7,14.383688,4.383688,history
1790510700,FAV_all,60,UP,0.7,14.383688,4.383688,history
1790510700,FAV_ref,60,UP,0.7,14.383688,4.383688,history
1790511000,FAV,149,UP,0.71,14.588382,4.588382,history
1790511000,FAV_all,149,UP,0.71,14.588382,4.588382,history
1790511000,FAV_ref,149,UP,0.71,14.588382,4.588382,history
1790511300,FAV,60,UP,0.67,14.588382,4.588382,history
1790511300,FAV_all,60,UP,0.67,14.588382,4.588382,history
1790511300,FAV_ref,60,UP,0.67,14.588382,4.588382,history
1790511900,FAV,60,DOWN,0.82,12.043375,2.043375,history
1790511900,FAV_all,60,DOWN,0.82,12.043375,2.043375,history
1790511900,FAV_ref,60,DOWN,0.82,12.043375,2.043375,history
1790512200,FAV,78,UP,0.66,14.799292,4.799292,history
1790512200,FAV_all,78,UP,0.66,14.799292,4.799292,history
1790512200,FAV_ref,78,UP,0.66,14.799292,4.799292,history
1790512500,FAV,60,UP,0.78,12.626071,2.626071,history
1790512500,FAV_all,60,UP,0.78,12.626071,2.626071,history
1790512500,FAV_ref,60,UP,0.78,12.626071,2.626071,history
1790513100,FAV,60,DOWN,0.74,13.271964,3.271964,history
1790513100,FAV_all,60,DOWN,0.74,13.271964,3.271964,history
1790513100,FAV_ref,60,DOWN,0.74,13.271964,3.271964,history
1790514000,FAV,146,DOWN,0.85,11.906505,1.906505,history
1790514000,FAV_all,146,DOWN,0.85,11.906505,1.906505,history
1790514000,FAV_ref,146,DOWN,0.85,11.906505,1.906505,history
1790514300,FAV_all,99,UP,0.66,15.472284,5.472284,history
1790514600,FAV_all,60,DOWN,0.78,12.626071,2.626071,history
1790514600,FAV_mid,60,DOWN,0.78,12.626071,2.626071,history
1790514900,FAV_all,60,UP,0.73,13.271964,3.271964,history
1790514900,FAV_mid,60,UP,0.73,13.271964,3.271964,history
1790515200,FAV_all,98,UP,0.67,14.588382,4.588382,history
1790515200,FAV_mid,98,UP,0.67,14.588382,4.588382,history
1790515500,FAV,60,UP,0.68,14.383688,4.383688,history
1790515500,FAV_all,60,UP,0.68,14.383688,4.383688,history
1790515500,FAV_ref,60,UP,0.68,14.383688,4.383688,history
1790516400,FAV_all,75,DOWN,0.65,15.240929,5.240929,history
1790517000,FAV_all,66,DOWN,0.65,14.799292,4.799292,history
1790517000,FAV_mid,66,DOWN,0.65,14.799292,4.799292,history
1790517300,FAV,60,UP,0.72,13.6219,3.6219,history
1790517300,FAV_all,60,UP,0.72,13.6219,3.6219,history
1790517300,FAV_ref,60,UP,0.72,13.6219,3.6219,history
1790517600,FAV_all,60,UP,0.66,14.799292,-10.0,history
1790517900,FAV_all,63,UP,0.66,14.799292,4.799292,history
1790517900,FAV_mid,63,UP,0.66,14.799292,4.799292,history
1790518200,FAV_all,60,DOWN,0.73,13.444529,3.444529,history
1790518200,FAV_mid,60,DOWN,0.73,13.444529,3.444529,history
1790518800,FAV,63,DOWN,0.84,11.772905,1.772905,history
1790518800,FAV_all,63,DOWN,0.84,11.772905,1.772905,history
1790518800,FAV_ref,63,DOWN,0.84,11.772905,1.772905,history
1790519100,FAV,60,UP,0.67,15.957795,-10.0,history
1790519100,FAV_all,60,UP,0.67,15.957795,-10.0,history
1790519100,FAV_ref,60,UP,0.67,15.957795,-10.0,history
1790519400,FAV_all,60,UP,0.66,14.799292,4.799292,history
1790519700,FAV_all,60,DOWN,0.78,12.626071,2.626071,history
1790519700,FAV_mid,60,DOWN,0.78,12.626071,2.626071,history
1790520000,FAV_all,74,DOWN,0.72,13.6219,-10.0,history
1790520000,FAV_mid,74,DOWN,0.72,13.6219,-10.0,history
1790520300,FAV_all,60,DOWN,0.73,13.444529,3.444529,history
1790520300,FAV_mid,60,DOWN,0.73,13.444529,3.444529,history
1790520900,FAV_all,60,DOWN,0.84,11.772905,1.772905,history
1790521200,FAV_all,82,DOWN,0.67,14.799292,4.799292,history
1790521200,FAV_mid,82,DOWN,0.67,14.799292,4.799292,history
1790522100,FAV_all,60,UP,0.84,11.772905,1.772905,history
1790522100,FAV_mid,60,UP,0.84,11.772905,1.772905,history
1790522400,FAV_all,60,UP,0.7,14.18494,4.18494,history
1790522400,FAV_mid,60,UP,0.7,14.18494,4.18494,history
1790523300,FAV_all,60,DOWN,0.72,13.6219,3.6219,history
1790523300,FAV_mid,60,DOWN,0.72,13.6219,3.6219,history
1790523900,FAV,60,DOWN,0.75,13.104013,-10.0,history
1790523900,FAV_all,60,DOWN,0.75,13.104013,-10.0,history
1790524200,FAV,79,UP,0.67,15.016706,-10.0,history
1790524200,FAV_all,79,UP,0.67,15.016706,-10.0,history
1790524200,FAV_ref,79,UP,0.67,15.016706,-10.0,history
1790524500,FAV_all,140,DOWN,0.68,15.016706,-10.0,history
1790524500,FAV_mid,140,DOWN,0.68,15.016706,-10.0,history
1790524800,FAV,105,UP,0.65,14.799292,4.799292,history
1790524800,FAV_all,105,UP,0.65,14.799292,4.799292,history
1790525100,FAV,71,UP,0.85,11.906505,1.906505,history
1790525100,FAV_all,71,UP,0.85,11.906505,1.906505,history
1790525400,FAV,60,DOWN,0.77,12.781235,2.781235,history
1790525400,FAV_all,60,DOWN,0.77,12.781235,2.781235,history
1790525400,FAV_ref,60,DOWN,0.77,12.781235,2.781235,history
1790525700,FAV,60,UP,0.66,14.799292,4.799292,history
1790525700,FAV_all,60,UP,0.66,14.799292,4.799292,history
1790525700,FAV_ref,60,UP,0.66,14.799292,4.799292,history
1790526300,FAV_all,60,DOWN,0.68,14.383688,4.383688,history
1790526600,FAV,94,DOWN,0.83,11.772905,1.772905,history
1790526600,FAV_all,94,DOWN,0.83,11.772905,1.772905,history
1790526600,FAV_ref,94,DOWN,0.83,11.772905,1.772905,history
1790526900,FAV_all,60,DOWN,0.81,12.183637,2.183637,history
1790526900,FAV_mid,60,DOWN,0.81,12.183637,2.183637,history
1790527500,FAV_all,67,UP,0.66,15.016706,5.016706,history
1790527500,FAV_mid,67,UP,0.66,15.016706,5.016706,history
1790527800,FAV,90,DOWN,0.65,15.016706,-10.0,history
1790527800,FAV_all,90,DOWN,0.65,15.016706,-10.0,history
1790527800,FAV_ref,90,DOWN,0.65,15.016706,-10.0,history
1790528100,FAV,60,DOWN,0.7,13.991885,3.991885,history
1790528100,FAV_all,60,DOWN,0.7,13.991885,3.991885,history
1790528100,FAV_ref,60,DOWN,0.7,13.991885,3.991885,history
1790528400,FAV,62,UP,0.65,15.016706,5.016706,history
1790528400,FAV_all,62,UP,0.65,15.016706,5.016706,history
1790528400,FAV_ref,62,UP,0.65,15.016706,5.016706,history
1790528700,FAV,60,DOWN,0.79,12.626071,2.626071,history
1790528700,FAV_all,60,DOWN,0.79,12.626071,2.626071,history
1790528700,FAV_ref,60,DOWN,0.79,12.626071,2.626071,history
1790529000,FAV_all,95,UP,0.71,13.80428,-10.0,history
1790529300,FAV,60,UP,0.84,11.64246,1.64246,history
1790529300,FAV_all,60,UP,0.84,11.64246,1.64246,history
1790529300,FAV_ref,60,UP,0.84,11.64246,1.64246,history
1790529600,FAV,72,UP,0.7,13.991885,3.991885,history
1790529600,FAV_all,72,UP,0.7,13.991885,3.991885,history
1790529600,FAV_ref,72,UP,0.7,13.991885,3.991885,history
1790529900,FAV,138,DOWN,0.66,15.472284,5.472284,history
1790529900,FAV_all,138,DOWN,0.66,15.472284,5.472284,history
1790529900,FAV_ref,138,DOWN,0.66,15.472284,5.472284,history
1790530200,FAV,60,UP,0.65,15.016706,5.016706,history
1790530200,FAV_all,60,UP,0.65,15.016706,5.016706,history
1790530200,FAV_ref,60,UP,0.65,15.016706,5.016706,history
1790530500,FAV,60,UP,0.84,11.772905,1.772905,history
1790530500,FAV_all,60,UP,0.84,11.772905,1.772905,history
1790530500,FAV_ref,60,UP,0.84,11.772905,1.772905,history
1790530800,FAV,60,DOWN,0.73,13.444529,3.444529,history
1790530800,FAV_all,60,DOWN,0.73,13.444529,3.444529,history
1790530800,FAV_ref,60,DOWN,0.73,13.444529,3.444529,history
1790531100,FAV,60,UP,0.85,11.64246,1.64246,history
1790531100,FAV_all,60,UP,0.85,11.64246,1.64246,history
1790531100,FAV_ref,60,UP,0.85,11.64246,1.64246,history
1790531400,FAV,66,UP,0.73,13.6219,3.6219,history
1790531400,FAV_all,66,UP,0.73,13.6219,3.6219,history
1790531400,FAV_ref,66,UP,0.73,13.6219,3.6219,history
1790531700,FAV,60,UP,0.72,13.6219,3.6219,history
1790531700,FAV_all,60,UP,0.72,13.6219,3.6219,history
1790531700,FAV_ref,60,UP,0.72,13.6219,3.6219,history
1790532000,FAV,99,DOWN,0.65,15.016706,5.016706,history
1790532000,FAV_all,99,DOWN,0.65,15.016706,5.016706,history
1790532000,FAV_ref,99,DOWN,0.65,15.016706,5.016706,history
1790532300,FAV,60,UP,0.65,15.016706,5.016706,history
1790532300,FAV_all,60,UP,0.65,15.016706,5.016706,history
1790532300,FAV_ref,60,UP,0.65,15.016706,5.016706,history
1790532600,FAV,60,UP,0.77,12.626071,2.626071,history
1790532600,FAV_all,60,UP,0.77,12.626071,2.626071,history
1790532600,FAV_ref,60,UP,0.77,12.626071,2.626071,history
1790532900,FAV,60,UP,0.69,14.18494,4.18494,history
1790532900,FAV_all,60,UP,0.69,14.18494,4.18494,history
1790532900,FAV_ref,60,UP,0.69,14.18494,4.18494,history
1790533200,FAV,60,UP,0.8,12.183637,2.183637,history
1790533200,FAV_all,60,UP,0.8,12.183637,2.183637,history
1790533200,FAV_ref,60,UP,0.8,12.183637,2.183637,history
1790533500,FAV_all,107,UP,0.68,14.18494,4.18494,history
1790533500,FAV_mid,107,UP,0.68,14.18494,4.18494,history
1790533800,FAV,86,DOWN,0.85,11.64246,1.64246,history
1790533800,FAV_all,86,DOWN,0.85,11.64246,1.64246,history
1790533800,FAV_ref,86,DOWN,0.85,11.64246,1.64246,history
1790534100,FAV_all,78,DOWN,0.65,15.016706,-10.0,history
1790534100,FAV_mid,78,DOWN,0.65,15.016706,-10.0,history
1790534400,FAV,60,UP,0.79,12.327416,2.327416,history
1790534400,FAV_all,60,UP,0.79,12.327416,2.327416,history
1790534400,FAV_ref,60,UP,0.79,12.327416,2.327416,history
1790534700,FAV,60,DOWN,0.75,13.104013,3.104013,history
1790534700,FAV_all,60,DOWN,0.75,13.104013,3.104013,history
1790534700,FAV_ref,60,DOWN,0.75,13.104013,3.104013,history
1790535300,FAV_all,61,UP,0.66,15.240929,5.240929,history
1790535300,FAV_mid,61,UP,0.66,15.240929,5.240929,history
1790535300,FAV_ref,61,UP,0.66,15.240929,5.240929,history
1790535600,FAV,63,DOWN,0.85,12.474848,2.474848,history
1790535600,FAV_all,63,DOWN,0.85,12.474848,2.474848,history
1790535600,FAV_ref,63,DOWN,0.85,12.474848,2.474848,history
1790536200,FAV,60,UP,0.75,13.104013,3.104013,history
1790536200,FAV_all,60,UP,0.75,13.104013,3.104013,history
1790536200,FAV_ref,60,UP,0.75,13.104013,3.104013,history
1790536800,FAV,60,DOWN,0.8,12.327416,2.327416,history
1790536800,FAV_all,60,DOWN,0.8,12.327416,2.327416,history
1790536800,FAV_ref,60,DOWN,0.8,12.327416,2.327416,history
1790537400,FAV,60,DOWN,0.69,14.18494,4.18494,history
1790537400,FAV_all,60,DOWN,0.69,14.18494,4.18494,history
1790537400,FAV_ref,60,DOWN,0.69,14.18494,4.18494,history
1790538000,FAV_all,60,DOWN,0.71,13.80428,-10.0,history
1790538000,FAV_mid,60,DOWN,0.71,13.80428,-10.0,history
1790538300,FAV,60,UP,0.75,13.104013,3.104013,history
1790538300,FAV_all,60,UP,0.75,13.104013,3.104013,history
1790538300,FAV_ref,60,UP,0.75,13.104013,3.104013,history
1790538600,FAV,67,DOWN,0.65,15.016706,5.016706,history
1790538600,FAV_all,67,DOWN,0.65,15.016706,5.016706,history
1790538600,FAV_ref,67,DOWN,0.65,15.016706,5.016706,history
1790539200,FAV,60,UP,0.73,13.444529,3.444529,history
1790539200,FAV_all,60,UP,0.73,13.444529,3.444529,history
1790539200,FAV_ref,60,UP,0.73,13.444529,3.444529,history
1790539500,FAV,61,DOWN,0.82,12.043375,2.043375,history
1790539500,FAV_all,61,DOWN,0.82,12.043375,2.043375,history
1790539500,FAV_ref,61,DOWN,0.82,12.043375,2.043375,history
1790539800,FAV,60,UP,0.72,13.6219,3.6219,history
1790539800,FAV_all,60,UP,0.72,13.6219,3.6219,history
1790539800,FAV_ref,60,UP,0.72,13.6219,3.6219,history
1790540700,FAV_all,61,DOWN,0.69,14.18494,4.18494,history
1790540700,FAV_mid,61,DOWN,0.69,14.18494,4.18494,history
1790541000,FAV,60,UP,0.8,12.327416,-10.0,history
1790541000,FAV_all,60,UP,0.8,12.327416,-10.0,history
1790541000,FAV_ref,60,UP,0.8,12.327416,-10.0,history
1790541300,FAV,60,DOWN,0.68,14.383688,4.383688,history
1790541300,FAV_all,60,DOWN,0.68,14.383688,4.383688,history
1790541300,FAV_ref,60,DOWN,0.68,14.383688,4.383688,history
1790541600,FAV,60,DOWN,0.67,14.588382,-10.0,history
1790541600,FAV_all,60,DOWN,0.67,14.588382,-10.0,history
1790541600,FAV_ref,60,DOWN,0.67,14.588382,-10.0,history
1790541900,FAV,79,DOWN,0.7,15.472284,5.472284,history
1790541900,FAV_all,79,DOWN,0.7,15.472284,5.472284,history
1790541900,FAV_ref,79,DOWN,0.7,15.472284,5.472284,history
1790542200,FAV_all,86,UP,0.66,14.588382,-10.0,history
1790542200,FAV_mid,86,UP,0.66,14.588382,-10.0,history
1790542500,FAV,61,DOWN,0.65,15.016706,5.016706,history
1790542500,FAV_all,61,DOWN,0.65,15.016706,5.016706,history
1790542500,FAV_ref,61,DOWN,0.65,15.016706,5.016706,history
1790542800,FAV,60,UP,0.8,12.327416,2.327416,history
1790542800,FAV_all,60,UP,0.8,12.327416,2.327416,history
1790542800,FAV_ref,60,UP,0.8,12.327416,2.327416,history
1790543100,FAV,60,DOWN,0.77,12.781235,2.781235,history
1790543100,FAV_all,60,DOWN,0.77,12.781235,2.781235,history
1790543400,FAV,82,UP,0.65,15.240929,5.240929,history
1790543400,FAV_all,82,UP,0.65,15.240929,5.240929,history
1790543400,FAV_ref,82,UP,0.65,15.240929,5.240929,history
1790543700,FAV,60,UP,0.72,14.18494,4.18494,history
1790543700,FAV_all,60,UP,0.72,14.18494,4.18494,history
1790543700,FAV_ref,60,UP,0.72,14.18494,4.18494,history
1790544600,FAV,60,DOWN,0.73,13.444529,3.444529,history
1790544600,FAV_all,60,DOWN,0.73,13.444529,3.444529,history
1790544600,FAV_ref,60,DOWN,0.73,13.444529,3.444529,history
1790544900,FAV,60,DOWN,0.8,12.327416,2.327416,history
1790544900,FAV_all,60,DOWN,0.8,12.327416,2.327416,history
1790544900,FAV_ref,60,DOWN,0.8,12.327416,2.327416,history
1790545800,FAV,62,UP,0.66,14.799292,4.799292,history
1790545800,FAV_all,62,UP,0.66,14.799292,4.799292,history
1790545800,FAV_ref,62,UP,0.66,14.799292,4.799292,history
1790546100,FAV,65,DOWN,0.79,12.781235,2.781235,history
1790546100,FAV_all,65,DOWN,0.79,12.781235,2.781235,history
1790546100,FAV_ref,65,DOWN,0.79,12.781235,2.781235,history
1790546700,FAV_all,60,UP,0.68,14.383688,-10.0,history
1790547000,FAV_all,60,UP,0.71,13.80428,-10.0,history
1790547300,FAV_all,64,DOWN,0.66,14.588382,-10.0,history
1790547600,FAV_all,60,DOWN,0.67,14.588382,-10.0,history
1790547600,FAV_mid,60,DOWN,0.67,14.588382,-10.0,history
1790547900,FAV_all,60,UP,0.65,15.016706,5.016706,history
1790547900,FAV_mid,60,UP,0.65,15.016706,5.016706,history
1790548500,FAV_all,60,DOWN,0.75,13.104013,3.104013,history
1790548500,FAV_mid,60,DOWN,0.75,13.104013,3.104013,history
1790548800,FAV_all,63,DOWN,0.66,14.588382,4.588382,history
1790549100,FAV,60,DOWN,0.74,13.271964,3.271964,history
1790549100,FAV_all,60,DOWN,0.74,13.271964,3.271964,history
1790549100,FAV_ref,60,DOWN,0.74,13.271964,3.271964,history
1790549400,FAV,60,UP,0.76,12.940494,2.940494,history
1790549400,FAV_all,60,UP,0.76,12.940494,2.940494,history
1790549400,FAV_ref,60,UP,0.76,12.940494,2.940494,history
1790549700,FAV,86,DOWN,0.65,15.016706,5.016706,history
1790549700,FAV_all,86,DOWN,0.65,15.016706,5.016706,history
1790549700,FAV_ref,86,DOWN,0.65,15.016706,5.016706,history
1790550000,FAV,60,UP,0.77,12.781235,2.781235,history
1790550000,FAV_all,60,UP,0.77,12.781235,2.781235,history
1790550000,FAV_ref,60,UP,0.77,12.781235,2.781235,history
1790550300,FAV_all,60,DOWN,0.71,13.80428,3.80428,history
1790550300,FAV_mid,60,DOWN,0.71,13.80428,3.80428,history
1790550600,FAV,60,UP,0.68,14.383688,4.383688,history
1790550600,FAV_all,60,UP,0.68,14.383688,4.383688,history
1790550900,FAV_all,60,DOWN,0.79,12.474848,-10.0,history
1790550900,FAV_mid,60,DOWN,0.79,12.474848,-10.0,history
1790551200,FAV_all,60,UP,0.76,12.940494,2.940494,history
1790551200,FAV_mid,60,UP,0.76,12.940494,2.940494,history
1790551500,FAV,60,UP,0.83,11.906505,1.906505,history
1790551500,FAV_all,60,UP,0.83,11.906505,1.906505,history
1790551800,FAV_all,60,UP,0.78,12.474848,2.474848,history
1790551800,FAV_mid,60,UP,0.78,12.474848,2.474848,history
1790552700,FAV,61,DOWN,0.66,15.240929,-10.0,history
1790552700,FAV_all,61,DOWN,0.66,15.240929,-10.0,history
1790552700,FAV_ref,61,DOWN,0.66,15.240929,-10.0,history
1790553000,FAV_all,60,UP,0.73,19.323671,9.323671,history
1790553000,FAV_mid,60,UP,0.73,19.323671,9.323671,history
1790553300,FAV,60,UP,0.65,15.016706,-10.0,history
1790553300,FAV_all,60,UP,0.65,15.016706,-10.0,history
1790553300,FAV_ref,60,UP,0.65,15.016706,-10.0,history
1790553600,FAV_all,66,UP,0.65,15.016706,5.016706,history
1790553600,FAV_mid,66,UP,0.65,15.016706,5.016706,history
1790553900,FAV_all,60,DOWN,0.72,13.80428,3.80428,history
1790553900,FAV_mid,60,DOWN,0.72,13.80428,3.80428,history
1790554200,FAV_all,60,DOWN,0.65,15.240929,-10.0,history
1790554200,FAV_mid,60,DOWN,0.65,15.240929,-10.0,history
1790554500,FAV,60,UP,0.73,13.271964,3.271964,history
1790554500,FAV_all,60,UP,0.73,13.271964,3.271964,history
1790554500,FAV_ref,60,UP,0.73,13.271964,3.271964,history
1790555100,FAV_all,60,DOWN,0.65,15.016706,5.016706,history
1790555400,FAV_all,60,DOWN,0.67,14.383688,4.383688,history
1790555700,FAV_all,60,DOWN,0.79,13.104013,3.104013,history
1790556000,FAV_all,60,DOWN,0.74,13.104013,3.104013,history
1790557200,FAV_all,60,DOWN,0.72,13.6219,3.6219,history
1790557500,FAV_all,60,DOWN,0.73,13.444529,-10.0,history
1790557800,FAV_all,60,DOWN,0.78,12.626071,2.626071,history
1790558400,FAV_all,60,UP,0.85,11.64246,1.64246,history
1790558700,FAV_all,60,UP,0.72,13.6219,3.6219,history
1790559000,FAV_all,63,UP,0.65,14.799292,-10.0,history
1790559300,FAV_all,60,DOWN,0.73,13.444529,3.444529,history
1790559900,FAV_all,134,UP,0.66,14.588382,-10.0,history
1790560200,FAV_all,61,UP,0.67,15.472284,5.472284,history
1790560500,FAV_all,60,DOWN,0.66,14.799292,4.799292,history
1790560800,FAV_all,60,DOWN,0.85,11.64246,1.64246,history
1790561100,FAV_all,99,UP,0.65,15.240929,5.240929,history
1790561700,FAV_all,60,DOWN,0.65,14.799292,4.799292,history
1790562000,FAV_all,72,UP,0.65,15.240929,-10.0,history
1790562600,FAV_all,60,DOWN,0.82,12.043375,2.043375,history
1790562600,FAV_mid,60,DOWN,0.82,12.043375,2.043375,history
1790563200,FAV_all,60,UP,0.85,11.64246,1.64246,history
1790563800,FAV_all,60,UP,0.65,15.016706,5.016706,history
1790564100,FAV_all,60,DOWN,0.65,15.016706,5.016706,history
1790564100,FAV_mid,60,DOWN,0.65,15.016706,5.016706,history
1790565300,FAV_all,60,DOWN,0.71,13.80428,-10.0,history
1790565300,FAV_mid,60,DOWN,0.71,13.80428,-10.0,history
1790565600,FAV_all,89,DOWN,0.67,14.799292,4.799292,history
1790565900,FAV_all,60,DOWN,0.66,14.588382,4.588382,history
1790566500,FAV_all,60,UP,0.84,11.64246,1.64246,history
1790566500,FAV_mid,60,UP,0.84,11.64246,1.64246,history
1790566800,FAV_all,60,DOWN,0.69,14.18494,-10.0,history
1790566800,FAV_mid,60,DOWN,0.69,14.18494,-10.0,history
1790567100,FAV,60,DOWN,0.75,13.104013,3.104013,history
1790567100,FAV_all,60,DOWN,0.75,13.104013,3.104013,history
1790567400,FAV_all,82,DOWN,0.65,15.240929,5.240929,history
1790567700,FAV_all,60,DOWN,0.66,14.799292,4.799292,history
1790567700,FAV_mid,60,DOWN,0.66,14.799292,4.799292,history
1790568300,FAV_all,60,UP,0.74,13.444529,3.444529,history
1790568300,FAV_mid,60,UP,0.74,13.444529,3.444529,history
1790568600,FAV_all,60,UP,0.77,12.781235,2.781235,history
1790568600,FAV_mid,60,UP,0.77,12.781235,2.781235,history
1790568900,FAV_all,68,DOWN,0.74,13.104013,-10.0,history
1790568900,FAV_mid,68,DOWN,0.74,13.104013,-10.0,history
1790569200,FAV_all,113,DOWN,0.69,14.18494,-10.0,history
1790569200,FAV_mid,113,DOWN,0.69,14.18494,-10.0,history
1790569500,FAV,84,DOWN,0.66,15.240929,5.240929,history
1790569500,FAV_all,84,DOWN,0.66,15.240929,5.240929,history
1790569500,FAV_ref,84,DOWN,0.66,15.240929,5.240929,history
1790569800,FAV,63,DOWN,0.7,13.80428,3.80428,history
1790569800,FAV_all,63,DOWN,0.7,13.80428,3.80428,history
1790569800,FAV_ref,63,DOWN,0.7,13.80428,3.80428,history
1790570100,FAV,104,UP,0.66,14.588382,4.588382,history
1790570100,FAV_all,104,UP,0.66,14.588382,4.588382,history
1790570100,FAV_ref,104,UP,0.66,14.588382,4.588382,history
1790570400,FAV,89,UP,0.65,15.016706,5.016706,history
1790570400,FAV_all,89,UP,0.65,15.016706,5.016706,history
1790570400,FAV_ref,89,UP,0.65,15.016706,5.016706,history
1790570700,FAV,69,DOWN,0.66,14.799292,4.799292,history
1790570700,FAV_all,69,DOWN,0.66,14.799292,4.799292,history
1790570700,FAV_ref,69,DOWN,0.66,14.799292,4.799292,history
1790571000,FAV,66,UP,0.85,11.64246,1.64246,history
1790571000,FAV_all,66,UP,0.85,11.64246,1.64246,history
1790571000,FAV_ref,66,UP,0.85,11.64246,1.64246,history
1790571300,FAV,60,DOWN,0.74,13.271964,-10.0,history
1790571300,FAV_all,60,DOWN,0.74,13.271964,-10.0,history
1790571300,FAV_ref,60,DOWN,0.74,13.271964,-10.0,history
1790571900,FAV_all,60,UP,0.72,14.799292,-10.0,history
1790571900,FAV_mid,60,UP,0.72,14.799292,-10.0,history
1790572200,FAV_all,106,DOWN,0.65,15.016706,5.016706,history
1790572200,FAV_mid,106,DOWN,0.65,15.016706,5.016706,history
1790572800,FAV_all,83,DOWN,0.65,15.016706,5.016706,history
1790573100,FAV_all,60,DOWN,0.78,12.626071,-10.0,history
1790573400,FAV_all,60,DOWN,0.67,14.588382,4.588382,history
1790573700,FAV_all,93,DOWN,0.7,14.588382,4.588382,history
1790574600,FAV_all,60,DOWN,0.79,12.474848,2.474848,history
1790574900,FAV_all,60,UP,0.71,13.80428,3.80428,history
1790574900,FAV_mid,60,UP,0.71,13.80428,3.80428,history
1790575200,FAV,60,DOWN,0.78,12.781235,2.781235,history
1790575200,FAV_all,60,DOWN,0.78,12.781235,2.781235,history
1790575200,FAV_ref,60,DOWN,0.78,12.781235,2.781235,history
1790575500,FAV_all,60,UP,0.66,14.799292,4.799292,history
1790575500,FAV_mid,60,UP,0.66,14.799292,4.799292,history
1790576100,FAV_all,60,DOWN,0.66,14.799292,4.799292,history
1790576100,FAV_mid,60,DOWN,0.66,14.799292,4.799292,history
1790576400,FAV,60,DOWN,0.77,12.781235,2.781235,history
1790576400,FAV_all,60,DOWN,0.77,12.781235,2.781235,history
1790576700,FAV_all,60,DOWN,0.69,14.18494,4.18494,history
1790577300,FAV_all,60,UP,0.72,13.6219,-10.0,history
1790577300,FAV_mid,60,UP,0.72,13.6219,-10.0,history
1790577900,FAV_all,68,UP,0.66,15.240929,-10.0,history
1790577900,FAV_mid,68,UP,0.66,15.240929,-10.0,history
1790578200,FAV_all,60,DOWN,0.76,12.940494,2.940494,history
1790578200,FAV_mid,60,DOWN,0.76,12.940494,2.940494,history
1790578200,FAV_ref,60,DOWN,0.76,12.940494,2.940494,history
1790578500,FAV_all,60,DOWN,0.83,11.906505,1.906505,history
1790578500,FAV_mid,60,DOWN,0.83,11.906505,1.906505,history
1790578800,FAV,60,UP,0.82,12.043375,2.043375,history
1790578800,FAV_all,60,UP,0.82,12.043375,2.043375,history
1790578800,FAV_ref,60,UP,0.82,12.043375,2.043375,history
1790579100,FAV_all,60,DOWN,0.84,11.772905,1.772905,history
1790579100,FAV_mid,60,DOWN,0.84,11.772905,1.772905,history
1790579400,FAV,65,DOWN,0.65,15.711117,5.711117,history
1790579400,FAV_all,65,DOWN,0.65,15.711117,5.711117,history
1790579700,FAV,60,UP,0.8,12.327416,2.327416,history
1790579700,FAV_all,60,UP,0.8,12.327416,2.327416,history
1790579700,FAV_ref,60,UP,0.8,12.327416,2.327416,history
1790580000,FAV_all,60,UP,0.65,15.240929,-10.0,history
1790580000,FAV_mid,60,UP,0.65,15.240929,-10.0,history
1790580300,FAV_all,84,DOWN,0.65,15.016706,5.016706,history
1790580300,FAV_mid,84,DOWN,0.65,15.016706,5.016706,history
1790580300,FAV_ref,84,DOWN,0.65,15.016706,5.016706,history
1790580600,FAV_all,60,UP,0.78,12.474848,2.474848,history
1790580600,FAV_mid,60,UP,0.78,12.474848,2.474848,history
1790580900,FAV_all,60,UP,0.84,11.772905,-10.0,history
1790580900,FAV_mid,60,UP,0.84,11.772905,-10.0,history
1790581200,FAV_all,60,UP,0.67,14.799292,-10.0,history
1790581500,FAV_all,69,UP,0.66,14.799292,4.799292,history
1790581500,FAV_mid,69,UP,0.66,14.799292,4.799292,history
1790581800,FAV_all,60,UP,0.68,14.383688,4.383688,history
1790581800,FAV_mid,60,UP,0.68,14.383688,4.383688,history
1790582100,FAV_all,96,UP,0.85,11.515059,-10.0,history
1790582100,FAV_mid,96,UP,0.85,11.515059,-10.0,history
1790582400,FAV_all,60,UP,0.72,13.6219,3.6219,history
1790582400,FAV_mid,60,UP,0.72,13.6219,3.6219,history
1790583000,FAV_all,63,DOWN,0.68,14.18494,-10.0,history
1790583300,FAV_all,85,UP,0.65,15.240929,-10.0,history
1790583600,FAV_all,60,DOWN,0.7,13.991885,3.991885,history
1790583900,FAV_all,60,DOWN,0.71,13.80428,3.80428,history
1790584500,FAV_all,68,DOWN,0.67,14.383688,4.383688,history
1790584500,FAV_mid,68,DOWN,0.67,14.383688,4.383688,history
1790585100,FAV_all,94,UP,0.73,13.444529,3.444529,history
1790585400,FAV,93,UP,0.65,15.016706,5.016706,history
1790585400,FAV_all,93,UP,0.65,15.016706,5.016706,history
1790585700,FAV_all,60,DOWN,0.65,14.799292,4.799292,history
1790585700,FAV_mid,60,DOWN,0.65,14.799292,4.799292,history
1790586000,FAV,60,UP,0.75,13.104013,-10.0,history
1790586000,FAV_all,60,UP,0.75,13.104013,-10.0,history
1790586000,FAV_ref,60,UP,0.75,13.104013,-10.0,history
1790586300,FAV_all,72,DOWN,0.65,15.016706,5.016706,history
1790586600,FAV_all,63,UP,0.65,15.016706,5.016706,history
1790586900,FAV_all,76,UP,0.85,11.772905,1.772905,history
1790586900,FAV_mid,76,UP,0.85,11.772905,1.772905,history
1790587200,FAV_all,67,UP,0.65,15.240929,-10.0,history
1790587500,FAV_all,60,DOWN,0.76,12.940494,2.940494,history
1790587500,FAV_mid,60,DOWN,0.76,12.940494,2.940494,history
1790587800,FAV_all,60,UP,0.75,13.104013,-10.0,history
1790587800,FAV_mid,60,UP,0.75,13.104013,-10.0,history
1790588100,FAV_all,60,DOWN,0.76,12.940494,2.940494,history
1790588100,FAV_mid,60,DOWN,0.76,12.940494,2.940494,history
1790588400,FAV_all,67,UP,0.65,15.016706,-10.0,history
1790588400,FAV_mid,67,UP,0.65,15.016706,-10.0,history
1790588700,FAV,60,UP,0.7,13.991885,3.991885,history
1790588700,FAV_all,60,UP,0.7,13.991885,3.991885,history
1790588700,FAV_ref,60,UP,0.7,13.991885,3.991885,history
1790589000,FAV,60,UP,0.76,12.940494,-10.0,history
1790589000,FAV_all,60,UP,0.76,12.940494,-10.0,history
1790589000,FAV_ref,60,UP,0.76,12.940494,-10.0,history
1790589900,FAV_all,60,DOWN,0.76,12.940494,2.940494,history
1790589900,FAV_mid,60,DOWN,0.76,12.940494,2.940494,history
1790590200,FAV_all,60,DOWN,0.75,13.104013,3.104013,history
1790590200,FAV_mid,60,DOWN,0.75,13.104013,3.104013,history
1790590800,FAV_all,60,DOWN,0.72,13.991885,-10.0,history
1790590800,FAV_mid,60,DOWN,0.72,13.991885,-10.0,history
1790590800,FAV_ref,60,DOWN,0.72,13.991885,-10.0,history
1790591100,FAV,60,UP,0.81,12.183637,2.183637,history
1790591100,FAV_all,60,UP,0.81,12.183637,2.183637,history
1790591100,FAV_ref,60,UP,0.81,12.183637,2.183637,history
1790591400,FAV,60,DOWN,0.71,13.80428,-10.0,history
1790591400,FAV_all,60,DOWN,0.71,13.80428,-10.0,history
1790591400,FAV_ref,60,DOWN,0.71,13.80428,-10.0,history
1790591700,FAV,60,UP,0.85,11.64246,1.64246,history
1790591700,FAV_all,60,UP,0.85,11.64246,1.64246,history
1790591700,FAV_ref,60,UP,0.85,11.64246,1.64246,history
1790592300,FAV,60,DOWN,0.68,14.383688,4.383688,history
1790592300,FAV_all,60,DOWN,0.68,14.383688,4.383688,history
1790592300,FAV_ref,60,DOWN,0.68,14.383688,4.383688,history
1790592900,FAV_all,71,DOWN,0.65,15.711117,5.711117,history
1790593500,FAV_all,63,UP,0.66,14.588382,4.588382,history
1790593800,FAV_all,60,DOWN,0.68,14.799292,4.799292,history
1790593800,FAV_mid,60,DOWN,0.68,14.799292,4.799292,history
1790594100,FAV,60,UP,0.66,14.799292,4.799292,history
1790594100,FAV_all,60,UP,0.66,14.799292,4.799292,history
1790594100,FAV_ref,60,UP,0.66,14.799292,4.799292,history
1790594400,FAV_all,101,DOWN,0.65,15.016706,-10.0,history
1790594700,FAV_all,60,DOWN,0.81,12.183637,2.183637,history
1790595000,FAV,60,DOWN,0.67,14.588382,4.588382,history
1790595000,FAV_all,60,DOWN,0.67,14.588382,4.588382,history
1790595000,FAV_ref,60,DOWN,0.67,14.588382,4.588382,history
1790595300,FAV,60,UP,0.7,13.991885,3.991885,history
1790595300,FAV_all,60,UP,0.7,13.991885,3.991885,history
1790595300,FAV_ref,60,UP,0.7,13.991885,3.991885,history
1790595600,FAV,60,UP,0.66,14.799292,4.799292,history
1790595600,FAV_all,60,UP,0.66,14.799292,4.799292,history
1790595600,FAV_ref,60,UP,0.66,14.799292,4.799292,history
1790595900,FAV_all,60,DOWN,0.72,13.6219,3.6219,history
1790595900,FAV_mid,60,DOWN,0.72,13.6219,3.6219,history
1790596200,FAV,60,DOWN,0.74,13.271964,3.271964,history
1790596200,FAV_all,60,DOWN,0.74,13.271964,3.271964,history
1790596200,FAV_ref,60,DOWN,0.74,13.271964,3.271964,history
1790596500,FAV,60,UP,0.76,12.781235,2.781235,history
1790596500,FAV_all,60,UP,0.76,12.781235,2.781235,history
1790596500,FAV_ref,60,UP,0.76,12.781235,2.781235,history
1790597400,FAV_all,118,DOWN,0.66,14.799292,4.799292,history
1790597700,FAV_all,60,DOWN,0.73,13.444529,-10.0,history
1790598000,FAV_all,60,UP,0.81,12.043375,-10.0,history
1790598300,FAV_all,68,DOWN,0.85,11.64246,1.64246,history
1790598600,FAV_all,60,DOWN,0.71,13.6219,3.6219,history
1790598900,FAV,60,UP,0.81,12.474848,-10.0,history
1790598900,FAV_all,60,UP,0.81,12.474848,-10.0,history
1790599200,FAV_all,60,DOWN,0.78,13.104013,3.104013,history
1790599200,FAV_mid,60,DOWN,0.78,13.104013,3.104013,history
1790599800,FAV_all,70,UP,0.66,15.240929,5.240929,history
1790599800,FAV_mid,70,UP,0.66,15.240929,5.240929,history
1790600100,FAV_all,73,DOWN,0.65,15.016706,-10.0,history
1790600700,FAV_all,60,DOWN,0.65,15.240929,5.240929,history
1790600700,FAV_mid,60,DOWN,0.65,15.240929,5.240929,history
1790601000,FAV_all,70,UP,0.65,14.799292,4.799292,history
1790601000,FAV_mid,70,UP,0.65,14.799292,4.799292,history
1790601000,FAV_ref,70,UP,0.65,14.799292,4.799292,history
1790601300,FAV_all,60,UP,0.65,14.799292,-10.0,history
1790601300,FAV_mid,60,UP,0.65,14.799292,-10.0,history
1790601900,FAV,60,UP,0.78,12.474848,2.474848,history
1790601900,FAV_all,60,UP,0.78,12.474848,2.474848,history
1790601900,FAV_ref,60,UP,0.78,12.474848,2.474848,history
1790602200,FAV_all,60,DOWN,0.65,15.472284,5.472284,history
1790602200,FAV_mid,60,DOWN,0.65,15.472284,5.472284,history
1790602500,FAV_all,60,DOWN,0.73,13.444529,-10.0,history
1790602800,FAV_all,104,DOWN,0.65,15.016706,5.016706,history
1790603400,FAV_all,60,DOWN,0.8,12.327416,-10.0,history
1790604300,FAV_all,61,DOWN,0.66,14.799292,-10.0,history
1790604900,FAV_all,60,DOWN,0.79,12.474848,2.474848,history
1790605200,FAV_all,60,UP,0.81,12.183637,2.183637,history
1790605800,FAV_all,60,UP,0.83,11.772905,1.772905,history
1790606400,FAV_all,61,DOWN,0.68,14.18494,4.18494,history
1790608200,FAV_all,60,UP,0.78,12.940494,-10.0,history
1790608500,FAV_all,65,DOWN,0.65,14.799292,4.799292,history
1790608800,FAV_all,63,DOWN,0.66,15.016706,-10.0,history
1790609100,FAV_all,72,DOWN,0.68,14.383688,-10.0,history
1790609400,FAV_all,60,DOWN,0.68,14.383688,4.383688,history
1790609700,FAV_all,60,UP,0.78,12.626071,2.626071,history
1790610300,FAV_all,60,UP,0.76,12.781235,2.781235,history
1790610300,FAV_mid,60,UP,0.76,12.781235,2.781235,history
1790610600,FAV_all,60,UP,0.73,14.383688,4.383688,history
1790611500,FAV_all,61,DOWN,0.65,15.472284,-10.0,history
1790611800,FAV_all,60,UP,0.76,12.940494,2.940494,history
1790612100,FAV_all,61,UP,0.66,18.266942,8.266942,history
1790612100,FAV_mid,61,UP,0.66,18.266942,8.266942,history
1790613000,FAV_all,123,DOWN,0.65,15.711117,5.711117,history
1790613300,FAV_all,126,DOWN,0.65,15.240929,5.240929,history
1790613600,FAV_all,60,DOWN,0.73,13.271964,3.271964,history
1790613900,FAV_all,62,DOWN,0.65,15.016706,5.016706,history
1790614200,FAV_all,83,DOWN,0.65,15.240929,-10.0,history
1790614500,FAV_all,75,UP,0.65,15.016706,5.016706,history
1790614800,FAV_all,69,DOWN,0.84,11.64246,1.64246,history
1790614800,FAV_mid,69,DOWN,0.84,11.64246,1.64246,history
1790615100,FAV_all,61,DOWN,0.65,15.016706,5.016706,history
1790615700,FAV_all,64,UP,0.65,15.016706,-10.0,history
1790616000,FAV_all,68,DOWN,0.65,15.957795,5.957795,history
1790616300,FAV_all,75,DOWN,0.65,15.711117,5.711117,history
1790616600,FAV_all,60,UP,0.8,12.327416,-10.0,history
1790616600,FAV_mid,60,UP,0.8,12.327416,-10.0,history
1790617200,FAV_all,75,UP,0.65,15.711117,5.711117,history
1790617200,FAV_mid,75,UP,0.65,15.711117,5.711117,history
1790617500,FAV_all,79,DOWN,0.67,14.799292,4.799292,history
1790617500,FAV_mid,79,DOWN,0.67,14.799292,4.799292,history
1790617800,FAV_all,60,DOWN,0.75,13.104013,3.104013,history
1790617800,FAV_mid,60,DOWN,0.75,13.104013,3.104013,history
1790618100,FAV_all,69,UP,0.65,16.212711,-10.0,history
1790618100,FAV_mid,69,UP,0.65,16.212711,-10.0,history
1790618700,FAV_all,89,DOWN,0.67,14.588382,4.588382,history
1790618700,FAV_mid,89,DOWN,0.67,14.588382,4.588382,history
1790619000,FAV_all,64,UP,0.68,15.016706,5.016706,history
1790619000,FAV_mid,64,UP,0.68,15.016706,5.016706,history
1790619300,FAV_all,65,DOWN,0.65,15.016706,5.016706,history
1790619300,FAV_mid,65,DOWN,0.65,15.016706,5.016706,history
1790619600,FAV_all,63,UP,0.65,14.799292,4.799292,history
1790619600,FAV_mid,63,UP,0.65,14.799292,4.799292,history
1790620200,FAV_all,71,DOWN,0.68,14.588382,4.588382,history
1790620200,FAV_mid,71,DOWN,0.68,14.588382,4.588382,history
1790620500,FAV_all,60,UP,0.76,12.940494,-10.0,history
1790620800,FAV_all,61,UP,0.68,14.383688,4.383688,history
1790620800,FAV_mid,61,UP,0.68,14.383688,4.383688,history
1790621100,FAV_all,60,DOWN,0.65,15.016706,-10.0,history
1790621100,FAV_mid,60,DOWN,0.65,15.016706,-10.0,history
1790621400,FAV_all,89,UP,0.65,15.240929,5.240929,history
1790622000,FAV_all,60,DOWN,0.81,12.327416,2.327416,history
1790622000,FAV_mid,60,DOWN,0.81,12.327416,2.327416,history
1790622000,FAV_ref,60,DOWN,0.81,12.327416,2.327416,history
1790622600,FAV_all,100,DOWN,0.69,14.18494,-10.0,history
1790622600,FAV_mid,100,DOWN,0.69,14.18494,-10.0,history
1790622900,FAV_all,80,DOWN,0.65,15.016706,5.016706,history
1790622900,FAV_mid,80,DOWN,0.65,15.016706,5.016706,history
1790623200,FAV_all,70,DOWN,0.66,14.588382,4.588382,history
1790623500,FAV,79,UP,0.65,15.472284,-10.0,history
1790623500,FAV_all,79,UP,0.65,15.472284,-10.0,history
1790623500,FAV_ref,79,UP,0.65,15.472284,-10.0,history
1790623800,FAV_all,63,DOWN,0.7,13.991885,3.991885,history
1790623800,FAV_mid,63,DOWN,0.7,13.991885,3.991885,history
1790623800,FAV_ref,63,DOWN,0.7,13.991885,3.991885,history
1790624100,FAV_all,60,DOWN,0.68,14.383688,4.383688,history
1790624400,FAV_all,60,DOWN,0.82,12.043375,-10.0,history
1790624700,FAV_all,60,UP,0.85,11.515059,-10.0,history
1790625000,FAV_all,60,UP,0.65,15.472284,5.472284,history
1790625000,FAV_mid,60,UP,0.65,15.472284,5.472284,history
1790625300,FAV_all,60,DOWN,0.65,15.016706,-10.0,history
1790625300,FAV_mid,60,DOWN,0.65,15.016706,-10.0,history
1790625600,FAV_all,66,DOWN,0.65,14.799292,-10.0,history
1790625600,FAV_mid,66,DOWN,0.65,14.799292,-10.0,history
1790625900,FAV_all,60,UP,0.82,12.043375,2.043375,history
1790626800,FAV,60,UP,0.7,13.991885,3.991885,history
1790626800,FAV_all,60,UP,0.7,13.991885,3.991885,history
1790626800,FAV_ref,60,UP,0.7,13.991885,3.991885,history
1790627100,FAV,60,UP,0.8,12.327416,2.327416,history
1790627100,FAV_all,60,UP,0.8,12.327416,2.327416,history
1790627100,FAV_ref,60,UP,0.8,12.327416,2.327416,history
1790627400,FAV_all,60,DOWN,0.81,12.183637,2.183637,history
1790627700,FAV,60,UP,0.68,14.383688,4.383688,history
1790627700,FAV_all,60,UP,0.68,14.383688,4.383688,history
1790627700,FAV_ref,60,UP,0.68,14.383688,4.383688,history
1790628000,FAV,60,UP,0.68,14.383688,-10.0,history
1790628000,FAV_all,60,UP,0.68,14.383688,-10.0,history
1790628000,FAV_ref,60,UP,0.68,14.383688,-10.0,history
1790628300,FAV,60,DOWN,0.7,13.991885,3.991885,history
1790628300,FAV_all,60,DOWN,0.7,13.991885,3.991885,history
1790628300,FAV_ref,60,DOWN,0.7,13.991885,3.991885,history
1790628600,FAV,60,DOWN,0.74,13.271964,3.271964,history
1790628600,FAV_all,60,DOWN,0.74,13.271964,3.271964,history
1790628600,FAV_ref,60,DOWN,0.74,13.271964,3.271964,history
1790628900,FAV,60,UP,0.77,12.626071,2.626071,history
1790628900,FAV_all,60,UP,0.77,12.626071,2.626071,history
1790628900,FAV_ref,60,UP,0.77,12.626071,2.626071,history
1790629200,FAV,60,UP,0.84,11.772905,1.772905,history
1790629200,FAV_all,60,UP,0.84,11.772905,1.772905,history
1790629200,FAV_ref,60,UP,0.84,11.772905,1.772905,history
1790629500,FAV_all,60,DOWN,0.66,14.799292,4.799292,history
1790629500,FAV_mid,60,DOWN,0.66,14.799292,4.799292,history
1790629800,FAV,60,DOWN,0.68,14.18494,4.18494,history
1790629800,FAV_all,60,DOWN,0.68,14.18494,4.18494,history
1790629800,FAV_ref,60,DOWN,0.68,14.18494,4.18494,history
1790630100,FAV,60,DOWN,0.72,13.80428,3.80428,history
1790630100,FAV_all,60,DOWN,0.72,13.80428,3.80428,history
1790630100,FAV_ref,60,DOWN,0.72,13.80428,3.80428,history
1790630400,FAV,103,DOWN,0.66,10.0,3.24292,history
1790630400,FAV_all,103,DOWN,0.66,10.0,3.24292,history
1790630400,FAV_ref,103,DOWN,0.66,10.0,3.24292,history
1790630700,FAV,60,UP,0.74,13.271964,-10.0,history
1790630700,FAV_all,60,UP,0.74,13.271964,-10.0,history
1790630700,FAV_ref,60,UP,0.74,13.271964,-10.0,history
1790631000,FAV,60,UP,0.66,14.799292,-10.0,history
1790631000,FAV_all,60,UP,0.66,14.799292,-10.0,history
1790631000,FAV_ref,60,UP,0.66,14.799292,-10.0,history
1790631300,FAV,62,UP,0.65,15.016706,-10.0,history
1790631300,FAV_all,62,UP,0.65,15.016706,-10.0,history
1790631300,FAV_ref,62,UP,0.65,15.016706,-10.0,history
1790631600,FAV,61,DOWN,0.66,14.799292,4.799292,history
1790631600,FAV_all,61,DOWN,0.66,14.799292,4.799292,history
1790631600,FAV_ref,61,DOWN,0.66,14.799292,4.799292,history
1790631900,FAV,60,UP,0.72,13.6219,-10.0,history
1790631900,FAV_all,60,UP,0.72,13.6219,-10.0,history
1790631900,FAV_ref,60,UP,0.72,13.6219,-10.0,history
1790632500,FAV_all,154,DOWN,0.65,10.0,3.73347,history
1790633100,FAV_all,60,DOWN,0.84,11.772905,1.772905,history
1790633400,FAV_all,60,UP,0.73,13.271964,3.271964,history
1790633400,FAV_mid,60,UP,0.73,13.271964,3.271964,history
1790633700,FAV_all,60,DOWN,0.85,11.64246,-10.0,history
1790633700,FAV_mid,60,DOWN,0.85,11.64246,-10.0,history
1790633700,FAV_ref,60,DOWN,0.85,11.64246,-10.0,history
1790634000,FAV,105,UP,0.65,15.016706,-10.0,history
1790634000,FAV_all,105,UP,0.65,15.016706,-10.0,history
1790634000,FAV_ref,105,UP,0.65,15.016706,-10.0,history
1790634600,FAV,60,UP,0.66,14.799292,4.799292,history
1790634600,FAV_all,60,UP,0.66,14.799292,4.799292,history
1790634600,FAV_ref,60,UP,0.66,14.799292,4.799292,history
1790635200,FAV,73,UP,0.65,15.016706,5.016706,history
1790635200,FAV_all,73,UP,0.65,15.016706,5.016706,history
1790635500,FAV,60,UP,0.73,13.444529,3.444529,history
1790635500,FAV_all,60,UP,0.73,13.444529,3.444529,history
1790635500,FAV_ref,60,UP,0.73,13.444529,3.444529,history
1790635800,FAV,60,UP,0.65,14.799292,4.799292,history
1790635800,FAV_all,60,UP,0.65,14.799292,4.799292,history
1790635800,FAV_ref,60,UP,0.65,14.799292,4.799292,history
1790636100,FAV,60,UP,0.66,14.799292,4.799292,history
1790636100,FAV_all,60,UP,0.66,14.799292,4.799292,history
1790636100,FAV_ref,60,UP,0.66,14.799292,4.799292,history
1790636400,FAV,60,UP,0.66,5.0,1.62146,history
1790636400,FAV_all,60,UP,0.66,5.0,1.62146,history
1790636400,FAV_ref,60,UP,0.66,5.0,1.62146,history
1790637000,FAV_all,60,DOWN,0.79,12.327416,2.327416,history
1790637000,FAV_mid,60,DOWN,0.79,12.327416,2.327416,history
1790637300,FAV,61,UP,0.82,13.104013,3.104013,history
1790637300,FAV_all,61,UP,0.82,13.104013,3.104013,history
1790637300,FAV_ref,61,UP,0.82,13.104013,3.104013,history
1790637600,FAV,60,DOWN,0.65,14.799292,-10.0,history
1790637600,FAV_all,60,DOWN,0.65,14.799292,-10.0,history
1790637600,FAV_ref,60,DOWN,0.65,14.799292,-10.0,history
1790637900,FAV_all,60,UP,0.8,12.327416,2.327416,history
1790637900,FAV_mid,60,UP,0.8,12.327416,2.327416,history
1790637900,FAV_ref,60,UP,0.8,12.327416,2.327416,history
1790638200,FAV,60,UP,0.74,13.271964,3.271964,history
1790638200,FAV_all,60,UP,0.74,13.271964,3.271964,history
1790638200,FAV_ref,60,UP,0.74,13.271964,3.271964,history
1790638500,FAV,82,DOWN,0.65,15.957795,-10.0,history
1790638500,FAV_all,82,DOWN,0.65,15.957795,-10.0,history
1790638500,FAV_ref,82,DOWN,0.65,15.957795,-10.0,history
1790638800,FAV,60,UP,0.65,15.240929,-10.0,history
1790638800,FAV_all,60,UP,0.65,15.240929,-10.0,history
1790638800,FAV_ref,60,UP,0.65,15.240929,-10.0,history
1790639100,FAV,135,DOWN,0.81,12.043375,2.043375,history
1790639100,FAV_all,135,DOWN,0.81,12.043375,2.043375,history
1790639100,FAV_ref,135,DOWN,0.81,12.043375,2.043375,history
1790639700,FAV,61,DOWN,0.66,14.588382,4.588382,history
1790639700,FAV_all,61,DOWN,0.66,14.588382,4.588382,history
1790639700,FAV_ref,61,DOWN,0.66,14.588382,4.588382,history
1790640000,FAV,60,DOWN,0.76,13.444529,-10.0,history
1790640000,FAV_all,60,DOWN,0.76,13.444529,-10.0,history
1790640000,FAV_ref,60,DOWN,0.76,13.444529,-10.0,history
1790640300,FAV,60,DOWN,0.69,14.18494,-10.0,history
1790640300,FAV_all,60,DOWN,0.69,14.18494,-10.0,history
1790640300,FAV_ref,60,DOWN,0.69,14.18494,-10.0,history
1790640600,FAV,102,DOWN,0.83,12.183637,2.183637,history
1790640600,FAV_all,102,DOWN,0.83,12.183637,2.183637,history
1790640600,FAV_ref,102,DOWN,0.83,12.183637,2.183637,history
1790640900,FAV_all,60,DOWN,0.84,11.64246,1.64246,history
1790640900,FAV_mid,60,DOWN,0.84,11.64246,1.64246,history
1790640900,FAV_ref,60,DOWN,0.84,11.64246,1.64246,history
1790641200,FAV,98,DOWN,0.65,15.016706,5.016706,history
1790641200,FAV_all,98,DOWN,0.65,15.016706,5.016706,history
1790642400,FAV_all,60,DOWN,0.66,14.588382,4.588382,history
1790642400,FAV_mid,60,DOWN,0.66,14.588382,4.588382,history
1790643000,FAV_all,60,DOWN,0.82,12.043375,2.043375,history
1790643000,FAV_mid,60,DOWN,0.82,12.043375,2.043375,history
1790643600,FAV_all,60,DOWN,0.85,11.64246,1.64246,history
1790643600,FAV_mid,60,DOWN,0.85,11.64246,1.64246,history
1790643900,FAV_all,77,DOWN,0.66,14.799292,4.799292,history
1790644200,FAV_all,60,DOWN,0.72,13.80428,3.80428,history
1790644200,FAV_mid,60,DOWN,0.72,13.80428,3.80428,history
1790644800,FAV_all,60,UP,0.76,12.940494,2.940494,history
1790645100,FAV_all,60,DOWN,0.66,14.588382,4.588382,forward
1790645400,FAV_all,60,UP,0.76,0.0,0.0,forward
1790645700,FAV_all,60,DOWN,0.71,0.0,0.0,forward
1790646000,FAV_all,64,DOWN,0.65,15.472284,-10.0,forward
1790646300,FAV_all,111,UP,0.84,0.0,0.0,forward
1790646600,FAV_all,60,DOWN,0.81,12.183637,-10.0,forward
1790646900,FAV_all,105,UP,0.69,8.91,2.542023,forward
1790647200,FAV_all,60,UP,0.65,0.0,0.0,forward
1790647500,FAV_all,60,DOWN,0.72,13.6219,3.6219,forward
1790647500,FAV_mid,60,DOWN,0.72,13.6219,3.6219,forward
1790647800,FAV_all,60,DOWN,0.78,12.626071,-10.0,forward
1790648100,FAV_all,62,UP,0.65,0.0,0.0,forward
1790648400,FAV_all,60,UP,0.77,12.940494,-10.0,forward
1790648400,FAV_mid,60,UP,0.77,12.940494,-10.0,forward
1790648700,FAV_all,64,DOWN,0.66,0.0,0.0,forward
1790649000,FAV_all,103,UP,0.68,0.0,0.0,forward
1790649000,FAV_mid,103,UP,0.68,0.0,0.0,forward
1790649300,FAV_all,64,UP,0.67,14.588382,4.588382,forward
1790649600,FAV_all,60,DOWN,0.65,0.0,0.0,forward
1790649900,FAV_all,63,UP,0.85,0.0,0.0,forward
1790649900,FAV_mid,63,UP,0.85,0.0,0.0,forward
1790650200,FAV_all,60,DOWN,0.81,0.0,0.0,forward
1790650500,FAV_all,60,UP,0.73,13.80428,3.80428,forward
1790650500,FAV_mid,60,UP,0.73,13.80428,3.80428,forward
1790650800,FAV,60,UP,0.79,12.474848,-10.0,forward
1790650800,FAV_all,60,UP,0.79,12.474848,-10.0,forward
1790650800,FAV_ref,60,UP,0.79,12.474848,-10.0,forward
1790651100,FAV_all,60,DOWN,0.73,10.0,2.46532,forward
1790651400,FAV_all,87,UP,0.66,15.472284,-10.0,forward
1790651400,FAV_mid,87,UP,0.66,15.472284,-10.0,forward
1790651700,FAV,62,UP,0.65,15.711117,5.711117,forward
1790651700,FAV_all,62,UP,0.65,15.711117,5.711117,forward
1790651700,FAV_ref,62,UP,0.65,15.711117,5.711117,forward
1790652300,FAV_all,60,UP,0.68,14.588382,4.588382,forward
1790652300,FAV_mid,60,UP,0.68,14.588382,4.588382,forward
1790652600,FAV,60,DOWN,0.85,11.64246,1.64246,forward
1790652600,FAV_all,60,DOWN,0.85,11.64246,1.64246,forward
1790652900,FAV_all,60,DOWN,0.66,15.016706,5.016706,forward
1790652900,FAV_mid,60,DOWN,0.66,15.016706,5.016706,forward
1790653200,FAV,61,DOWN,0.65,15.016706,5.016706,forward
1790653200,FAV_all,61,DOWN,0.65,15.016706,5.016706,forward
1790653200,FAV_ref,61,DOWN,0.65,15.016706,5.016706,forward
1790653500,FAV,60,DOWN,0.65,15.957795,-10.0,forward
1790653500,FAV_all,60,DOWN,0.65,15.957795,-10.0,forward
1790653500,FAV_ref,60,DOWN,0.65,15.957795,-10.0,forward
1790653800,FAV,60,DOWN,0.65,0.0,0.0,forward
1790653800,FAV_all,60,DOWN,0.65,0.0,0.0,forward
1790653800,FAV_ref,60,DOWN,0.65,0.0,0.0,forward
1790654100,FAV_all,60,DOWN,0.66,15.016706,5.016706,forward
1790654100,FAV_mid,60,DOWN,0.66,15.016706,5.016706,forward
1790654400,FAV,60,DOWN,0.71,13.991885,3.991885,forward
1790654400,FAV_all,60,DOWN,0.71,13.991885,3.991885,forward
1790654400,FAV_ref,60,DOWN,0.71,13.991885,3.991885,forward
1790654700,FAV_all,94,UP,0.65,13.8,-9.054566,forward
1790654700,FAV_mid,94,UP,0.65,13.8,-9.054566,forward
1790655000,FAV_all,60,UP,0.82,12.043375,2.043375,forward
1790655000,FAV_mid,60,UP,0.82,12.043375,2.043375,forward
1790655300,FAV_all,112,UP,0.66,14.799292,4.799292,forward
1790655300,FAV_mid,112,UP,0.66,14.799292,4.799292,forward
1790655600,FAV_all,69,UP,0.65,15.016706,5.016706,forward
1790655600,FAV_mid,69,UP,0.65,15.016706,5.016706,forward
1790655900,FAV_all,80,DOWN,0.65,15.0,5.305245,forward
1790655900,FAV_mid,80,DOWN,0.65,15.0,5.305245,forward
1790656200,FAV,60,DOWN,0.77,12.781235,2.781235,forward
1790656200,FAV_all,60,DOWN,0.77,12.781235,2.781235,forward
1790656200,FAV_ref,60,DOWN,0.77,12.781235,2.781235,forward
1790656500,FAV,127,DOWN,0.82,12.043375,-10.0,forward
1790656500,FAV_all,127,DOWN,0.82,12.043375,-10.0,forward
1790656500,FAV_ref,127,DOWN,0.82,12.043375,-10.0,forward
1790656800,FAV,60,DOWN,0.72,13.6219,3.6219,forward
1790656800,FAV_all,60,DOWN,0.72,13.6219,3.6219,forward
1790656800,FAV_ref,60,DOWN,0.72,13.6219,3.6219,forward
1790657100,FAV,62,DOWN,0.65,15.016706,5.016706,forward
1790657100,FAV_all,62,DOWN,0.65,15.016706,5.016706,forward
1790657100,FAV_ref,62,DOWN,0.65,15.016706,5.016706,forward
1790657400,FAV,61,UP,0.66,14.799292,4.799292,forward
1790657400,FAV_all,61,UP,0.66,14.799292,4.799292,forward
1790657400,FAV_ref,61,UP,0.66,14.799292,4.799292,forward
1790657700,FAV,87,UP,0.65,0.0,0.0,forward
1790657700,FAV_all,87,UP,0.65,0.0,0.0,forward
1790657700,FAV_ref,87,UP,0.65,0.0,0.0,forward
1790658000,FAV,60,UP,0.83,11.906505,1.906505,forward
1790658000,FAV_all,60,UP,0.83,11.906505,1.906505,forward
1790658000,FAV_ref,60,UP,0.83,11.906505,1.906505,forward
1790658300,FAV,60,UP,0.66,14.799292,-10.0,forward
1790658300,FAV_all,60,UP,0.66,14.799292,-10.0,forward
1790658300,FAV_ref,60,UP,0.66,14.799292,-10.0,forward
1790658600,FAV,60,UP,0.76,12.940494,2.940494,forward
1790658600,FAV_all,60,UP,0.76,12.940494,2.940494,forward
1790658600,FAV_ref,60,UP,0.76,12.940494,2.940494,forward
1790658900,FAV,60,UP,0.66,14.799292,4.799292,forward
1790658900,FAV_all,60,UP,0.66,14.799292,4.799292,forward
1790658900,FAV_ref,60,UP,0.66,14.799292,4.799292,forward
1790659200,FAV_all,60,DOWN,0.82,12.327416,-10.0,forward
1790659200,FAV_mid,60,DOWN,0.82,12.327416,-10.0,forward
1790659500,FAV,74,UP,0.7,13.80428,-10.0,forward
1790659500,FAV_all,74,UP,0.7,13.80428,-10.0,forward
1790659500,FAV_ref,74,UP,0.7,13.80428,-10.0,forward
1790660100,FAV_all,75,UP,0.68,14.383688,4.383688,forward
1790660400,FAV_all,60,UP,0.74,13.271964,3.271964,forward
1790660700,FAV_all,60,DOWN,0.77,0.0,0.0,forward
1790660700,FAV_mid,60,DOWN,0.77,0.0,0.0,forward
1790661000,FAV_all,60,UP,0.73,13.271964,3.271964,forward
1790661000,FAV_mid,60,UP,0.73,13.271964,3.271964,forward
1790661300,FAV_all,72,UP,0.65,15.016706,5.016706,forward
1790661300,FAV_mid,72,UP,0.65,15.016706,5.016706,forward
1790661600,FAV,60,UP,0.7,15.240929,5.240929,forward
1790661600,FAV_all,60,UP,0.7,15.240929,5.240929,forward
1790661600,FAV_ref,60,UP,0.7,15.240929,5.240929,forward
1790661900,FAV_all,67,UP,0.65,15.016706,5.016706,forward
1790661900,FAV_mid,67,UP,0.65,15.016706,5.016706,forward
1790661900,FAV_ref,67,UP,0.65,15.016706,5.016706,forward
1790662200,FAV_all,61,UP,0.65,0.0,0.0,forward
1790662500,FAV_all,62,DOWN,0.67,14.383688,4.383688,forward
1790662500,FAV_mid,62,DOWN,0.67,14.383688,4.383688,forward
1790662800,FAV_all,60,UP,0.69,0.0,0.0,forward
1790662800,FAV_mid,60,UP,0.69,0.0,0.0,forward
1790663100,FAV_all,60,UP,0.65,14.799292,4.799292,forward
1790663100,FAV_mid,60,UP,0.65,14.799292,4.799292,forward
1790663400,FAV,60,UP,0.83,11.906505,1.906505,forward
1790663400,FAV_all,60,UP,0.83,11.906505,1.906505,forward
1790663400,FAV_ref,60,UP,0.83,11.906505,1.906505,forward
1790663700,FAV_all,66,DOWN,0.84,12.043375,2.043375,forward
1790663700,FAV_mid,66,DOWN,0.84,12.043375,2.043375,forward
1790664000,FAV_all,60,UP,0.74,13.444529,3.444529,forward
1790664000,FAV_mid,60,UP,0.74,13.444529,3.444529,forward
1790664000,FAV_ref,60,UP,0.74,13.444529,3.444529,forward
1790664300,FAV,65,UP,0.66,14.588382,4.588382,forward
1790664300,FAV_all,65,UP,0.66,14.588382,4.588382,forward
1790664300,FAV_ref,65,UP,0.66,14.588382,4.588382,forward
1790664600,FAV,64,UP,0.65,15.472284,5.472284,forward
1790664600,FAV_all,64,UP,0.65,15.472284,5.472284,forward
1790664600,FAV_ref,64,UP,0.65,15.472284,5.472284,forward
1790664900,FAV_all,60,UP,0.69,14.383688,4.383688,forward
1790664900,FAV_mid,60,UP,0.69,14.383688,4.383688,forward
1790665500,FAV_all,60,UP,0.85,0.0,0.0,forward
1790665500,FAV_mid,60,UP,0.85,0.0,0.0,forward
1790665800,FAV_all,87,DOWN,0.66,14.588382,4.588382,forward
1790665800,FAV_mid,87,DOWN,0.66,14.588382,4.588382,forward
1790665800,FAV_ref,87,DOWN,0.66,14.588382,4.588382,forward
1790666100,FAV_all,60,UP,0.73,13.444529,-10.0,forward
1790666400,FAV_all,60,UP,0.71,13.80428,-10.0,forward
1790666700,FAV_all,103,UP,0.85,11.64246,1.64246,forward
1790667000,FAV,72,DOWN,0.66,0.0,0.0,forward
1790667000,FAV_all,72,DOWN,0.66,0.0,0.0,forward
1790667000,FAV_ref,72,DOWN,0.66,0.0,0.0,forward
1790667300,FAV_all,60,UP,0.84,13.271964,3.271964,forward
1790667300,FAV_mid,60,UP,0.84,13.271964,3.271964,forward
1790667300,FAV_ref,60,UP,0.84,13.271964,3.271964,forward
1790667600,FAV_all,60,DOWN,0.76,12.940494,2.940494,forward
1790667600,FAV_mid,60,DOWN,0.76,12.940494,2.940494,forward
1790667900,FAV,83,UP,0.65,10.0,3.34075,forward
1790667900,FAV_all,83,UP,0.65,10.0,3.34075,forward
1790667900,FAV_ref,83,UP,0.65,10.0,3.34075,forward
1790668200,FAV,85,UP,0.65,14.799292,4.799292,forward
1790668200,FAV_all,85,UP,0.65,14.799292,4.799292,forward
1790668200,FAV_ref,85,UP,0.65,14.799292,4.799292,forward
1790668500,FAV,60,DOWN,0.84,11.772905,1.772905,forward
1790668500,FAV_all,60,DOWN,0.84,11.772905,1.772905,forward
1790668500,FAV_ref,60,DOWN,0.84,11.772905,1.772905,forward
1790669100,FAV_all,60,DOWN,0.66,14.588382,4.588382,forward
1790669100,FAV_mid,60,DOWN,0.66,14.588382,4.588382,forward
1790669400,FAV_all,60,UP,0.7,13.991885,3.991885,forward
1790669400,FAV_mid,60,UP,0.7,13.991885,3.991885,forward
1790669700,FAV_all,64,UP,0.68,0.0,0.0,forward
1790669700,FAV_mid,64,UP,0.68,0.0,0.0,forward
1790670300,FAV_all,60,UP,0.71,15.472284,-10.0,forward
1790670900,FAV_all,94,DOWN,0.65,15.240929,5.240929,forward
1790670900,FAV_mid,94,DOWN,0.65,15.240929,5.240929,forward
1790671200,FAV_all,60,DOWN,0.84,12.043375,2.043375,forward
1790671500,FAV_all,60,DOWN,0.68,0.0,0.0,forward
1790671500,FAV_mid,60,DOWN,0.68,0.0,0.0,forward
1790671800,FAV_all,86,DOWN,0.65,15.016706,5.016706,forward
1790671800,FAV_mid,86,DOWN,0.65,15.016706,5.016706,forward
1790672100,FAV,60,UP,0.83,11.772905,1.772905,forward
1790672100,FAV_all,60,UP,0.83,11.772905,1.772905,forward
1790672100,FAV_ref,60,UP,0.83,11.772905,1.772905,forward
1790672400,FAV,60,DOWN,0.67,0.0,0.0,forward
1790672400,FAV_all,60,DOWN,0.67,0.0,0.0,forward
1790672400,FAV_ref,60,DOWN,0.67,0.0,0.0,forward
1790672700,FAV_all,70,DOWN,0.65,15.016706,5.016706,forward
1790672700,FAV_mid,70,DOWN,0.65,15.016706,5.016706,forward
1790673000,FAV,64,DOWN,0.67,15.016706,-10.0,forward
1790673000,FAV_all,64,DOWN,0.67,15.016706,-10.0,forward
1790673000,FAV_ref,64,DOWN,0.67,15.016706,-10.0,forward
1790673300,FAV,60,DOWN,0.65,15.016706,-10.0,forward
1790673300,FAV_all,60,DOWN,0.65,15.016706,-10.0,forward
1790673300,FAV_ref,60,DOWN,0.65,15.016706,-10.0,forward
1790673600,FAV,69,UP,0.75,0.0,0.0,forward
1790673600,FAV_all,69,UP,0.75,0.0,0.0,forward
1790673600,FAV_ref,69,UP,0.75,0.0,0.0,forward
1790673900,FAV_all,60,UP,0.83,12.183637,2.183637,forward
1790673900,FAV_mid,60,UP,0.83,12.183637,2.183637,forward
1790674200,FAV_all,75,UP,0.76,0.0,0.0,forward
1790674500,FAV_all,74,DOWN,0.69,5.0,-3.524865,forward
1790674500,FAV_mid,74,DOWN,0.69,5.0,-3.524865,forward
1790674800,FAV,60,DOWN,0.69,14.18494,4.18494,forward
1790674800,FAV_all,60,DOWN,0.69,14.18494,4.18494,forward
1790674800,FAV_ref,60,DOWN,0.69,14.18494,4.18494,forward
1790675100,FAV,80,UP,0.68,5.55,1.691462,forward
1790675100,FAV_all,80,UP,0.68,5.55,1.691462,forward
1790675100,FAV_ref,80,UP,0.68,5.55,1.691462,forward
1790675400,FAV_all,98,UP,0.85,11.906505,1.906505,forward
1790675700,FAV_all,60,UP,0.69,14.383688,-10.0,forward
1790676000,FAV_all,60,DOWN,0.84,11.772905,1.772905,forward
1790676000,FAV_mid,60,DOWN,0.84,11.772905,1.772905,forward
1790676300,FAV,101,DOWN,0.66,5.0,-3.427385,forward
1790676300,FAV_all,101,DOWN,0.66,5.0,-3.427385,forward
1790676300,FAV_ref,101,DOWN,0.66,5.0,-3.427385,forward
1790676600,FAV_all,127,UP,0.85,0.0,0.0,forward
1790676600,FAV_mid,127,UP,0.85,0.0,0.0,forward
1790676600,FAV_ref,127,UP,0.85,0.0,0.0,forward
1790676900,FAV_all,60,DOWN,0.75,13.104013,3.104013,forward
1790676900,FAV_mid,60,DOWN,0.75,13.104013,3.104013,forward
1790677200,FAV,60,DOWN,0.67,14.588382,4.588382,forward
1790677200,FAV_all,60,DOWN,0.67,14.588382,4.588382,forward
1790677200,FAV_ref,60,DOWN,0.67,14.588382,4.588382,forward
1790677500,FAV_all,125,UP,0.65,0.0,0.0,forward
1790677500,FAV_mid,125,UP,0.65,0.0,0.0,forward
1790677500,FAV_ref,125,UP,0.65,0.0,0.0,forward
1790677800,FAV,60,DOWN,0.7,13.991885,3.991885,forward
1790677800,FAV_all,60,DOWN,0.7,13.991885,3.991885,forward
1790677800,FAV_ref,60,DOWN,0.7,13.991885,3.991885,forward
1790678100,FAV_all,126,UP,0.68,5.0,-3.427385,forward
1790678100,FAV_mid,126,UP,0.68,5.0,-3.427385,forward
1790678400,FAV,68,UP,0.85,11.64246,-10.0,forward
1790678400,FAV_all,68,UP,0.85,11.64246,-10.0,forward
1790678400,FAV_ref,68,UP,0.85,11.64246,-10.0,forward
1790678700,FAV_all,84,UP,0.66,15.016706,-10.0,forward
1790678700,FAV_mid,84,UP,0.66,15.016706,-10.0,forward
1790679000,FAV,60,UP,0.75,12.940494,2.940494,forward
1790679000,FAV_all,60,UP,0.75,12.940494,2.940494,forward
1790679000,FAV_ref,60,UP,0.75,12.940494,2.940494,forward
1790679300,FAV,60,UP,0.68,14.383688,-10.0,forward
1790679300,FAV_all,60,UP,0.68,14.383688,-10.0,forward
1790679300,FAV_ref,60,UP,0.68,14.383688,-10.0,forward
1790679600,FAV,100,UP,0.65,14.799292,-10.0,forward
1790679600,FAV_all,100,UP,0.65,14.799292,-10.0,forward
1790679600,FAV_ref,100,UP,0.65,14.799292,-10.0,forward
1790679900,FAV_all,74,UP,0.65,0.0,0.0,forward
1790679900,FAV_mid,74,UP,0.65,0.0,0.0,forward
1790680200,FAV_all,60,DOWN,0.83,0.0,0.0,forward
1790680200,FAV_mid,60,DOWN,0.83,0.0,0.0,forward
1790680500,FAV_all,60,DOWN,0.65,6.9,-4.594882,forward
1790680500,FAV_mid,60,DOWN,0.65,6.9,-4.594882,forward
1790680800,FAV,60,DOWN,0.65,14.799292,-10.0,forward
1790680800,FAV_all,60,DOWN,0.65,14.799292,-10.0,forward
1790680800,FAV_ref,60,DOWN,0.65,14.799292,-10.0,forward
1790681100,FAV,108,UP,0.68,0.0,0.0,forward
1790681100,FAV_all,108,UP,0.68,0.0,0.0,forward
1790681100,FAV_ref,108,UP,0.68,0.0,0.0,forward
1790681400,FAV,60,UP,0.76,12.940494,2.940494,forward
1790681400,FAV_all,60,UP,0.76,12.940494,2.940494,forward
1790681400,FAV_ref,60,UP,0.76,12.940494,2.940494,forward
1790681700,FAV_all,75,UP,0.68,14.383688,4.383688,forward
1790681700,FAV_mid,75,UP,0.68,14.383688,4.383688,forward
1790682000,FAV_all,60,DOWN,0.66,15.016706,5.016706,forward
1790682300,FAV,60,UP,0.66,14.799292,4.799292,forward
1790682300,FAV_all,60,UP,0.66,14.799292,4.799292,forward
1790682300,FAV_ref,60,UP,0.66,14.799292,4.799292,forward
1790682600,FAV_all,64,UP,0.84,12.183637,2.183637,forward
1790682900,FAV_all,77,UP,0.65,15.0,-9.988875,forward
1790683200,FAV_all,82,UP,0.66,12.61,3.966135,forward
1790683200,FAV_mid,82,UP,0.66,12.61,3.966135,forward
1790683500,FAV_all,60,DOWN,0.65,14.799292,4.799292,forward
1790683500,FAV_mid,60,DOWN,0.65,14.799292,4.799292,forward
1790683800,FAV_all,123,UP,0.67,14.588382,4.588382,forward
1790683800,FAV_mid,123,UP,0.67,14.588382,4.588382,forward
1790684100,FAV,60,DOWN,0.68,5.0,1.52384,forward
1790684100,FAV_all,60,DOWN,0.68,5.0,1.52384,forward
1790684400,FAV_all,60,DOWN,0.82,12.626071,2.626071,forward
1790684700,FAV_all,60,DOWN,0.78,12.626071,2.626071,forward
1790685000,FAV_all,60,UP,0.7,13.991885,3.991885,forward
1790685000,FAV_mid,60,UP,0.7,13.991885,3.991885,forward
1790685300,FAV_all,60,UP,0.76,12.940494,2.940494,forward
1790685300,FAV_mid,60,UP,0.76,12.940494,2.940494,forward
1790685600,FAV_all,60,DOWN,0.66,14.799292,4.799292,forward
1790685900,FAV_all,60,DOWN,0.82,11.906505,1.906505,forward
1790685900,FAV_mid,60,DOWN,0.82,11.906505,1.906505,forward
1790686200,FAV_all,60,DOWN,0.66,6.75,-4.561029,forward
1790686200,FAV_mid,60,DOWN,0.66,6.75,-4.561029,forward
1790686500,FAV_all,67,UP,0.65,15.016706,5.016706,forward
1790686500,FAV_mid,67,UP,0.65,15.016706,5.016706,forward
1790686800,FAV_all,63,DOWN,0.65,15.016706,5.016706,forward
1790686800,FAV_mid,63,DOWN,0.65,15.016706,5.016706,forward
1790687100,FAV_all,60,UP,0.8,12.327416,2.327416,forward
1790687100,FAV_mid,60,UP,0.8,12.327416,2.327416,forward
1790687400,FAV,75,DOWN,0.65,0.0,0.0,forward
1790687400,FAV_all,75,DOWN,0.65,0.0,0.0,forward
1790687400,FAV_ref,75,DOWN,0.65,0.0,0.0,forward
1790687700,FAV_all,60,DOWN,0.75,13.271964,-10.0,forward
1790687700,FAV_mid,60,DOWN,0.75,13.271964,-10.0,forward
1790688000,FAV_all,157,DOWN,0.65,17.03122,-10.0,forward
1790688000,FAV_mid,157,DOWN,0.65,17.03122,-10.0,forward
1790688300,FAV,60,DOWN,0.78,12.626071,2.626071,forward
1790688300,FAV_all,60,DOWN,0.78,12.626071,2.626071,forward
1790688300,FAV_ref,60,DOWN,0.78,12.626071,2.626071,forward
1790688600,FAV_all,60,DOWN,0.82,12.183637,2.183637,forward
1790688900,FAV_all,60,DOWN,0.68,14.383688,-10.0,forward
1790689200,FAV_all,60,DOWN,0.72,13.444529,3.444529,forward
1790689500,FAV_all,94,DOWN,0.66,15.711117,5.711117,forward
1790689800,FAV_all,60,UP,0.74,13.80428,3.80428,forward
1790690100,FAV_all,60,UP,0.73,13.444529,-10.0,forward
1790690400,FAV_all,66,UP,0.67,14.383688,-10.0,forward
1790690400,FAV_mid,66,UP,0.67,14.383688,-10.0,forward
1790690700,FAV_all,61,DOWN,0.67,14.588382,4.588382,forward
1790691000,FAV_all,60,UP,0.7,13.991885,3.991885,forward
1790691300,FAV_all,60,DOWN,0.65,15.016706,-10.0,forward
1790691600,FAV_all,60,DOWN,0.83,11.906505,1.906505,forward
1790691900,FAV_all,60,UP,0.85,11.64246,1.64246,forward
1790692200,FAV_all,91,UP,0.65,15.472284,-10.0,forward
1790692500,FAV_all,60,DOWN,0.73,13.444529,3.444529,forward
1790692800,FAV_all,60,UP,0.68,0.0,0.0,forward
1790693100,FAV_all,131,UP,0.83,11.906505,-10.0,forward
1790693400,FAV_all,67,DOWN,0.85,11.772905,1.772905,forward
1790693700,FAV_all,60,UP,0.71,13.80428,-10.0,forward
1790694000,FAV_all,60,DOWN,0.85,11.64246,1.64246,forward
1790694000,FAV_mid,60,DOWN,0.85,11.64246,1.64246,forward
1790694300,FAV_all,70,DOWN,0.85,11.64246,1.64246,forward
1790694600,FAV_all,92,UP,0.65,15.016706,-10.0,forward
1790694900,FAV_all,60,UP,0.78,12.474848,-10.0,forward
1790695200,FAV_all,63,DOWN,0.65,15.711117,5.711117,forward
1790695500,FAV_all,60,DOWN,0.66,15.016706,5.016706,forward
1790695800,FAV_all,82,UP,0.65,15.016706,5.016706,forward
1790696100,FAV_all,64,UP,0.65,10.0,3.34075,forward
1790696400,FAV_all,60,UP,0.68,0.0,0.0,forward
1790696400,FAV_mid,60,UP,0.68,0.0,0.0,forward
1790696700,FAV_all,60,UP,0.71,13.80428,3.80428,forward
1790696700,FAV_mid,60,UP,0.71,13.80428,3.80428,forward
1790697300,FAV_all,60,UP,0.72,13.444529,3.444529,forward
1790697600,FAV_all,65,UP,0.85,11.772905,1.772905,forward
1790697900,FAV_all,95,DOWN,0.66,14.799292,4.799292,forward
1790698200,FAV_all,60,UP,0.79,12.327416,-10.0,forward
1790698500,FAV_all,75,UP,0.66,15.016706,5.016706,forward
1790698800,FAV_all,60,UP,0.68,14.383688,4.383688,forward
1790699100,FAV_all,64,UP,0.65,15.016706,5.016706,forward
1790699100,FAV_mid,64,UP,0.65,15.016706,5.016706,forward
1790699400,FAV,84,DOWN,0.85,11.64246,1.64246,forward
1790699400,FAV_all,84,DOWN,0.85,11.64246,1.64246,forward
1790699700,FAV_all,60,UP,0.7,0.0,0.0,forward
1790699700,FAV_mid,60,UP,0.7,0.0,0.0,forward
1790700000,FAV_all,70,DOWN,0.85,11.772905,1.772905,forward
1790700000,FAV_mid,70,DOWN,0.85,11.772905,1.772905,forward
1790700300,FAV_all,60,DOWN,0.85,11.64246,1.64246,forward
1790700600,FAV_all,60,UP,0.71,13.80428,-10.0,forward
1790700900,FAV_all,66,DOWN,0.65,15.016706,-10.0,forward
1790700900,FAV_mid,66,DOWN,0.65,15.016706,-10.0,forward
1790701200,FAV_all,60,DOWN,0.75,13.104013,-10.0,forward
1790701200,FAV_mid,60,DOWN,0.75,13.104013,-10.0,forward
1790701500,FAV_all,60,UP,0.78,12.626071,2.626071,forward
1790701500,FAV_mid,60,UP,0.78,12.626071,2.626071,forward
1790701800,FAV_all,60,DOWN,0.71,14.588382,4.588382,forward
1790701800,FAV_mid,60,DOWN,0.71,14.588382,4.588382,forward
1790702100,FAV_all,93,DOWN,0.65,0.0,0.0,forward
1790702100,FAV_mid,93,DOWN,0.65,0.0,0.0,forward
1790702400,FAV_all,62,DOWN,0.66,0.0,0.0,forward
1790702400,FAV_mid,62,DOWN,0.66,0.0,0.0,forward
1790702700,FAV_all,161,UP,0.66,14.799292,4.799292,forward
1790702700,FAV_mid,161,UP,0.66,14.799292,4.799292,forward
1790703000,FAV,60,UP,0.82,12.043375,2.043375,forward
1790703000,FAV_all,60,UP,0.82,12.043375,2.043375,forward
1790703000,FAV_ref,60,UP,0.82,12.043375,2.043375,forward
1790703300,FAV_all,60,DOWN,0.84,11.64246,1.64246,forward
1790703300,FAV_mid,60,DOWN,0.84,11.64246,1.64246,forward
1790703600,FAV_all,60,UP,0.74,13.6219,3.6219,forward
1790703600,FAV_mid,60,UP,0.74,13.6219,3.6219,forward
1790703900,FAV,73,UP,0.66,10.0,-6.46317,forward
1790703900,FAV_all,73,UP,0.66,10.0,-6.46317,forward
1790704200,FAV_all,60,DOWN,0.84,11.772905,1.772905,forward
1790704200,FAV_mid,60,DOWN,0.84,11.772905,1.772905,forward
1790704500,FAV_all,86,DOWN,0.66,14.799292,4.799292,forward
1790704500,FAV_mid,86,DOWN,0.66,14.799292,4.799292,forward
1790705100,FAV_all,60,UP,0.76,12.940494,2.940494,forward
1790705400,FAV_all,82,DOWN,0.66,14.799292,-10.0,forward
1790705700,FAV_all,60,UP,0.72,0.0,0.0,forward
1790705700,FAV_mid,60,UP,0.72,0.0,0.0,forward
1790706000,FAV_all,60,UP,0.7,0.0,0.0,forward
1790706000,FAV_mid,60,UP,0.7,0.0,0.0,forward
1790706300,FAV_all,60,DOWN,0.67,0.0,0.0,forward
1790706300,FAV_mid,60,DOWN,0.67,0.0,0.0,forward
1790706600,FAV_all,60,UP,0.72,13.991885,3.991885,forward
1790706600,FAV_mid,60,UP,0.72,13.991885,3.991885,forward
1790706900,FAV_all,66,DOWN,0.68,5.0,-3.47616,forward
1790707200,FAV_all,60,UP,0.78,12.626071,2.626071,forward
1790707200,FAV_mid,60,UP,0.78,12.626071,2.626071,forward
1790707500,FAV_all,115,DOWN,0.69,13.991885,3.991885,forward
1790707500,FAV_mid,115,DOWN,0.69,13.991885,3.991885,forward
1790707800,FAV,94,UP,0.65,15.240929,5.240929,forward
1790707800,FAV_all,94,UP,0.65,15.240929,5.240929,forward
1790707800,FAV_ref,94,UP,0.65,15.240929,5.240929,forward
1790708100,FAV,60,DOWN,0.68,14.383688,4.383688,forward
1790708100,FAV_all,60,DOWN,0.68,14.383688,4.383688,forward
1790708100,FAV_ref,60,DOWN,0.68,14.383688,4.383688,forward
1790708400,FAV,68,DOWN,0.65,0.0,0.0,forward
1790708400,FAV_all,68,DOWN,0.65,0.0,0.0,forward
1790708400,FAV_ref,68,DOWN,0.65,0.0,0.0,forward
1790708700,FAV,60,UP,0.66,0.26,0.089407,forward
1790708700,FAV_all,60,UP,0.66,0.26,0.089407,forward
1790708700,FAV_ref,60,UP,0.66,0.26,0.089407,forward
1790709000,FAV,77,DOWN,0.67,0.0,0.0,forward
1790709000,FAV_all,77,DOWN,0.67,0.0,0.0,forward
1790709000,FAV_ref,77,DOWN,0.67,0.0,0.0,forward
1790709300,FAV,60,DOWN,0.65,15.240929,-10.0,forward
1790709300,FAV_all,60,DOWN,0.65,15.240929,-10.0,forward
1790709300,FAV_ref,60,DOWN,0.65,15.240929,-10.0,forward
1790709600,FAV_all,60,DOWN,0.69,14.18494,4.18494,forward
1790709600,FAV_mid,60,DOWN,0.69,14.18494,4.18494,forward
1790709900,FAV,65,DOWN,0.67,14.588382,4.588382,forward
1790709900,FAV_all,65,DOWN,0.67,14.588382,4.588382,forward
1790709900,FAV_ref,65,DOWN,0.67,14.588382,4.588382,forward
1790710200,FAV,62,UP,0.67,0.0,0.0,forward
1790710200,FAV_all,62,UP,0.67,0.0,0.0,forward
1790710200,FAV_ref,62,UP,0.67,0.0,0.0,forward
1790710500,FAV_all,60,DOWN,0.77,0.0,0.0,forward
1790710500,FAV_mid,60,DOWN,0.77,0.0,0.0,forward
1790710800,FAV,60,DOWN,0.85,11.64246,1.64246,forward
1790710800,FAV_all,60,DOWN,0.85,11.64246,1.64246,forward
1790711100,FAV_all,61,DOWN,0.85,11.772905,-10.0,forward
1790711100,FAV_mid,61,DOWN,0.85,11.772905,-10.0,forward
1790711400,FAV_all,73,UP,0.65,15.016706,5.016706,forward
1790711700,FAV_all,62,UP,0.66,15.016706,5.016706,forward
1790711700,FAV_mid,62,UP,0.66,15.016706,5.016706,forward
1790712000,FAV_all,89,DOWN,0.65,0.0,0.0,forward
1790712000,FAV_mid,89,DOWN,0.65,0.0,0.0,forward
1790712300,FAV,60,UP,0.7,0.0,0.0,forward
1790712300,FAV_all,60,UP,0.7,0.0,0.0,forward
1790712600,FAV,150,DOWN,0.84,11.772905,1.772905,forward
1790712600,FAV_all,150,DOWN,0.84,11.772905,1.772905,forward
1790712600,FAV_ref,150,DOWN,0.84,11.772905,1.772905,forward
1790712900,FAV,101,UP,0.66,14.799292,4.799292,forward
1790712900,FAV_all,101,UP,0.66,14.799292,4.799292,forward
1790712900,FAV_ref,101,UP,0.66,14.799292,4.799292,forward
1790713200,FAV,60,UP,0.68,14.799292,-10.0,forward
1790713200,FAV_all,60,UP,0.68,14.799292,-10.0,forward
1790713200,FAV_ref,60,UP,0.68,14.799292,-10.0,forward
1790713500,FAV,61,UP,0.65,15.016706,5.016706,forward
1790713500,FAV_all,61,UP,0.65,15.016706,5.016706,forward
1790713500,FAV_ref,61,UP,0.65,15.016706,5.016706,forward
1790713800,FAV,60,DOWN,0.71,0.0,0.0,forward
1790713800,FAV_all,60,DOWN,0.71,0.0,0.0,forward
1790713800,FAV_ref,60,DOWN,0.71,0.0,0.0,forward
1790714100,FAV,65,UP,0.65,15.240929,5.240929,forward
1790714100,FAV_all,65,UP,0.65,15.240929,5.240929,forward
1790714100,FAV_ref,65,UP,0.65,15.240929,5.240929,forward
1790714400,FAV,60,UP,0.74,13.271964,3.271964,forward
1790714400,FAV_all,60,UP,0.74,13.271964,3.271964,forward
1790714400,FAV_ref,60,UP,0.74,13.271964,3.271964,forward
1790714700,FAV,60,DOWN,0.77,12.781235,-10.0,forward
1790714700,FAV_all,60,DOWN,0.77,12.781235,-10.0,forward
1790714700,FAV_ref,60,DOWN,0.77,12.781235,-10.0,forward
1790715000,FAV,60,UP,0.66,10.0,3.24292,forward
1790715000,FAV_all,60,UP,0.66,10.0,3.24292,forward
1790715000,FAV_ref,60,UP,0.66,10.0,3.24292,forward
1790715300,FAV,76,DOWN,0.67,14.588382,4.588382,forward
1790715300,FAV_all,76,DOWN,0.67,14.588382,4.588382,forward
1790715300,FAV_ref,76,DOWN,0.67,14.588382,4.588382,forward
1790715600,FAV,60,DOWN,0.78,12.474848,2.474848,forward
1790715600,FAV_all,60,DOWN,0.78,12.474848,2.474848,forward
1790715600,FAV_ref,60,DOWN,0.78,12.474848,2.474848,forward
1790715900,FAV_all,60,DOWN,0.67,0.0,0.0,forward
1790715900,FAV_mid,60,DOWN,0.67,0.0,0.0,forward
1790716200,FAV,60,UP,0.67,14.588382,4.588382,forward
1790716200,FAV_all,60,UP,0.67,14.588382,4.588382,forward
1790716200,FAV_ref,60,UP,0.67,14.588382,4.588382,forward
1790716500,FAV,60,DOWN,0.83,11.906505,1.906505,forward
1790716500,FAV_all,60,DOWN,0.83,11.906505,1.906505,forward
1790716500,FAV_ref,60,DOWN,0.83,11.906505,1.906505,forward
1790716800,FAV,60,DOWN,0.73,13.444529,3.444529,forward
1790716800,FAV_all,60,DOWN,0.73,13.444529,3.444529,forward
1790716800,FAV_ref,60,DOWN,0.73,13.444529,3.444529,forward
1790717100,FAV,60,UP,0.68,15.711117,-10.0,forward
1790717100,FAV_all,60,UP,0.68,15.711117,-10.0,forward
1790717100,FAV_ref,60,UP,0.68,15.711117,-10.0,forward
1790717400,FAV_all,60,UP,0.84,11.772905,1.772905,forward
1790717400,FAV_mid,60,UP,0.84,11.772905,1.772905,forward
1790717700,FAV,108,UP,0.65,15.016706,5.016706,forward
1790717700,FAV_all,108,UP,0.65,15.016706,5.016706,forward
1790718000,FAV,60,UP,0.82,12.043375,2.043375,forward
1790718000,FAV_all,60,UP,0.82,12.043375,2.043375,forward
1790718000,FAV_ref,60,UP,0.82,12.043375,2.043375,forward
1790718600,FAV,60,UP,0.65,14.799292,4.799292,forward
1790718600,FAV_all,60,UP,0.65,14.799292,4.799292,forward
1790718600,FAV_ref,60,UP,0.65,14.799292,4.799292,forward
1790718900,FAV,147,DOWN,0.76,0.0,0.0,forward
1790718900,FAV_all,147,DOWN,0.76,0.0,0.0,forward
1790718900,FAV_ref,147,DOWN,0.76,0.0,0.0,forward
1790719200,FAV,60,UP,0.81,12.183637,2.183637,forward
1790719200,FAV_all,60,UP,0.81,12.183637,2.183637,forward
1790719200,FAV_ref,60,UP,0.81,12.183637,2.183637,forward
1790719500,FAV,60,DOWN,0.75,0.0,0.0,forward
1790719500,FAV_all,60,DOWN,0.75,0.0,0.0,forward
1790719500,FAV_ref,60,DOWN,0.75,0.0,0.0,forward
1790719800,FAV_all,128,UP,0.84,11.906505,1.906505,forward
1790719800,FAV_mid,128,UP,0.84,11.906505,1.906505,forward
1790720100,FAV_all,69,DOWN,0.85,11.64246,1.64246,forward
1790720100,FAV_mid,69,DOWN,0.85,11.64246,1.64246,forward
1790720400,FAV_all,60,UP,0.73,13.444529,3.444529,forward
1790720700,FAV,60,UP,0.65,0.0,0.0,forward
1790720700,FAV_all,60,UP,0.65,0.0,0.0,forward
1790721000,FAV,60,DOWN,0.69,0.0,0.0,forward
1790721000,FAV_all,60,DOWN,0.69,0.0,0.0,forward
1790721000,FAV_ref,60,DOWN,0.69,0.0,0.0,forward
1790721300,FAV_all,67,UP,0.65,15.016706,-10.0,forward
1790721300,FAV_mid,67,UP,0.65,15.016706,-10.0,forward
1790721600,FAV,77,UP,0.65,15.016706,5.016706,forward
1790721600,FAV_all,77,UP,0.65,15.016706,5.016706,forward
1790721600,FAV_ref,77,UP,0.65,15.016706,5.016706,forward
1790721900,FAV,60,DOWN,0.67,15.240929,5.240929,forward
1790721900,FAV_all,60,DOWN,0.67,15.240929,5.240929,forward
1790721900,FAV_ref,60,DOWN,0.67,15.240929,5.240929,forward
1790722200,FAV,60,UP,0.78,12.781235,2.781235,forward
1790722200,FAV_all,60,UP,0.78,12.781235,2.781235,forward
1790722200,FAV_ref,60,UP,0.78,12.781235,2.781235,forward
1790722500,FAV,64,DOWN,0.66,14.588382,4.588382,forward
1790722500,FAV_all,64,DOWN,0.66,14.588382,4.588382,forward
1790722500,FAV_ref,64,DOWN,0.66,14.588382,4.588382,forward
1790722800,FAV,60,UP,0.72,13.6219,3.6219,forward
1790722800,FAV_all,60,UP,0.72,13.6219,3.6219,forward
1790722800,FAV_ref,60,UP,0.72,13.6219,3.6219,forward
1790723100,FAV,66,UP,0.85,11.64246,1.64246,forward
1790723100,FAV_all,66,UP,0.85,11.64246,1.64246,forward
1790723400,FAV_all,60,UP,0.84,11.772905,1.772905,forward
1790723700,FAV,61,DOWN,0.65,14.799292,4.799292,forward
1790723700,FAV_all,61,DOWN,0.65,14.799292,4.799292,forward
1790723700,FAV_ref,61,DOWN,0.65,14.799292,4.799292,forward
1790724600,FAV,61,DOWN,0.66,14.799292,4.799292,forward
1790724600,FAV_all,61,DOWN,0.66,14.799292,4.799292,forward
1790724600,FAV_ref,61,DOWN,0.66,14.799292,4.799292,forward
1790724900,FAV,60,DOWN,0.7,13.80428,3.80428,forward
1790724900,FAV_all,60,DOWN,0.7,13.80428,3.80428,forward
1790724900,FAV_ref,60,DOWN,0.7,13.80428,3.80428,forward
1790725200,FAV,60,DOWN,0.75,13.104013,3.104013,forward
1790725200,FAV_all,60,DOWN,0.75,13.104013,3.104013,forward
1790725200,FAV_ref,60,DOWN,0.75,13.104013,3.104013,forward
1790725500,FAV,60,UP,0.84,11.64246,1.64246,forward
1790725500,FAV_all,60,UP,0.84,11.64246,1.64246,forward
1790725500,FAV_ref,60,UP,0.84,11.64246,1.64246,forward
1790725800,FAV,60,DOWN,0.69,14.18494,4.18494,forward
1790725800,FAV_all,60,DOWN,0.69,14.18494,4.18494,forward
1790725800,FAV_ref,60,DOWN,0.69,14.18494,4.18494,forward
1790726100,FAV,61,UP,0.84,11.772905,1.772905,forward
1790726100,FAV_all,61,UP,0.84,11.772905,1.772905,forward
1790726100,FAV_ref,61,UP,0.84,11.772905,1.772905,forward
1790726400,FAV,60,UP,0.77,13.104013,3.104013,forward
1790726400,FAV_all,60,UP,0.77,13.104013,3.104013,forward
1790726400,FAV_ref,60,UP,0.77,13.104013,3.104013,forward
1790726700,FAV_all,60,UP,0.81,12.183637,-10.0,forward
1790726700,FAV_mid,60,UP,0.81,12.183637,-10.0,forward
1790727000,FAV,60,DOWN,0.85,11.64246,1.64246,forward
1790727000,FAV_all,60,DOWN,0.85,11.64246,1.64246,forward
1790727300,FAV,129,DOWN,0.66,0.0,0.0,forward
1790727300,FAV_all,129,DOWN,0.66,0.0,0.0,forward
1790727600,FAV,61,DOWN,0.65,15.016706,-10.0,forward
1790727600,FAV_all,61,DOWN,0.65,15.016706,-10.0,forward
1790727600,FAV_ref,61,DOWN,0.65,15.016706,-10.0,forward
1790727900,FAV_all,60,UP,0.84,12.183637,2.183637,forward
1790727900,FAV_mid,60,UP,0.84,12.183637,2.183637,forward
1790728200,FAV_all,79,DOWN,0.65,0.0,0.0,forward
1790728200,FAV_mid,79,DOWN,0.65,0.0,0.0,forward
1790728500,FAV_all,60,DOWN,0.68,5.0,1.52384,forward
1790728500,FAV_mid,60,DOWN,0.68,5.0,1.52384,forward
1790728800,FAV,60,UP,0.65,0.0,0.0,forward
1790728800,FAV_all,60,UP,0.65,0.0,0.0,forward
1790729100,FAV,60,DOWN,0.81,12.183637,2.183637,forward
1790729100,FAV_all,60,DOWN,0.81,12.183637,2.183637,forward
1790729400,FAV_all,60,DOWN,0.75,12.940494,2.940494,forward
1790729400,FAV_mid,60,DOWN,0.75,12.940494,2.940494,forward
1790729700,FAV,79,UP,0.65,15.472284,5.472284,forward
1790729700,FAV_all,79,UP,0.65,15.472284,5.472284,forward
1790730600,FAV,99,UP,0.65,17.03122,-10.0,forward
1790730600,FAV_all,99,UP,0.65,17.03122,-10.0,forward
1790730600,FAV_ref,99,UP,0.65,17.03122,-10.0,forward
1790730900,FAV_all,60,UP,0.68,14.18494,4.18494,forward
1790730900,FAV_mid,60,UP,0.68,14.18494,4.18494,forward
1790732100,FAV_all,70,DOWN,0.66,0.0,0.0,forward
