ts,epoch,sec,side,ask,p,p_cal,actual,win,day,rv60,abs_move_bps,hour,pnl_per1_fee_adj
1788889150,1788888900,250,DOWN,0.2300,0.509800,0.430721,UP,0,09-08,0.5180,2.29,17,-1.000000
1788889676,1788889500,176,UP,0.4800,0.623000,0.553675,DOWN,0,09-08,0.2980,2.08,17,-1.000000
1788890441,1788890400,41,UP,0.5100,0.677600,0.615921,UP,1,09-08,0.7930,5.50,18,0.928039
1788890709,1788890700,9,UP,0.5600,0.677600,0.615921,UP,1,09-08,0.1250,0.00,18,0.755893
1788891009,1788891000,9,UP,0.5600,0.677600,0.615921,UP,1,09-08,0.1670,0.00,18,0.755893
1788891305,1788891300,5,UP,0.5700,0.677600,0.615921,UP,1,09-08,0.1290,0.25,18,0.725088
1788891646,1788891600,46,DOWN,0.4100,0.509800,0.430721,UP,0,09-08,0.1540,0.23,18,-1.000000
1788893079,1788892800,279,DOWN,0.0100,0.509800,0.430721,UP,0,09-08,0.0830,1.08,18,-1.000000
1788893247,1788893100,147,DOWN,0.3200,0.509800,0.430721,DOWN,1,09-08,0.4370,0.54,18,2.072812
1788893510,1788893400,110,DOWN,0.3400,0.509800,0.430721,UP,0,09-08,0.6430,4.47,18,-1.000000
1788894036,1788894000,36,DOWN,0.3400,0.509800,0.430721,UP,0,09-08,0.3790,2.29,19,-1.000000
1788894321,1788894300,21,DOWN,0.4800,0.627200,0.558399,DOWN,1,09-08,0.4070,1.27,19,1.048542
1788895643,1788895500,143,UP,0.4600,0.623000,0.553675,UP,1,09-08,0.5240,2.49,19,1.137609
1788895879,1788895800,79,UP,0.5100,0.677600,0.615921,DOWN,0,09-08,0.6230,2.28,19,-1.000000
1788896148,1788896100,48,DOWN,0.3300,0.509800,0.430721,UP,0,09-08,0.3660,2.55,19,-1.000000
1788896458,1788896400,58,DOWN,0.3300,0.509800,0.430721,DOWN,1,09-08,1.1370,1.02,19,1.979697
1788896736,1788896700,36,DOWN,0.5400,0.697500,0.639040,DOWN,1,09-08,0.2590,2.61,19,0.820926
1788897486,1788897300,186,UP,0.4600,0.623000,0.553675,UP,1,09-08,0.3190,1.80,19,1.137609
1788898856,1788898800,56,DOWN,0.6200,0.797900,0.758670,DOWN,1,09-08,0.5020,4.39,20,0.585968
1788899768,1788899700,68,UP,0.5200,0.677600,0.615921,UP,1,09-08,0.3030,2.13,20,0.890962
1788900353,1788900300,53,UP,0.4800,0.623000,0.553675,UP,1,09-08,0.4270,0.76,20,1.048542
1788900695,1788900600,95,UP,0.5200,0.677600,0.615921,DOWN,0,09-08,0.2650,4.07,20,-1.000000
1788901016,1788900900,116,UP,0.3700,0.531400,0.453512,DOWN,0,09-08,0.2660,4.08,20,-1.000000
1788901329,1788901200,129,UP,0.5000,0.677600,0.615921,UP,1,09-08,0.7380,4.59,21,0.966600
1788902026,1788901800,226,DOWN,0.4400,0.594300,0.521697,UP,0,09-08,0.2390,0.15,21,-1.000000
1788902227,1788902100,127,DOWN,0.3800,0.509800,0.430721,DOWN,1,09-08,0.2080,1.05,21,1.587632
1788903133,1788903000,133,DOWN,0.5500,0.663600,0.599791,DOWN,1,09-08,0.1090,0.08,21,0.787818
1788903334,1788903300,34,DOWN,0.5000,0.663600,0.599791,DOWN,1,09-08,0.3740,1.67,21,0.966600
1788903727,1788903600,127,DOWN,0.5100,0.632000,0.563811,UP,0,09-08,0.1310,2.55,21,-1.000000
1788903994,1788903900,94,DOWN,0.6200,0.734600,0.682705,DOWN,1,09-08,0.1580,0.50,21,0.585968
1788904219,1788904200,19,DOWN,0.5700,0.697500,0.639040,DOWN,1,09-08,0.1460,0.72,21,0.725088
1788905441,1788905400,41,DOWN,0.4500,0.575500,0.501039,UP,0,09-08,0.1660,0.35,22,-1.000000
1788905753,1788905700,53,DOWN,0.3900,0.509800,0.430721,DOWN,1,09-08,0.6570,1.07,22,1.521282
1788906620,1788906600,20,DOWN,0.5300,0.632000,0.563811,DOWN,1,09-08,0.1170,1.09,22,0.855283
1788907239,1788907200,39,DOWN,0.3800,0.509800,0.430721,UP,0,09-08,0.2600,1.99,22,-1.000000
1788907520,1788907500,20,DOWN,0.4500,0.540200,0.462890,UP,0,09-08,0.0010,0.00,22,-1.000000
1788908008,1788907800,208,DOWN,0.4500,0.594300,0.521697,DOWN,1,09-08,0.1780,0.76,22,1.185111
1788908418,1788908400,18,DOWN,0.4800,0.575500,0.501039,DOWN,1,09-08,0.1180,0.00,23,1.048542
1788908749,1788908700,49,DOWN,0.4800,0.575500,0.501039,DOWN,1,09-08,0.0420,0.00,23,1.048542
1788909077,1788909000,77,DOWN,0.5300,0.697500,0.639040,DOWN,1,09-08,0.3280,2.92,23,0.855283
1788909315,1788909300,15,DOWN,0.4000,0.540200,0.462890,DOWN,1,09-08,0.1010,0.77,23,1.458250
1788909822,1788909600,222,DOWN,0.4100,0.509800,0.430721,DOWN,1,09-08,0.1270,0.63,23,1.398293
1788910088,1788909900,188,DOWN,0.4200,0.509800,0.430721,UP,0,09-08,0.0620,2.30,23,-1.000000
1788910858,1788910800,58,DOWN,0.4200,0.509800,0.430721,DOWN,1,09-08,0.0670,0.77,23,1.341190
1788911129,1788911100,29,DOWN,0.4900,0.590900,0.517944,DOWN,1,09-08,0.0010,0.00,23,1.006735
1788911550,1788911400,150,UP,0.5700,0.677600,0.615921,DOWN,0,09-08,0.1250,0.75,23,-1.000000
1788913273,1788913200,73,DOWN,0.3700,0.509800,0.430721,DOWN,1,09-09,0.3100,2.09,0,1.657568
1788914306,1788914100,206,DOWN,0.3900,0.509800,0.430721,UP,0,09-09,0.2010,1.28,0,-1.000000
1788914426,1788914400,26,DOWN,0.4900,0.590900,0.517944,UP,0,09-09,0.1060,0.23,0,-1.000000
1788915129,1788915000,129,DOWN,0.3000,0.509800,0.430721,UP,0,09-09,0.2190,1.73,0,-1.000000
1788915634,1788915600,34,DOWN,0.3800,0.509800,0.430721,DOWN,1,09-09,0.2190,0.24,1,1.587632
1788915966,1788915900,66,DOWN,0.3800,0.540200,0.462890,UP,0,09-09,0.5130,5.46,1,-1.000000
1788916391,1788916200,191,DOWN,0.5100,0.697500,0.639040,DOWN,1,09-09,0.6870,0.04,1,0.928039
1788917115,1788917100,15,DOWN,0.4500,0.543800,0.466742,UP,0,09-09,0.1010,0.23,1,-1.000000
1788917579,1788917400,179,UP,0.4700,0.623000,0.553675,UP,1,09-09,0.2690,1.52,1,1.092128
1788917728,1788917700,28,DOWN,0.5100,0.627200,0.558399,UP,0,09-09,0.1460,0.33,1,-1.000000
1788918044,1788918000,44,DOWN,0.3800,0.509800,0.430721,UP,0,09-09,0.4090,2.03,1,-1.000000
1788920120,1788920100,20,DOWN,0.6100,0.734600,0.682705,DOWN,1,09-09,0.0980,0.31,2,0.611967
1788920931,1788920700,231,DOWN,0.5900,0.716400,0.661196,DOWN,1,09-09,0.1390,3.57,2,0.666610
1788921120,1788921000,120,DOWN,0.4700,0.627200,0.558399,DOWN,1,09-09,0.3620,1.52,2,1.092128
1788921706,1788921600,106,DOWN,0.4800,0.594300,0.521697,UP,0,09-09,0.0660,0.56,2,-1.000000
1788921926,1788921900,26,DOWN,0.4700,0.575500,0.501039,DOWN,1,09-09,0.0260,0.00,2,1.092128
1788922354,1788922200,154,UP,0.4200,0.531400,0.453512,DOWN,0,09-09,0.1380,0.93,2,-1.000000
1788923211,1788923100,111,DOWN,0.4300,0.543800,0.466742,DOWN,1,09-09,0.1410,0.46,3,1.286744
1788923913,1788923700,213,UP,0.5700,0.677600,0.615921,DOWN,0,09-09,0.0840,0.96,3,-1.000000
1788924077,1788924000,77,DOWN,0.5000,0.627200,0.558399,DOWN,1,09-09,0.1400,2.75,3,0.966600
1788924416,1788924300,116,DOWN,0.3300,0.509800,0.430721,DOWN,1,09-09,0.0970,1.18,3,1.979697
1788924651,1788924600,51,DOWN,0.4900,0.590900,0.517944,UP,0,09-09,0.1650,1.36,3,-1.000000
1788925079,1788924900,179,DOWN,0.4900,0.594300,0.521697,UP,0,09-09,0.1390,0.29,3,-1.000000
1788925228,1788925200,28,DOWN,0.4100,0.509800,0.430721,UP,0,09-09,0.0250,0.00,3,-1.000000
1788925846,1788925800,46,DOWN,0.6200,0.734600,0.682705,UP,0,09-09,0.1360,1.52,3,-1.000000
1788927107,1788927000,107,UP,0.3900,0.531400,0.453512,UP,1,09-09,0.3490,1.49,4,1.521282
1788927333,1788927300,33,DOWN,0.5100,0.627200,0.558399,UP,0,09-09,0.1090,1.47,4,-1.000000
1788927691,1788927600,91,UP,0.5100,0.623000,0.553675,UP,1,09-09,0.1580,0.00,4,0.928039
1788927932,1788927900,32,DOWN,0.4000,0.509800,0.430721,UP,0,09-09,0.1290,0.00,4,-1.000000
1788928548,1788928500,48,DOWN,0.3700,0.509800,0.430721,UP,0,09-09,0.2860,1.25,4,-1.000000
1788928903,1788928800,103,UP,0.5500,0.716700,0.661550,UP,1,09-09,0.4190,2.11,4,0.787818
1788929278,1788929100,178,DOWN,0.4000,0.540200,0.462890,DOWN,1,09-09,0.6780,3.31,4,1.458250
1788929431,1788929400,31,DOWN,0.3900,0.509800,0.430721,UP,0,09-09,0.9620,1.76,4,-1.000000
1788930418,1788930300,118,DOWN,0.3900,0.509800,0.430721,UP,0,09-09,0.5710,2.91,5,-1.000000
1788930946,1788930900,46,DOWN,0.3900,0.509800,0.430721,UP,0,09-09,1.9800,3.34,5,-1.000000
1788931233,1788931200,33,DOWN,0.4700,0.590900,0.517944,DOWN,1,09-09,0.1290,0.00,5,1.092128
1788931838,1788931800,38,DOWN,0.5300,0.716400,0.661196,DOWN,1,09-09,0.4590,2.80,5,0.855283
1788932115,1788932100,15,DOWN,0.5100,0.627200,0.558399,DOWN,1,09-09,0.1510,0.32,5,0.928039
1788932491,1788932400,91,UP,0.4700,0.569400,0.494387,DOWN,0,09-09,0.1070,0.84,5,-1.000000
1788933059,1788933000,59,UP,0.5700,0.677600,0.615921,UP,1,09-09,0.0460,0.46,5,0.725088
1788934831,1788934800,31,UP,0.5600,0.677600,0.615921,UP,1,09-09,0.1390,0.12,6,0.755893
1788936977,1788936900,77,DOWN,0.5000,0.627200,0.558399,UP,0,09-09,0.1410,0.54,6,-1.000000
1788937254,1788937200,54,UP,0.4100,0.531400,0.453512,UP,1,09-09,0.1380,0.38,7,1.398293
1788938008,1788937800,208,DOWN,0.5600,0.734600,0.682705,DOWN,1,09-09,0.4040,2.76,7,0.755893
1788938267,1788938100,167,UP,0.4000,0.531400,0.453512,DOWN,0,09-09,0.2900,1.34,7,-1.000000
1788938599,1788938400,199,DOWN,0.3900,0.509800,0.430721,UP,0,09-09,0.3140,0.09,7,-1.000000
1788939059,1788939000,59,DOWN,0.4000,0.540200,0.462890,DOWN,1,09-09,0.2990,0.73,7,1.458250
1788939449,1788939300,149,UP,0.4700,0.569400,0.494387,DOWN,0,09-09,0.0600,0.63,7,-1.000000
1788939656,1788939600,56,UP,0.4700,0.569400,0.494387,DOWN,0,09-09,0.0010,0.00,7,-1.000000
1788940231,1788940200,31,UP,0.5900,0.716700,0.661550,UP,1,09-09,0.0720,0.24,7,0.666610
1788941162,1788941100,62,DOWN,0.4400,0.594300,0.521697,UP,0,09-09,0.4400,4.65,8,-1.000000
1788943874,1788943800,74,UP,0.3900,0.531400,0.453512,UP,1,09-09,0.3880,0.95,8,1.521282
1788945134,1788945000,134,UP,0.4600,0.600000,0.528006,UP,1,09-09,0.4000,1.13,9,1.137609
1788946280,1788946200,80,UP,0.5200,0.677600,0.615921,DOWN,0,09-09,0.2980,1.19,9,-1.000000
1788947575,1788947400,175,DOWN,0.4200,0.509800,0.430721,DOWN,1,09-09,0.1060,1.52,9,1.341190
1788947790,1788947700,90,UP,0.3900,0.531400,0.453512,DOWN,0,09-09,0.3740,0.83,9,-1.000000
1788949534,1788949500,34,UP,0.3800,0.531400,0.453512,UP,1,09-09,0.2780,0.57,10,1.587632
1788949958,1788949800,158,UP,0.5200,0.677600,0.615921,UP,1,09-09,0.2820,3.95,10,0.890962
1788950152,1788950100,52,DOWN,0.4000,0.509800,0.430721,UP,0,09-09,0.1500,1.94,10,-1.000000
1788951347,1788951300,47,UP,0.5200,0.623000,0.553675,UP,1,09-09,0.1050,0.53,10,0.890962
1788952837,1788952800,37,UP,0.4800,0.623000,0.553675,UP,1,09-09,0.2190,1.78,11,1.048542
1788953817,1788953700,117,UP,0.3900,0.569400,0.494387,DOWN,0,09-09,0.2100,1.02,11,-1.000000
1788954616,1788954600,16,UP,0.4300,0.589600,0.516511,UP,1,09-09,0.4560,3.25,11,1.286744
1788954979,1788954900,79,UP,0.3700,0.531400,0.453512,UP,1,09-09,0.2160,0.41,11,1.657568
1788955222,1788955200,22,DOWN,0.4400,0.590900,0.517944,DOWN,1,09-09,1.0750,5.62,12,1.234773
1788956717,1788956700,17,DOWN,0.5200,0.627200,0.558399,DOWN,1,09-09,0.0680,0.00,12,0.890962
1788958312,1788958200,112,DOWN,0.3200,0.509800,0.430721,UP,0,09-09,0.5140,2.15,12,-1.000000
1788958568,1788958500,68,UP,0.5100,0.677600,0.615921,DOWN,0,09-09,0.5580,2.18,12,-1.000000
1788959162,1788959100,62,DOWN,0.4800,0.594300,0.521697,DOWN,1,09-09,0.1200,2.97,13,1.048542
1788960736,1788960600,136,UP,0.3800,0.569400,0.494387,UP,1,09-09,0.7530,2.77,13,1.587632
1788961295,1788961200,95,DOWN,0.4100,0.543800,0.466742,DOWN,1,09-09,0.7670,5.04,13,1.398293
1788961554,1788961500,54,DOWN,0.4400,0.575500,0.501039,UP,0,09-09,0.6960,1.60,13,-1.000000
1788961832,1788961800,32,UP,0.4600,0.623000,0.553675,DOWN,0,09-09,0.4220,4.54,13,-1.000000
1788962155,1788962100,55,UP,0.3900,0.531400,0.453512,DOWN,0,09-09,0.4600,2.38,13,-1.000000
1788962797,1788962700,97,DOWN,0.2400,0.540200,0.462890,UP,0,09-09,0.9700,0.42,14,-1.000000
1788963216,1788963000,216,UP,0.3000,0.531400,0.453512,UP,1,09-09,0.5560,2.59,14,2.277667
1788963684,1788963600,84,UP,0.4300,0.569400,0.494387,DOWN,0,09-09,0.7950,1.52,14,-1.000000
1788964234,1788964200,34,UP,0.5500,0.716700,0.661550,UP,1,09-09,0.9310,0.66,14,0.787818
1788964611,1788964500,111,DOWN,0.3800,0.509800,0.430721,DOWN,1,09-09,0.8600,4.72,14,1.587632
1788965466,1788965400,66,DOWN,0.3800,0.509800,0.430721,DOWN,1,09-09,0.3820,5.06,14,1.587632
1788965859,1788965700,159,UP,0.3400,0.589600,0.516511,DOWN,0,09-09,0.3510,2.99,14,-1.000000
1788966085,1788966000,85,DOWN,0.4000,0.543800,0.466742,DOWN,1,09-09,3.8370,7.72,15,1.458250
1788966344,1788966300,44,DOWN,0.3700,0.509800,0.430721,DOWN,1,09-09,1.4780,7.87,15,1.657568
1788966636,1788966600,36,DOWN,0.4200,0.590900,0.517944,DOWN,1,09-09,1.5400,0.99,15,1.341190
1788967920,1788967800,120,DOWN,0.4100,0.540200,0.462890,UP,0,09-09,0.8200,1.57,15,-1.000000
1788968296,1788968100,196,DOWN,0.2000,0.509800,0.430721,UP,0,09-09,0.8640,4.53,15,-1.000000
1788968423,1788968400,23,UP,0.5100,0.677600,0.615921,UP,1,09-09,1.6930,10.17,15,0.928039
1788968800,1788968700,100,UP,0.4800,0.623000,0.553675,DOWN,0,09-09,0.5000,0.20,15,-1.000000
1788969057,1788969000,57,DOWN,0.3600,0.509800,0.430721,UP,0,09-09,0.6570,0.71,15,-1.000000
1788969329,1788969300,29,DOWN,0.4800,0.627200,0.558399,DOWN,1,09-09,0.6270,6.35,15,1.048542
1788969641,1788969600,41,UP,0.5100,0.677600,0.615921,UP,1,09-09,0.3680,0.42,16,0.928039
1788970241,1788970200,41,UP,0.3700,0.531400,0.453512,UP,1,09-09,0.4520,2.53,16,1.657568
1788970938,1788970800,138,DOWN,0.3000,0.509800,0.430721,DOWN,1,09-09,0.4580,1.10,16,2.277667
1788971796,1788971700,96,UP,0.4700,0.623000,0.553675,DOWN,0,09-09,0.5280,0.92,16,-1.000000
1788972721,1788972600,121,UP,0.5600,0.677600,0.615921,DOWN,0,09-09,0.1330,1.11,16,-1.000000
1788973337,1788973200,137,UP,0.5200,0.677600,0.615921,DOWN,0,09-09,0.7420,0.14,17,-1.000000
1788973541,1788973500,41,UP,0.4900,0.677600,0.615921,UP,1,09-09,0.3280,1.92,17,1.006735
1788974335,1788974100,235,DOWN,0.6200,0.877200,0.855511,DOWN,1,09-09,0.2980,7.81,17,0.585968
1788975966,1788975900,66,UP,0.5700,0.677600,0.615921,UP,1,09-09,0.0010,0.96,17,0.725088
1788976928,1788976800,128,UP,0.4200,0.569400,0.494387,DOWN,0,09-09,0.2800,1.02,18,-1.000000
1788977119,1788977100,19,UP,0.5600,0.677600,0.615921,DOWN,0,09-09,0.0340,0.00,18,-1.000000
1788977767,1788977700,67,UP,0.6000,0.711500,0.655434,DOWN,0,09-09,0.1180,0.76,18,-1.000000
1788978023,1788978000,23,UP,0.5500,0.677600,0.615921,DOWN,0,09-09,0.1630,0.69,18,-1.000000
1788978396,1788978300,96,DOWN,0.4000,0.509800,0.430721,UP,0,09-09,0.1340,0.61,18,-1.000000
1788979608,1788979500,108,UP,0.4000,0.531400,0.453512,DOWN,0,09-09,0.3360,1.01,18,-1.000000
1788980182,1788980100,82,UP,0.5200,0.677600,0.615921,DOWN,0,09-09,0.3290,6.77,18,-1.000000
1788980623,1788980400,223,DOWN,0.5600,0.734600,0.682705,DOWN,1,09-09,0.4450,2.35,19,0.755893
1788981445,1788981300,145,DOWN,0.3700,0.509800,0.430721,UP,0,09-09,0.2240,0.26,19,-1.000000
1788981632,1788981600,32,DOWN,0.4900,0.594300,0.521697,UP,0,09-09,0.1630,1.33,19,-1.000000
1788982981,1788982800,181,UP,0.4700,0.623000,0.553675,DOWN,0,09-09,0.3510,2.90,19,-1.000000
1788983167,1788983100,67,UP,0.4800,0.623000,0.553675,UP,1,09-09,0.4590,1.60,19,1.048542
1788983845,1788983700,145,DOWN,0.4400,0.594300,0.521697,UP,0,09-09,0.3510,1.32,19,-1.000000
1788984023,1788984000,23,DOWN,0.4900,0.594300,0.521697,DOWN,1,09-09,0.1430,0.39,20,1.006735
1788984466,1788984300,166,UP,0.4700,0.623000,0.553675,UP,1,09-09,0.3640,4.05,20,1.092128
1788984802,1788984600,202,DOWN,0.4000,0.575500,0.501039,UP,0,09-09,0.3000,0.68,20,-1.000000
1788985526,1788985500,26,DOWN,0.4800,0.627200,0.558399,DOWN,1,09-09,1.0970,8.79,20,1.048542
1788986840,1788986700,140,DOWN,0.6000,0.716400,0.661196,DOWN,1,09-09,0.1600,0.69,20,0.638833
1788987033,1788987000,33,UP,0.4000,0.531400,0.453512,UP,1,09-09,1.0570,7.50,20,1.458250
1788987984,1788987900,84,DOWN,0.3300,0.540200,0.462890,DOWN,1,09-09,0.3160,0.63,21,1.979697
1788988218,1788988200,18,DOWN,0.5200,0.627200,0.558399,DOWN,1,09-09,0.1650,0.11,21,0.890962
1788988982,1788988800,182,UP,0.4200,0.569400,0.494387,UP,1,09-09,0.3360,0.72,21,1.341190
1788990052,1788990000,52,DOWN,0.4200,0.509800,0.430721,UP,0,09-09,0.0800,0.79,21,-1.000000
1788990919,1788990900,19,DOWN,0.5200,0.627200,0.558399,UP,0,09-09,0.1550,1.46,21,-1.000000
1788991244,1788991200,44,DOWN,0.3900,0.509800,0.430721,DOWN,1,09-09,0.6850,1.66,22,1.521282
1788991519,1788991500,19,DOWN,0.4800,0.627200,0.558399,DOWN,1,09-09,0.3780,0.81,22,1.048542
1788992237,1788992100,137,UP,0.5200,0.677600,0.615921,UP,1,09-09,0.8780,5.68,22,0.890962
1788992729,1788992700,29,DOWN,0.4900,0.594300,0.521697,UP,0,09-09,0.1610,0.35,22,-1.000000
1788993335,1788993300,35,DOWN,0.3800,0.509800,0.430721,UP,0,09-09,0.2100,0.79,22,-1.000000
1788993697,1788993600,97,DOWN,0.5100,0.627200,0.558399,DOWN,1,09-09,0.1430,1.03,22,0.928039
1788993956,1788993900,56,DOWN,0.4400,0.594300,0.521697,UP,0,09-09,0.3040,0.24,22,-1.000000
1788995287,1788995100,187,DOWN,0.3500,0.509800,0.430721,UP,0,09-09,0.3520,0.69,23,-1.000000
1788995555,1788995400,155,DOWN,0.5300,0.632000,0.563811,DOWN,1,09-09,0.0760,1.20,23,0.855283
1788996662,1788996600,62,DOWN,0.4000,0.509800,0.430721,UP,0,09-09,0.0390,0.22,23,-1.000000
1788997095,1788996900,195,DOWN,0.3000,0.509800,0.430721,UP,0,09-09,0.2680,1.31,23,-1.000000
1788997287,1788997200,87,DOWN,0.5800,0.697500,0.639040,DOWN,1,09-09,0.0010,1.99,23,0.695345
1788997845,1788997800,45,DOWN,0.4400,0.543800,0.466742,UP,0,09-09,0.1590,0.47,23,-1.000000
1788998722,1788998700,22,DOWN,0.3700,0.509800,0.430721,DOWN,1,09-10,0.6000,1.37,0,1.657568
1788999125,1788999000,125,DOWN,0.4800,0.627200,0.558399,DOWN,1,09-10,0.3420,2.97,0,1.048542
1788999812,1788999600,212,UP,0.5500,0.716700,0.661550,UP,1,09-10,0.5460,0.29,0,0.787818
1789000110,1788999900,210,UP,0.4000,0.531400,0.453512,UP,1,09-10,0.3510,0.78,0,1.458250
1789001176,1789001100,76,DOWN,0.4100,0.509800,0.430721,UP,0,09-10,0.1650,3.77,0,-1.000000
1789001510,1789001400,110,UP,0.4300,0.569400,0.494387,DOWN,0,09-10,0.2450,0.00,0,-1.000000
1789001778,1789001700,78,DOWN,0.3500,0.509800,0.430721,UP,0,09-10,0.2360,0.08,0,-1.000000
1789002119,1789002000,119,DOWN,0.3600,0.509800,0.430721,UP,0,09-10,0.9710,2.47,1,-1.000000
1789003220,1789003200,20,DOWN,0.3500,0.509800,0.430721,UP,0,09-10,1.0370,3.58,1,-1.000000
1789004894,1789004700,194,DOWN,0.4800,0.627200,0.558399,DOWN,1,09-10,0.5480,2.91,1,1.048542
1789006219,1789006200,19,DOWN,0.4900,0.594300,0.521697,DOWN,1,09-10,0.1410,0.00,2,1.006735
1789006573,1789006500,73,DOWN,0.4500,0.543800,0.466742,UP,0,09-10,0.1570,1.28,2,-1.000000
1789006889,1789006800,89,DOWN,0.3700,0.509800,0.430721,DOWN,1,09-10,0.3280,1.66,2,1.657568
1789007415,1789007400,15,DOWN,0.4700,0.575500,0.501039,UP,0,09-10,0.1120,0.00,2,-1.000000
1789007794,1789007700,94,DOWN,0.4400,0.594300,0.521697,UP,0,09-10,0.3870,1.92,2,-1.000000
1789008073,1789008000,73,UP,0.5700,0.677600,0.615921,UP,1,09-10,0.1230,2.48,2,0.725088
1789008367,1789008300,67,DOWN,0.5200,0.627200,0.558399,UP,0,09-10,0.1510,0.52,2,-1.000000
1789008998,1789008900,98,DOWN,0.4800,0.627200,0.558399,UP,0,09-10,0.2060,1.09,2,-1.000000
1789009272,1789009200,72,DOWN,0.4200,0.543800,0.466742,UP,0,09-10,0.1650,1.14,3,-1.000000
1789010291,1789010100,191,UP,0.4300,0.569400,0.494387,DOWN,0,09-10,0.4170,1.01,3,-1.000000
1789010453,1789010400,53,UP,0.5700,0.677600,0.615921,DOWN,0,09-10,0.1380,1.39,3,-1.000000
1789010906,1789010700,206,DOWN,0.4000,0.543800,0.466742,UP,0,09-10,0.0120,2.39,3,-1.000000
1789013178,1789013100,78,DOWN,0.3800,0.509800,0.430721,UP,0,09-10,0.1790,3.91,4,-1.000000
1789013451,1789013400,51,UP,0.4400,0.531400,0.453512,DOWN,0,09-10,0.0760,0.60,4,-1.000000
1789014127,1789014000,127,DOWN,0.4800,0.575500,0.501039,DOWN,1,09-10,0.0010,2.04,4,1.048542
1789014828,1789014600,228,UP,0.5700,0.677600,0.615921,UP,1,09-10,0.0270,2.03,4,0.725088
1789019540,1789019400,140,UP,0.5800,0.716700,0.661550,UP,1,09-10,0.0830,1.72,5,0.695345
1789020930,1789020900,30,DOWN,0.5100,0.627200,0.558399,DOWN,1,09-10,0.0820,0.37,6,0.928039
1789021325,1789021200,125,DOWN,0.3500,0.543800,0.466742,DOWN,1,09-10,0.4300,2.34,6,1.809429
1789021860,1789021800,60,DOWN,0.3800,0.543800,0.466742,DOWN,1,09-10,0.3910,1.10,6,1.587632
1789022174,1789022100,74,DOWN,0.4600,0.627200,0.558399,UP,0,09-10,0.4070,0.67,6,-1.000000
1789022635,1789022400,235,DOWN,0.2890,0.509800,0.430721,UP,0,09-10,0.6480,1.02,6,-1.000000
1789023222,1789023000,222,DOWN,0.3800,0.509800,0.430721,DOWN,1,09-10,0.2060,1.02,6,1.587632
1789023315,1789023300,15,UP,0.5400,0.677600,0.615921,DOWN,0,09-10,0.0900,1.32,6,-1.000000
1789026959,1789026900,59,DOWN,0.4500,0.543800,0.466742,UP,0,09-10,0.1350,1.28,7,-1.000000
1789027288,1789027200,88,DOWN,0.3800,0.509800,0.430721,UP,0,09-10,0.4420,0.77,8,-1.000000
1789028301,1789028100,201,DOWN,0.4400,0.594300,0.521697,DOWN,1,09-10,0.2000,0.30,8,1.234773
1789028747,1789028700,47,DOWN,0.4000,0.594300,0.521697,UP,0,09-10,0.6910,4.29,8,-1.000000
1789029948,1789029900,48,DOWN,0.3900,0.543800,0.466742,UP,0,09-10,0.2540,0.07,8,-1.000000
1789030815,1789030800,15,UP,0.5700,0.677600,0.615921,UP,1,09-10,0.1310,1.02,9,0.725088
1789031149,1789031100,49,DOWN,0.4500,0.590900,0.517944,DOWN,1,09-10,0.2320,0.63,9,1.185111
1789031512,1789031400,112,UP,0.4000,0.531400,0.453512,DOWN,0,09-10,0.0670,1.79,9,-1.000000
1789031727,1789031700,27,DOWN,0.3800,0.509800,0.430721,UP,0,09-10,0.3370,1.36,9,-1.000000
1789032184,1789032000,184,UP,0.3700,0.531400,0.453512,UP,1,09-10,0.1990,0.39,9,1.657568
1789032454,1789032300,154,UP,0.4000,0.589600,0.516511,UP,1,09-10,0.6210,3.07,9,1.458250
1789033419,1789033200,219,UP,0.3900,0.531400,0.453512,DOWN,0,09-10,0.4110,1.00,9,-1.000000
1789033881,1789033800,81,UP,0.5700,0.677600,0.615921,UP,1,09-10,0.1570,0.29,9,0.725088
1789034195,1789034100,95,UP,0.3800,0.531400,0.453512,DOWN,0,09-10,0.0530,0.12,9,-1.000000
1789034502,1789034400,102,DOWN,0.5100,0.627200,0.558399,UP,0,09-10,0.1360,3.85,10,-1.000000
1789034781,1789034700,81,UP,0.3800,0.531400,0.453512,DOWN,0,09-10,0.0650,2.36,10,-1.000000
1789035193,1789035000,193,UP,0.4700,0.569400,0.494387,UP,1,09-10,0.0520,1.08,10,1.092128
1789035497,1789035300,197,UP,0.4500,0.569400,0.494387,DOWN,0,09-10,0.1340,0.65,10,-1.000000
1789035952,1789035900,52,UP,0.4100,0.569400,0.494387,UP,1,09-10,0.2200,0.94,10,1.398293
1789036847,1789036800,47,UP,0.5500,0.677600,0.615921,DOWN,0,09-10,0.1390,1.49,10,-1.000000
1789037117,1789037100,17,UP,0.5000,0.623000,0.553675,DOWN,0,09-10,0.0010,0.00,10,-1.000000
1789037424,1789037400,24,UP,0.5200,0.623000,0.553675,DOWN,0,09-10,0.0230,0.03,10,-1.000000
1789037729,1789037700,29,UP,0.5100,0.623000,0.553675,DOWN,0,09-10,0.0010,0.00,10,-1.000000
1789038437,1789038300,137,UP,0.2600,0.716700,0.661550,UP,1,09-10,0.8600,9.00,11,2.781923
1789038721,1789038600,121,UP,0.4600,0.623000,0.553675,UP,1,09-10,0.4290,2.48,11,1.137609
1789039224,1789039200,24,UP,0.5100,0.677600,0.615921,UP,1,09-10,0.4120,0.59,11,0.928039
1789039532,1789039500,32,UP,0.5100,0.623000,0.553675,DOWN,0,09-10,0.1490,0.12,11,-1.000000
1789039826,1789039800,26,UP,0.5700,0.677600,0.615921,UP,1,09-10,0.1480,1.28,11,0.725088
1789040141,1789040100,41,UP,0.5600,0.677600,0.615921,UP,1,09-10,0.1010,0.51,11,0.755893
1789041216,1789041000,216,UP,0.4300,0.569400,0.494387,DOWN,0,09-10,0.4350,1.22,11,-1.000000
1789041333,1789041300,33,UP,0.4200,0.531400,0.453512,DOWN,0,09-10,0.0790,0.08,11,-1.000000
1789041622,1789041600,22,UP,0.5100,0.677600,0.615921,DOWN,0,09-10,0.3810,3.26,12,-1.000000
1789041935,1789041900,35,UP,0.3800,0.531400,0.453512,DOWN,0,09-10,0.4350,0.77,12,-1.000000
1789042295,1789042200,95,UP,0.4900,0.716700,0.661550,UP,1,09-10,0.5910,2.81,12,1.006735
1789042523,1789042500,23,UP,0.4700,0.623000,0.553675,DOWN,0,09-10,0.6660,0.74,12,-1.000000
1789042943,1789042800,143,UP,0.4000,0.716700,0.661550,DOWN,0,09-10,0.5730,3.49,12,-1.000000
1789043157,1789043100,57,UP,0.5700,0.677600,0.615921,UP,1,09-10,0.1600,2.34,12,0.725088
1789043431,1789043400,31,DOWN,0.3800,0.509800,0.430721,DOWN,1,09-10,3.3260,5.68,12,1.587632
1789043734,1789043700,34,UP,0.5600,0.747300,0.697809,DOWN,0,09-10,1.3730,16.50,12,-1.000000
1789044032,1789044000,32,DOWN,0.3800,0.509800,0.430721,UP,0,09-10,1.8730,1.26,12,-1.000000
1789044364,1789044300,64,DOWN,0.5900,0.826900,0.793950,DOWN,1,09-10,1.4120,12.20,12,0.666610
1789044686,1789044600,86,DOWN,0.3800,0.509800,0.430721,DOWN,1,09-10,0.7200,0.35,12,1.587632
1789045051,1789044900,151,UP,0.3800,0.531400,0.453512,UP,1,09-10,1.1860,0.78,12,1.587632
1789045546,1789045500,46,UP,0.4500,0.623000,0.553675,DOWN,0,09-10,0.8180,0.49,13,-1.000000
1789045851,1789045800,51,DOWN,0.4800,0.627200,0.558399,DOWN,1,09-10,0.8400,2.09,13,1.048542
1789046126,1789046100,26,DOWN,0.3800,0.509800,0.430721,UP,0,09-10,0.6020,0.97,13,-1.000000
1789046461,1789046400,61,UP,0.4300,0.569400,0.494387,UP,1,09-10,0.8900,6.51,13,1.286744
1789046803,1789046700,103,UP,0.4300,0.569400,0.494387,UP,1,09-10,0.6310,2.08,13,1.286744
1789047339,1789047300,39,UP,0.5000,0.677600,0.615921,UP,1,09-10,0.9380,0.07,13,0.966600
1789047632,1789047600,32,DOWN,0.3800,0.509800,0.430721,DOWN,1,09-10,0.8600,5.40,13,1.587632
1789047945,1789047900,45,UP,0.4700,0.623000,0.553675,UP,1,09-10,0.6210,3.09,13,1.092128
1789048360,1789048200,160,UP,0.4800,0.623000,0.553675,UP,1,09-10,0.7540,2.08,13,1.048542
1789048568,1789048500,68,UP,0.3900,0.569400,0.494387,UP,1,09-10,0.6390,1.81,13,1.521282
1789049458,1789049400,58,DOWN,0.3800,0.509800,0.430721,UP,0,09-10,0.6640,3.58,14,-1.000000
1789050072,1789050000,72,DOWN,0.3600,0.509800,0.430721,UP,0,09-10,0.4810,0.78,14,-1.000000
1789050387,1789050300,87,DOWN,0.2900,0.663600,0.599791,UP,0,09-10,1.7600,3.25,14,-1.000000
1789050740,1789050600,140,UP,0.2900,0.531400,0.453512,DOWN,0,09-10,0.4900,2.66,14,-1.000000
1789051122,1789050900,222,DOWN,0.5300,0.697500,0.639040,DOWN,1,09-10,0.3270,1.35,14,0.855283
1789051233,1789051200,33,UP,0.5400,0.677600,0.615921,UP,1,09-10,0.1490,1.55,14,0.820926
1789051516,1789051500,16,UP,0.5000,0.623000,0.553675,UP,1,09-10,0.1040,0.00,14,0.966600
1789051954,1789051800,154,UP,0.3800,0.531400,0.453512,UP,1,09-10,0.3990,0.52,14,1.587632
1789052173,1789052100,73,UP,0.5400,0.677600,0.615921,UP,1,09-10,0.1610,1.29,14,0.820926
1789053029,1789053000,29,UP,0.3800,0.531400,0.453512,DOWN,0,09-10,0.3480,3.68,15,-1.000000
1789054369,1789054200,169,UP,0.4200,0.569400,0.494387,UP,1,09-10,0.4980,1.04,15,1.341190
1789054515,1789054500,15,UP,0.5100,0.677600,0.615921,UP,1,09-10,0.6590,3.53,15,0.928039
1789055459,1789055400,59,DOWN,0.3900,0.509800,0.430721,UP,0,09-10,0.6340,0.26,15,-1.000000
1789055742,1789055700,42,UP,0.4800,0.623000,0.553675,UP,1,09-10,0.4420,0.00,15,1.048542
1789056162,1789056000,162,DOWN,0.4200,0.590900,0.517944,DOWN,1,09-10,0.4480,2.26,16,1.341190
1789056344,1789056300,44,UP,0.4000,0.531400,0.453512,DOWN,0,09-10,0.4670,0.26,16,-1.000000
1789056642,1789056600,42,UP,0.3900,0.569400,0.494387,UP,1,09-10,0.5430,2.61,16,1.521282
1789056948,1789056900,48,UP,0.5100,0.677600,0.615921,DOWN,0,09-10,0.2030,1.04,16,-1.000000
1789057570,1789057500,70,UP,0.4300,0.569400,0.494387,DOWN,0,09-10,0.2830,0.26,16,-1.000000
1789058173,1789058100,73,UP,0.3500,0.531400,0.453512,UP,1,09-10,0.6020,1.15,16,1.809429
1789058586,1789058400,186,DOWN,0.3000,0.509800,0.430721,UP,0,09-10,0.2820,1.82,16,-1.000000
1789059724,1789059600,124,UP,0.3500,0.569400,0.494387,DOWN,0,09-10,0.8630,0.26,17,-1.000000
1789060561,1789060500,61,UP,0.4300,0.569400,0.494387,DOWN,0,09-10,0.2280,1.04,17,-1.000000
1789060842,1789060800,42,UP,0.5200,0.677600,0.615921,UP,1,09-10,0.6350,0.16,17,0.890962
1789061223,1789061100,123,UP,0.4800,0.623000,0.553675,UP,1,09-10,0.4020,3.14,17,1.048542
1789061424,1789061400,24,UP,0.4900,0.677600,0.615921,UP,1,09-10,0.7250,5.18,17,1.006735
1789061820,1789061700,120,DOWN,0.3200,0.509800,0.430721,DOWN,1,09-10,0.6230,3.10,17,2.072812
1789062096,1789062000,96,UP,0.5300,0.716700,0.661550,DOWN,0,09-10,0.9040,2.17,17,-1.000000
1789062405,1789062300,105,DOWN,0.4700,0.663600,0.599791,UP,0,09-10,0.6310,3.87,17,-1.000000
1789062661,1789062600,61,UP,0.4300,0.569400,0.494387,UP,1,09-10,0.3750,0.72,17,1.286744
1789063257,1789063200,57,UP,0.4800,0.623000,0.553675,DOWN,0,09-10,0.3810,0.35,18,-1.000000
1789063551,1789063500,51,UP,0.5100,0.677600,0.615921,DOWN,0,09-10,0.3590,1.86,18,-1.000000
1789063887,1789063800,87,UP,0.4800,0.623000,0.553675,DOWN,0,09-10,0.2280,3.55,18,-1.000000
1789064231,1789064100,131,DOWN,0.5100,0.663600,0.599791,UP,0,09-10,0.5900,0.52,18,-1.000000
1789067455,1789067400,55,DOWN,0.4800,0.627200,0.558399,DOWN,1,09-10,0.2820,3.04,19,1.048542
1789067872,1789067700,172,DOWN,0.4300,0.543800,0.466742,DOWN,1,09-10,0.1530,0.72,19,1.286744
1789068927,1789068900,27,UP,0.4800,0.623000,0.553675,UP,1,09-10,0.4620,0.76,19,1.048542
1789069921,1789069800,121,UP,0.4400,0.589600,0.516511,DOWN,0,09-10,0.7790,1.04,19,-1.000000
1789070439,1789070400,39,DOWN,0.3900,0.509800,0.430721,UP,0,09-10,0.4380,0.93,20,-1.000000
1789070805,1789070700,105,DOWN,0.4700,0.627200,0.558399,UP,0,09-10,0.3710,0.73,20,-1.000000
1789072625,1789072500,125,UP,0.4100,0.569400,0.494387,DOWN,0,09-10,0.2370,0.26,20,-1.000000
1789072824,1789072800,24,DOWN,0.3700,0.540200,0.462890,UP,0,09-10,0.3370,0.74,20,-1.000000
1789073147,1789073100,47,DOWN,0.4500,0.543800,0.466742,DOWN,1,09-10,0.0010,0.00,20,1.185111
1789073778,1789073700,78,DOWN,0.4000,0.509800,0.430721,DOWN,1,09-10,0.0850,0.51,20,1.458250
1789074098,1789074000,98,DOWN,0.3800,0.543800,0.466742,DOWN,1,09-10,0.2660,0.00,21,1.587632
1789074337,1789074300,37,UP,0.4100,0.569400,0.494387,UP,1,09-10,0.2300,1.37,21,1.398293
1789074826,1789074600,226,DOWN,0.3500,0.543800,0.466742,DOWN,1,09-10,0.2900,1.32,21,1.809429
1789074918,1789074900,18,DOWN,0.5500,0.663600,0.599791,DOWN,1,09-10,0.1660,1.29,21,0.787818
1789075235,1789075200,35,UP,0.5200,0.623000,0.553675,UP,1,09-10,0.0410,0.32,21,0.890962
1789075567,1789075500,67,DOWN,0.4100,0.540200,0.462890,UP,0,09-10,0.2940,0.26,21,-1.000000
1789075860,1789075800,60,DOWN,0.4700,0.575500,0.501039,DOWN,1,09-10,0.1570,0.18,21,1.092128
1789076115,1789076100,15,DOWN,0.4000,0.540200,0.462890,DOWN,1,09-10,0.4840,2.03,21,1.458250
1789076505,1789076400,105,DOWN,0.4200,0.594300,0.521697,DOWN,1,09-10,0.2340,0.70,21,1.341190
1789076724,1789076700,24,DOWN,0.4700,0.627200,0.558399,UP,0,09-10,0.5040,1.04,21,-1.000000
1789077221,1789077000,221,UP,0.3700,0.531400,0.453512,DOWN,0,09-10,0.3210,2.14,21,-1.000000
1789077413,1789077300,113,DOWN,0.5200,0.663600,0.599791,DOWN,1,09-10,0.1620,1.10,21,0.890962
1789078328,1789078200,128,DOWN,0.4400,0.632000,0.563811,DOWN,1,09-10,0.3190,0.91,22,1.234773
1789078868,1789078800,68,UP,0.4800,0.623000,0.553675,DOWN,0,09-10,0.2110,2.33,22,-1.000000
1789079493,1789079400,93,UP,0.4700,0.569400,0.494387,DOWN,0,09-10,0.1650,1.63,22,-1.000000
1789079790,1789079700,90,DOWN,0.4700,0.627200,0.558399,DOWN,1,09-10,0.2000,0.58,22,1.092128
1789080035,1789080000,35,DOWN,0.5600,0.734600,0.682705,DOWN,1,09-10,0.5100,4.57,22,0.755893
1789080325,1789080300,25,DOWN,0.3300,0.509800,0.430721,UP,0,09-10,0.2960,1.44,22,-1.000000
1789080617,1789080600,17,DOWN,0.5200,0.627200,0.558399,DOWN,1,09-10,0.0650,0.00,22,0.890962
1789081330,1789081200,130,DOWN,0.3300,0.509800,0.430721,DOWN,1,09-10,0.1770,1.76,23,1.979697
1789081605,1789081500,105,DOWN,0.2800,0.543800,0.466742,DOWN,1,09-10,0.5380,1.68,23,2.511786
1789081851,1789081800,51,DOWN,0.3400,0.509800,0.430721,DOWN,1,09-10,0.5310,0.96,23,1.892059
1789082115,1789082100,15,DOWN,0.5300,0.716400,0.661196,UP,0,09-10,1.3090,9.71,23,-1.000000
1789082759,1789082700,59,DOWN,0.3800,0.509800,0.430721,UP,0,09-10,0.4310,0.66,23,-1.000000
1789083174,1789083000,174,UP,0.4200,0.569400,0.494387,UP,1,09-10,0.5270,2.03,23,1.341190
1789083783,1789083600,183,UP,0.3700,0.569400,0.494387,DOWN,0,09-10,0.3730,1.95,23,-1.000000
1789083922,1789083900,22,DOWN,0.4800,0.627200,0.558399,DOWN,1,09-10,0.2950,1.25,23,1.048542
1789084215,1789084200,15,DOWN,0.3900,0.509800,0.430721,DOWN,1,09-10,0.4460,3.26,23,1.521282
1789084818,1789084800,18,DOWN,0.3900,0.509800,0.430721,UP,0,09-11,0.6820,2.72,0,-1.000000
1789085195,1789085100,95,UP,0.4600,0.623000,0.553675,UP,1,09-11,0.7590,1.46,0,1.137609
1789085880,1789085700,180,DOWN,0.3700,0.590900,0.517944,DOWN,1,09-11,0.5950,1.90,0,1.657568
1789086035,1789086000,35,DOWN,0.5500,0.716400,0.661196,UP,0,09-11,0.4760,4.81,0,-1.000000
1789087738,1789087500,238,UP,0.4300,0.623000,0.553675,UP,1,09-11,0.2280,2.38,0,1.286744
1789088166,1789088100,66,DOWN,0.3400,0.509800,0.430721,UP,0,09-11,0.4330,0.37,0,-1.000000
1789089134,1789089000,134,DOWN,0.3500,0.509800,0.430721,DOWN,1,09-11,0.2280,1.32,1,1.809429
1789089685,1789089600,85,DOWN,0.2700,0.509800,0.430721,DOWN,1,09-11,0.9770,1.35,1,2.641852
1789089930,1789089900,30,DOWN,0.4100,0.509800,0.430721,DOWN,1,09-11,0.0790,0.00,1,1.398293
1789091137,1789091100,37,DOWN,0.3600,0.509800,0.430721,UP,0,09-11,0.6820,3.78,1,-1.000000
1789091772,1789091700,72,DOWN,0.4100,0.543800,0.466742,UP,0,09-11,0.4920,1.74,1,-1.000000
1789092360,1789092300,60,DOWN,0.3700,0.543800,0.466742,DOWN,1,09-11,0.5690,1.96,2,1.657568
1789093303,1789093200,103,DOWN,0.3700,0.509800,0.430721,DOWN,1,09-11,0.4150,1.94,2,1.657568
1789094781,1789094700,81,DOWN,0.3900,0.509800,0.430721,UP,0,09-11,0.4290,1.38,2,-1.000000
1789095315,1789095300,15,DOWN,0.3900,0.509800,0.430721,UP,0,09-11,0.2730,1.05,2,-1.000000
1789096240,1789096200,40,DOWN,0.4100,0.590900,0.517944,UP,0,09-11,0.4940,1.61,3,-1.000000
1789096539,1789096500,39,DOWN,0.4600,0.627200,0.558399,DOWN,1,09-11,0.5600,2.88,3,1.137609
1789097227,1789097100,127,UP,0.5100,0.677600,0.615921,UP,1,09-11,0.2420,2.04,3,0.928039
1789097724,1789097700,24,DOWN,0.3500,0.509800,0.430721,UP,0,09-11,0.4150,1.63,3,-1.000000
1789098091,1789098000,91,UP,0.4000,0.531400,0.453512,DOWN,0,09-11,0.3120,3.62,3,-1.000000
1789098720,1789098600,120,DOWN,0.4600,0.627200,0.558399,UP,0,09-11,0.2290,0.26,3,-1.000000
1789099331,1789099200,131,DOWN,0.3900,0.509800,0.430721,UP,0,09-11,0.6160,0.02,4,-1.000000
1789099824,1789099800,24,UP,0.5700,0.677600,0.615921,UP,1,09-11,0.1480,1.35,4,0.725088
1789100178,1789100100,78,DOWN,0.4500,0.543800,0.466742,DOWN,1,09-11,0.0670,0.72,4,1.185111
1789101030,1789101000,30,UP,0.4800,0.623000,0.553675,DOWN,0,09-11,0.2720,1.63,4,-1.000000
1789101527,1789101300,227,DOWN,0.7000,0.826200,0.793095,DOWN,1,09-11,0.1440,5.96,4,0.404714
1789101789,1789101600,189,DOWN,0.5300,0.632000,0.563811,DOWN,1,09-11,0.1460,0.52,4,0.855283
1789102231,1789102200,31,UP,0.5500,0.677600,0.615921,UP,1,09-11,0.1140,0.89,4,0.787818
1789102521,1789102500,21,UP,0.5100,0.623000,0.553675,DOWN,0,09-11,0.0680,0.20,4,-1.000000
1789102820,1789102800,20,DOWN,0.5100,0.627200,0.558399,DOWN,1,09-11,0.1380,0.00,5,0.928039
1789103433,1789103400,33,UP,0.5100,0.623000,0.553675,UP,1,09-11,0.1670,1.53,5,0.928039
1789103796,1789103700,96,DOWN,0.5300,0.641600,0.574678,UP,0,09-11,0.1590,2.28,5,-1.000000
1789104034,1789104000,34,DOWN,0.5100,0.627200,0.558399,DOWN,1,09-11,0.1380,0.00,5,0.928039
1789104770,1789104600,170,DOWN,0.3200,0.543800,0.466742,DOWN,1,09-11,0.6910,0.69,5,2.072812
1789104923,1789104900,23,UP,0.5000,0.623000,0.553675,UP,1,09-11,0.1450,1.85,5,0.966600
1789105218,1789105200,18,DOWN,0.5300,0.632000,0.563811,UP,0,09-11,0.1660,2.39,5,-1.000000
1789105517,1789105500,17,DOWN,0.5100,0.627200,0.558399,UP,0,09-11,0.1240,0.71,5,-1.000000
1789105954,1789105800,154,DOWN,0.4200,0.543800,0.466742,UP,0,09-11,0.1030,0.52,5,-1.000000
1789106120,1789106100,20,UP,0.6000,0.716700,0.661550,UP,1,09-11,0.1110,0.00,5,0.638833
1789106634,1789106400,234,DOWN,0.3900,0.509800,0.430721,UP,0,09-11,0.1030,0.81,6,-1.000000
1789106729,1789106700,29,DOWN,0.4500,0.540200,0.462890,UP,0,09-11,0.1500,0.00,6,-1.000000
1789107036,1789107000,36,UP,0.4800,0.589600,0.516511,UP,1,09-11,0.0890,0.63,6,1.048542
1789107926,1789107900,26,DOWN,0.4900,0.594300,0.521697,UP,0,09-11,0.0170,0.00,6,-1.000000
1789108434,1789108200,234,DOWN,0.8200,0.963400,0.959729,DOWN,1,09-11,0.1640,10.12,6,0.199146
1789109415,1789109400,15,DOWN,0.4200,0.509800,0.430721,UP,0,09-11,0.1650,0.10,6,-1.000000
1789109717,1789109700,17,DOWN,0.5200,0.627200,0.558399,UP,0,09-11,0.0940,0.00,6,-1.000000
1789110687,1789110600,87,DOWN,0.3900,0.509800,0.430721,DOWN,1,09-11,0.2110,1.17,7,1.521282
1789111262,1789111200,62,UP,0.3800,0.531400,0.453512,UP,1,09-11,0.2690,2.56,7,1.587632
1789113343,1789113300,43,DOWN,0.5100,0.627200,0.558399,UP,0,09-11,0.0710,0.54,7,-1.000000
1789113618,1789113600,18,DOWN,0.5200,0.627200,0.558399,DOWN,1,09-11,0.0040,0.03,8,0.890962
1789115160,1789115100,60,DOWN,0.4800,0.627200,0.558399,UP,0,09-11,1.1660,5.43,8,-1.000000
1789115928,1789115700,228,UP,0.5100,0.677600,0.615921,DOWN,0,09-11,0.3250,0.91,8,-1.000000
1789116061,1789116000,61,UP,0.5800,0.716700,0.661550,UP,1,09-11,0.1540,1.39,8,0.695345
1789116387,1789116300,87,DOWN,0.5200,0.627200,0.558399,DOWN,1,09-11,0.0010,0.77,8,0.890962
1789116984,1789116900,84,UP,0.4300,0.569400,0.494387,UP,1,09-11,0.1280,0.74,8,1.286744
1789117266,1789117200,66,DOWN,0.5100,0.627200,0.558399,DOWN,1,09-11,0.1200,0.00,9,0.928039
1789119151,1789119000,151,UP,0.4700,0.569400,0.494387,DOWN,0,09-11,0.1220,0.00,9,-1.000000
1789119740,1789119600,140,UP,0.3900,0.531400,0.453512,DOWN,0,09-11,0.3520,0.97,9,-1.000000
1789119932,1789119900,32,DOWN,0.4400,0.540200,0.462890,UP,0,09-11,0.1290,0.49,9,-1.000000
1789120261,1789120200,61,UP,0.4000,0.531400,0.453512,UP,1,09-11,0.3200,1.90,9,1.458250
1789120617,1789120500,117,UP,0.4100,0.531400,0.453512,UP,1,09-11,0.1020,0.23,9,1.398293
1789120871,1789120800,71,UP,0.5600,0.677600,0.615921,UP,1,09-11,0.1420,2.56,10,0.755893
1789121269,1789121100,169,DOWN,0.6000,0.716400,0.661196,DOWN,1,09-11,0.1280,4.31,10,0.638833
1789121447,1789121400,47,UP,0.4100,0.569400,0.494387,DOWN,0,09-11,0.3720,1.68,10,-1.000000
1789123670,1789123500,170,DOWN,0.4000,0.540200,0.462890,UP,0,09-11,0.2230,0.21,10,-1.000000
1789123821,1789123800,21,UP,0.4700,0.569400,0.494387,UP,1,09-11,0.0010,0.00,10,1.092128
1789124146,1789124100,46,UP,0.5000,0.602400,0.530669,DOWN,0,09-11,0.0010,0.00,10,-1.000000
1789124717,1789124700,17,UP,0.5200,0.677600,0.615921,DOWN,0,09-11,0.2560,1.85,11,-1.000000
1789125035,1789125000,35,UP,0.3900,0.531400,0.453512,UP,1,09-11,0.6980,0.37,11,1.521282
1789125346,1789125300,46,UP,0.4000,0.531400,0.453512,DOWN,0,09-11,0.7560,1.56,11,-1.000000
1789125651,1789125600,51,DOWN,0.4500,0.543800,0.466742,UP,0,09-11,0.0410,0.32,11,-1.000000
1789126236,1789126200,36,UP,0.4200,0.531400,0.453512,DOWN,0,09-11,0.1640,0.03,11,-1.000000
1789126571,1789126500,71,UP,0.4600,0.623000,0.553675,UP,1,09-11,0.2450,2.86,11,1.137609
1789126817,1789126800,17,UP,0.5100,0.623000,0.553675,UP,1,09-11,0.1160,0.23,11,0.928039
1789127116,1789127100,16,UP,0.5600,0.677600,0.615921,UP,1,09-11,0.0750,0.24,11,0.755893
1789127526,1789127400,126,UP,0.3700,0.531400,0.453512,UP,1,09-11,0.2130,0.34,11,1.657568
1789127727,1789127700,27,UP,0.4300,0.531400,0.453512,UP,1,09-11,0.1200,0.00,11,1.286744
1789128070,1789128000,70,UP,0.4700,0.677600,0.615921,UP,1,09-11,0.4670,0.01,12,1.092128
1789128616,1789128600,16,UP,0.4500,0.623000,0.553675,UP,1,09-11,0.5900,4.70,12,1.185111
1789128927,1789128900,27,DOWN,0.3500,0.543800,0.466742,UP,0,09-11,0.8840,2.05,12,-1.000000
1789129237,1789129200,37,UP,0.3800,0.531400,0.453512,DOWN,0,09-11,0.7200,8.51,12,-1.000000
1789129536,1789129500,36,UP,0.5000,0.677600,0.615921,UP,1,09-11,0.4190,3.05,12,0.966600
1789130120,1789130100,20,DOWN,0.5500,0.716400,0.661196,UP,0,09-11,3.5710,2.32,12,-1.000000
1789130453,1789130400,53,DOWN,0.4100,0.543800,0.466742,UP,0,09-11,2.5380,9.63,12,-1.000000
1789130749,1789130700,49,DOWN,0.5000,0.663600,0.599791,UP,0,09-11,1.5890,1.36,12,-1.000000
1789131336,1789131300,36,UP,0.4100,0.569400,0.494387,DOWN,0,09-11,1.1140,7.18,12,-1.000000
1789132082,1789131900,182,DOWN,0.4400,0.594300,0.521697,DOWN,1,09-11,0.7700,3.31,13,1.234773
1789132245,1789132200,45,UP,0.4700,0.623000,0.553675,UP,1,09-11,0.7980,7.50,13,1.092128
1789133192,1789133100,92,UP,0.3900,0.531400,0.453512,DOWN,0,09-11,1.0640,1.65,13,-1.000000
1789133896,1789133700,196,DOWN,0.5000,0.797900,0.758670,UP,0,09-11,1.4460,7.95,13,-1.000000
1789134031,1789134000,31,DOWN,0.4500,0.594300,0.521697,UP,0,09-11,1.6740,8.15,13,-1.000000
1789134315,1789134300,15,UP,0.5100,0.677600,0.615921,UP,1,09-11,1.4050,12.75,13,0.928039
1789134647,1789134600,47,DOWN,0.3400,0.509800,0.430721,UP,0,09-11,2.2440,10.49,13,-1.000000
1789134956,1789134900,56,UP,0.6600,0.849100,0.821087,UP,1,09-11,1.5260,16.27,13,0.489848
1789135516,1789135500,16,UP,0.5200,0.677600,0.615921,DOWN,0,09-11,1.6180,5.18,14,-1.000000
1789135827,1789135800,27,DOWN,0.4500,0.590900,0.517944,UP,0,09-11,1.7000,3.38,14,-1.000000
1789136134,1789136100,34,DOWN,0.5400,0.697500,0.639040,UP,0,09-11,1.3280,0.60,14,-1.000000
1789136433,1789136400,33,DOWN,0.4700,0.627200,0.558399,DOWN,1,09-11,0.9290,7.50,14,1.092128
1789136744,1789136700,44,UP,0.4500,0.623000,0.553675,DOWN,0,09-11,1.2140,1.52,14,-1.000000
1789137104,1789137000,104,DOWN,0.5600,0.797900,0.758670,DOWN,1,09-11,1.0140,8.24,14,0.755893
1789137318,1789137300,18,UP,0.4700,0.623000,0.553675,DOWN,0,09-11,1.0310,5.59,14,-1.000000
1789137646,1789137600,46,DOWN,0.3900,0.509800,0.430721,DOWN,1,09-11,0.6340,0.85,14,1.521282
1789138100,1789137900,200,DOWN,0.2600,0.509800,0.430721,UP,0,09-11,1.0810,3.28,14,-1.000000
1789138249,1789138200,49,DOWN,0.5500,0.716400,0.661196,UP,0,09-11,0.8380,9.34,14,-1.000000
1789138676,1789138500,176,UP,0.5200,0.677600,0.615921,DOWN,0,09-11,0.3170,1.51,14,-1.000000
1789139814,1789139700,114,UP,0.5300,0.716700,0.661550,UP,1,09-11,0.7080,10.42,15,0.855283
1789140062,1789140000,62,DOWN,0.3600,0.509800,0.430721,UP,0,09-11,0.4400,0.44,15,-1.000000
1789140366,1789140300,66,UP,0.4000,0.569400,0.494387,UP,1,09-11,0.5410,0.72,15,1.458250
1789140666,1789140600,66,UP,0.3900,0.531400,0.453512,UP,1,09-11,0.2740,0.16,15,1.521282
1789140962,1789140900,62,DOWN,0.5400,0.697500,0.639040,DOWN,1,09-11,0.4320,6.13,15,0.820926
1789141252,1789141200,52,DOWN,0.4400,0.594300,0.521697,DOWN,1,09-11,0.7750,2.79,15,1.234773
1789141602,1789141500,102,UP,0.4000,0.531400,0.453512,DOWN,0,09-11,0.7100,0.00,15,-1.000000
1789141821,1789141800,21,DOWN,0.5000,0.697500,0.639040,DOWN,1,09-11,0.7090,5.58,15,0.966600
1789142115,1789142100,15,DOWN,0.4600,0.627200,0.558399,UP,0,09-11,3.4580,1.98,15,-1.000000
1789143035,1789143000,35,DOWN,0.5600,0.734600,0.682705,DOWN,1,09-11,0.6790,5.59,16,0.755893
1789143402,1789143300,102,UP,0.4600,0.623000,0.553675,DOWN,0,09-11,0.5020,0.63,16,-1.000000
1789143932,1789143900,32,UP,0.5100,0.677600,0.615921,UP,1,09-11,1.1030,18.86,16,0.928039
1789144833,1789144800,33,UP,0.5100,0.677600,0.615921,UP,1,09-11,0.5980,5.72,16,0.928039
1789145137,1789145100,37,UP,0.5100,0.677600,0.615921,UP,1,09-11,0.6400,5.79,16,0.928039
1789145457,1789145400,57,UP,0.4700,0.623000,0.553675,DOWN,0,09-11,0.9970,2.45,16,-1.000000
1789145820,1789145700,120,DOWN,0.6200,0.797900,0.758670,UP,0,09-11,0.4520,4.56,16,-1.000000
1789146105,1789146000,105,DOWN,0.5400,0.697500,0.639040,DOWN,1,09-11,0.8970,1.80,17,0.820926
1789146471,1789146300,171,DOWN,0.4100,0.543800,0.466742,DOWN,1,09-11,1.3860,0.26,17,1.398293
1789146647,1789146600,47,UP,0.4300,0.569400,0.494387,DOWN,0,09-11,0.4010,2.64,17,-1.000000
1789146995,1789146900,95,UP,0.5700,0.747300,0.697809,UP,1,09-11,0.5080,6.30,17,0.725088
1789147239,1789147200,39,DOWN,0.3900,0.509800,0.430721,UP,0,09-11,0.3670,0.89,17,-1.000000
1789147695,1789147500,195,DOWN,0.3700,0.509800,0.430721,UP,0,09-11,0.2710,0.52,17,-1.000000
1789147850,1789147800,50,UP,0.4800,0.623000,0.553675,DOWN,0,09-11,0.3290,1.03,17,-1.000000
1789148293,1789148100,193,DOWN,0.5000,0.936300,0.927501,DOWN,1,09-11,0.3970,19.61,17,0.966600
1789148418,1789148400,18,UP,0.5100,0.677600,0.615921,UP,1,09-11,0.3800,3.59,17,0.928039
1789148934,1789148700,234,UP,0.3700,0.589600,0.516511,DOWN,0,09-11,0.3080,0.77,17,-1.000000
1789149378,1789149300,78,UP,0.4600,0.623000,0.553675,UP,1,09-11,0.2920,1.73,17,1.137609
1789149632,1789149600,32,UP,0.4300,0.569400,0.494387,DOWN,0,09-11,0.3380,0.26,18,-1.000000
1789149991,1789149900,91,DOWN,0.4800,0.627200,0.558399,UP,0,09-11,1.6280,5.73,18,-1.000000
1789150256,1789150200,56,UP,0.5100,0.677600,0.615921,DOWN,0,09-11,1.1170,5.71,18,-1.000000
1789151177,1789151100,77,UP,0.5300,0.716700,0.661550,UP,1,09-11,1.1090,6.48,18,0.855283
1789151571,1789151400,171,DOWN,0.3700,0.509800,0.430721,UP,0,09-11,0.5010,1.35,18,-1.000000
1789151874,1789151700,174,DOWN,0.4100,0.543800,0.466742,DOWN,1,09-11,0.3500,0.70,18,1.398293
1789152037,1789152000,37,DOWN,0.3700,0.543800,0.466742,DOWN,1,09-11,0.3660,1.25,18,1.657568
1789152343,1789152300,43,DOWN,0.4100,0.540200,0.462890,DOWN,1,09-11,1.3670,1.34,18,1.398293
1789152932,1789152900,32,DOWN,0.3400,0.509800,0.430721,UP,0,09-11,0.6000,0.64,18,-1.000000
1789153264,1789153200,64,DOWN,0.3900,0.509800,0.430721,UP,0,09-11,0.4060,1.82,19,-1.000000
1789153921,1789153800,121,UP,0.3900,0.531400,0.453512,DOWN,0,09-11,0.5740,0.26,19,-1.000000
1789154497,1789154400,97,UP,0.4100,0.569400,0.494387,UP,1,09-11,0.3760,3.63,19,1.398293
1789154754,1789154700,54,DOWN,0.3900,0.543800,0.466742,UP,0,09-11,0.5400,0.96,19,-1.000000
1789155382,1789155300,82,DOWN,0.3900,0.509800,0.430721,UP,0,09-11,0.2730,0.77,19,-1.000000
1789155922,1789155900,22,DOWN,0.4500,0.590900,0.517944,UP,0,09-11,0.3520,2.41,19,-1.000000
1789156435,1789156200,235,DOWN,0.3100,0.543800,0.466742,UP,0,09-11,0.2680,1.29,19,-1.000000
1789156539,1789156500,39,DOWN,0.4400,0.590900,0.517944,DOWN,1,09-11,0.2880,0.87,19,1.234773
1789156889,1789156800,89,UP,0.4200,0.569400,0.494387,UP,1,09-11,0.3350,3.11,20,1.341190
1789157442,1789157400,42,UP,0.4700,0.569400,0.494387,UP,1,09-11,0.0780,0.43,20,1.092128
1789158353,1789158300,53,DOWN,0.4500,0.594300,0.521697,DOWN,1,09-11,0.4180,1.40,20,1.185111
1789159215,1789159200,15,UP,0.5700,0.677600,0.615921,DOWN,0,09-11,0.0690,0.51,20,-1.000000
1789159542,1789159500,42,UP,0.5700,0.677600,0.615921,DOWN,0,09-11,0.0630,0.42,20,-1.000000
1789159878,1789159800,78,DOWN,0.4600,0.627200,0.558399,DOWN,1,09-11,0.3120,0.90,20,1.137609
1789160168,1789160100,68,DOWN,0.3600,0.509800,0.430721,UP,0,09-11,0.3840,0.26,20,-1.000000
1789160584,1789160400,184,UP,0.4400,0.569400,0.494387,UP,1,09-11,0.1240,0.00,21,1.234773
1789161669,1789161600,69,UP,0.4300,0.569400,0.494387,DOWN,0,09-11,0.0910,0.71,21,-1.000000
1789162034,1789161900,134,DOWN,0.4400,0.575500,0.501039,DOWN,1,09-11,0.2590,0.44,21,1.234773
1789162345,1789162200,145,DOWN,0.6200,0.734600,0.682705,UP,0,09-11,0.0820,1.32,21,-1.000000
1789162535,1789162500,35,DOWN,0.4100,0.543800,0.466742,UP,0,09-11,0.1570,0.00,21,-1.000000
1789163215,1789163100,115,DOWN,0.5200,0.641600,0.574678,DOWN,1,09-11,0.0830,0.78,21,0.890962
1789163499,1789163400,99,UP,0.4900,0.589600,0.516511,DOWN,0,09-11,0.1390,0.52,21,-1.000000
1789164239,1789164000,239,DOWN,0.5600,0.734600,0.682705,UP,0,09-11,0.4850,3.89,22,-1.000000
1789164373,1789164300,73,DOWN,0.5400,0.716400,0.661196,DOWN,1,09-11,0.1990,5.96,22,0.820926
1789168870,1789168800,70,DOWN,0.4900,0.590900,0.517944,UP,0,09-11,0.0010,0.00,23,-1.000000
1789169512,1789169400,112,DOWN,0.4200,0.509800,0.430721,UP,0,09-11,0.0490,0.81,23,-1.000000
1789170017,1789170000,17,DOWN,0.4900,0.590900,0.517944,UP,0,09-11,0.0010,0.00,23,-1.000000
1789170420,1789170300,120,UP,0.4700,0.569400,0.494387,DOWN,0,09-11,0.0850,2.33,23,-1.000000
1789170714,1789170600,114,UP,0.5700,0.677600,0.615921,UP,1,09-11,0.0740,0.77,23,0.725088
1789171279,1789171200,79,DOWN,0.3600,0.509800,0.430721,UP,0,09-12,0.7580,1.43,0,-1.000000
1789171834,1789171800,34,DOWN,0.6100,0.733300,0.681164,DOWN,1,09-12,0.1060,0.94,0,0.611967
1789172164,1789172100,64,DOWN,0.3300,0.509800,0.430721,UP,0,09-12,0.1460,0.78,0,-1.000000
1789172443,1789172400,43,DOWN,0.3900,0.509800,0.430721,UP,0,09-12,0.2880,0.36,0,-1.000000
1789172805,1789172700,105,DOWN,0.3600,0.509800,0.430721,DOWN,1,09-12,0.1260,0.19,0,1.731389
1789173441,1789173300,141,DOWN,0.4700,0.590900,0.517944,DOWN,1,09-12,0.0890,1.27,0,1.092128
1789174022,1789173900,122,DOWN,0.5200,0.627200,0.558399,DOWN,1,09-12,0.0040,0.03,0,0.890962
1789174280,1789174200,80,DOWN,0.4300,0.543800,0.466742,UP,0,09-12,0.0010,0.00,0,-1.000000
1789174542,1789174500,42,DOWN,0.3600,0.509800,0.430721,DOWN,1,09-12,0.0060,0.00,0,1.731389
1789176327,1789176300,27,DOWN,0.6000,0.716400,0.661196,DOWN,1,09-12,0.1070,0.75,1,0.638833
1789176626,1789176600,26,DOWN,0.5100,0.627200,0.558399,UP,0,09-12,0.0970,0.00,1,-1.000000
1789177319,1789177200,119,DOWN,0.3300,0.509800,0.430721,UP,0,09-12,0.0880,0.14,1,-1.000000
1789177525,1789177500,25,DOWN,0.4500,0.543800,0.466742,UP,0,09-12,0.1040,0.16,1,-1.000000
1789177966,1789177800,166,DOWN,0.4700,0.748700,0.699479,DOWN,1,09-12,1.0110,5.00,1,1.092128
1789178484,1789178400,84,UP,0.5700,0.677600,0.615921,UP,1,09-12,0.0450,0.47,2,0.725088
1789180080,1789179900,180,DOWN,0.4000,0.509800,0.430721,DOWN,1,09-12,0.0210,1.17,2,1.458250
1789180371,1789180200,171,UP,0.4300,0.531400,0.453512,DOWN,0,09-12,0.0130,0.10,2,-1.000000
1789180844,1789180800,44,DOWN,0.4100,0.594300,0.521697,UP,0,09-12,0.6450,0.17,2,-1.000000
1789181422,1789181400,22,UP,0.5700,0.677600,0.615921,DOWN,0,09-12,0.1220,0.52,2,-1.000000
1789181781,1789181700,81,DOWN,0.5100,0.632000,0.563811,DOWN,1,09-12,0.0800,0.63,2,0.928039
1789182022,1789182000,22,DOWN,0.3600,0.509800,0.430721,UP,0,09-12,0.7680,2.07,3,-1.000000
1789182800,1789182600,200,DOWN,0.3900,0.509800,0.430721,DOWN,1,09-12,0.1680,0.69,3,1.521282
1789183516,1789183500,16,DOWN,0.4700,0.594300,0.521697,UP,0,09-12,0.0660,0.52,3,-1.000000
1789183815,1789183800,15,DOWN,0.4500,0.540200,0.462890,DOWN,1,09-12,0.1090,0.00,3,1.185111
1789184503,1789184400,103,DOWN,0.4900,0.590900,0.517944,DOWN,1,09-12,0.0010,0.00,3,1.006735
1789184744,1789184700,44,DOWN,0.4900,0.594300,0.521697,DOWN,1,09-12,0.0160,0.00,3,1.006735
1789185045,1789185000,45,DOWN,0.4400,0.543800,0.466742,UP,0,09-12,0.1400,0.00,3,-1.000000
1789186044,1789185900,144,DOWN,0.5200,0.627200,0.558399,UP,0,09-12,0.1010,0.49,4,-1.000000
1789186572,1789186500,72,DOWN,0.4300,0.627200,0.558399,DOWN,1,09-12,0.2020,2.07,4,1.286744
1789186941,1789186800,141,DOWN,0.4300,0.543800,0.466742,UP,0,09-12,0.0990,0.97,4,-1.000000
1789188376,1789188300,76,DOWN,0.4500,0.594300,0.521697,UP,0,09-12,0.0580,0.45,4,-1.000000
1789188918,1789188900,18,DOWN,0.4900,0.594300,0.521697,DOWN,1,09-12,0.1330,1.04,4,1.006735
1789189880,1789189800,80,DOWN,0.3200,0.509800,0.430721,UP,0,09-12,0.1910,1.85,5,-1.000000
1789190528,1789190400,128,DOWN,0.4000,0.716400,0.661196,DOWN,1,09-12,0.6870,3.85,5,1.458250
1789190721,1789190700,21,DOWN,0.3600,0.509800,0.430721,DOWN,1,09-12,0.4280,0.00,5,1.731389
1789191365,1789191300,65,DOWN,0.4100,0.543800,0.466742,UP,0,09-12,0.4730,1.36,5,-1.000000
1789192102,1789191900,202,DOWN,0.4500,0.540200,0.462890,UP,0,09-12,0.0010,0.00,5,-1.000000
1789192932,1789192800,132,UP,0.5700,0.677600,0.615921,DOWN,0,09-12,0.1340,0.34,6,-1.000000
1789193210,1789193100,110,DOWN,0.4900,0.590900,0.517944,DOWN,1,09-12,0.0010,0.00,6,1.006735
1789193415,1789193400,15,UP,0.5200,0.623000,0.553675,DOWN,0,09-12,0.0010,0.00,6,-1.000000
1789193767,1789193700,67,UP,0.4800,0.623000,0.553675,UP,1,09-12,0.0830,0.65,6,1.048542
1789194016,1789194000,16,UP,0.5000,0.602400,0.530669,UP,1,09-12,0.0010,0.00,6,0.966600
1789194324,1789194300,24,UP,0.5200,0.623000,0.553675,UP,1,09-12,0.0010,0.00,6,0.890962
1789195517,1789195500,17,UP,0.5100,0.623000,0.553675,UP,1,09-12,0.0010,0.00,6,0.928039
1789197059,1789197000,59,DOWN,0.4500,0.540200,0.462890,DOWN,1,09-12,0.0010,0.00,7,1.185111
1789197380,1789197300,80,DOWN,0.4800,0.627200,0.558399,DOWN,1,09-12,0.1390,0.90,7,1.048542
1789197952,1789197900,52,DOWN,0.4400,0.540200,0.462890,DOWN,1,09-12,0.0010,0.00,7,1.234773
1789199139,1789199100,39,DOWN,0.5400,0.697500,0.639040,DOWN,1,09-12,0.2440,1.87,7,0.820926
1789200055,1789200000,55,UP,0.4700,0.569400,0.494387,UP,1,09-12,0.0890,0.96,8,1.092128
1789200636,1789200600,36,UP,0.5500,0.677600,0.615921,DOWN,0,09-12,0.1270,0.99,8,-1.000000
1789201418,1789201200,218,DOWN,0.4400,0.543800,0.466742,UP,0,09-12,0.1610,0.42,8,-1.000000
1789202471,1789202400,71,DOWN,0.5200,0.627200,0.558399,UP,0,09-12,0.0010,0.00,8,-1.000000
1789203533,1789203300,233,UP,0.3800,0.569400,0.494387,DOWN,0,09-12,0.1530,0.95,8,-1.000000
1789203790,1789203600,190,UP,0.5700,0.677600,0.615921,UP,1,09-12,0.1580,0.18,9,0.725088
1789204003,1789203900,103,DOWN,0.4900,0.590900,0.517944,DOWN,1,09-12,0.1090,0.55,9,1.006735
1789204264,1789204200,64,UP,0.3800,0.531400,0.453512,UP,1,09-12,0.2930,2.29,9,1.587632
1789204537,1789204500,37,DOWN,0.4200,0.509800,0.430721,UP,0,09-12,0.0010,0.00,9,-1.000000
1789205120,1789205100,20,DOWN,0.4500,0.543800,0.466742,DOWN,1,09-12,0.0010,0.00,9,1.185111
1789205588,1789205400,188,DOWN,0.3500,0.543800,0.466742,DOWN,1,09-12,0.1620,2.28,9,1.809429
1789205882,1789205700,182,UP,0.2900,0.531400,0.453512,UP,1,09-12,0.6290,3.10,9,2.390690
1789206202,1789206000,202,UP,0.4500,0.569400,0.494387,DOWN,0,09-12,0.0750,0.00,9,-1.000000
1789206514,1789206300,214,DOWN,0.5200,0.627200,0.558399,DOWN,1,09-12,0.1490,0.13,9,0.890962
1789206992,1789206900,92,DOWN,0.4500,0.543800,0.466742,UP,0,09-12,0.0010,0.76,9,-1.000000
1789207221,1789207200,21,UP,0.6000,0.711500,0.655434,UP,1,09-12,0.0680,0.00,10,0.638833
1789207549,1789207500,49,UP,0.4400,0.531400,0.453512,UP,1,09-12,0.0600,0.47,10,1.234773
1789208416,1789208400,16,UP,0.5500,0.677600,0.615921,DOWN,0,09-12,0.0010,0.00,10,-1.000000
1789209392,1789209300,92,UP,0.5200,0.623000,0.553675,DOWN,0,09-12,0.0010,0.00,10,-1.000000
1789211250,1789211100,150,DOWN,0.3500,0.509800,0.430721,DOWN,1,09-12,0.1580,1.29,11,1.809429
1789216818,1789216800,18,UP,0.5300,0.677600,0.615921,DOWN,0,09-12,0.0280,0.00,12,-1.000000
1789217727,1789217700,27,DOWN,0.3900,0.509800,0.430721,UP,0,09-12,0.0700,0.32,12,-1.000000
1789218121,1789218000,121,DOWN,0.2900,0.509800,0.430721,UP,0,09-12,0.5080,3.88,13,-1.000000
1789218449,1789218300,149,UP,0.3600,0.531400,0.453512,UP,1,09-12,0.3480,2.59,13,1.731389
1789219250,1789219200,50,DOWN,0.3800,0.509800,0.430721,DOWN,1,09-12,0.1830,1.18,13,1.587632
1789219579,1789219500,79,DOWN,0.3900,0.543800,0.466742,UP,0,09-12,0.9790,2.78,13,-1.000000
1789220204,1789220100,104,DOWN,0.3600,0.509800,0.430721,DOWN,1,09-12,0.0100,0.14,13,1.731389
1789222215,1789222200,15,UP,0.4700,0.569400,0.494387,DOWN,0,09-12,0.0010,0.00,14,-1.000000
1789222529,1789222500,29,UP,0.5100,0.623000,0.553675,UP,1,09-12,0.0010,0.00,14,0.928039
1789222818,1789222800,18,UP,0.5200,0.623000,0.553675,UP,1,09-12,0.0010,0.00,14,0.890962
1789223256,1789223100,156,UP,0.6200,0.747300,0.697809,UP,1,09-12,0.1250,2.66,14,0.585968
1789223451,1789223400,51,UP,0.4500,0.569400,0.494387,UP,1,09-12,0.0010,0.00,14,1.185111
1789223867,1789223700,167,UP,0.3600,0.531400,0.453512,UP,1,09-12,0.0410,0.36,14,1.731389
1789224015,1789224000,15,UP,0.4500,0.569400,0.494387,DOWN,0,09-12,0.0070,0.00,14,-1.000000
1789224379,1789224300,79,UP,0.4500,0.569400,0.494387,UP,1,09-12,0.0590,1.26,14,1.185111
1789225883,1789225800,83,DOWN,0.4800,0.575500,0.501039,UP,0,09-12,0.0660,0.67,15,-1.000000
1789226141,1789226100,41,DOWN,0.5200,0.627200,0.558399,UP,0,09-12,0.0090,0.07,15,-1.000000
1789227325,1789227300,25,UP,0.5200,0.623000,0.553675,UP,1,09-12,0.0200,0.00,15,0.890962
1789227638,1789227600,38,DOWN,0.4500,0.543800,0.466742,DOWN,1,09-12,0.1160,1.44,15,1.185111
1789227920,1789227900,20,UP,0.5500,0.677600,0.615921,DOWN,0,09-12,0.0010,0.00,15,-1.000000
1789228561,1789228500,61,UP,0.4400,0.589600,0.516511,UP,1,09-12,0.1560,1.22,15,1.234773
1789228846,1789228800,46,UP,0.4300,0.531400,0.453512,UP,1,09-12,0.0010,0.00,16,1.286744
1789229130,1789229100,30,UP,0.5500,0.677600,0.615921,DOWN,0,09-12,0.0390,0.30,16,-1.000000
1789229464,1789229400,64,UP,0.4700,0.569400,0.494387,DOWN,0,09-12,0.0010,0.00,16,-1.000000
1789230066,1789230000,66,UP,0.5500,0.677600,0.615921,UP,1,09-12,0.0330,0.26,16,0.787818
1789230343,1789230300,43,UP,0.5100,0.623000,0.553675,UP,1,09-12,0.0010,0.00,16,0.928039
1789230615,1789230600,15,UP,0.5200,0.623000,0.553675,UP,1,09-12,0.0010,0.00,16,0.890962
1789230926,1789230900,26,UP,0.5400,0.677600,0.615921,DOWN,0,09-12,0.0010,0.00,16,-1.000000
1789231218,1789231200,18,UP,0.5200,0.623000,0.553675,UP,1,09-12,0.0010,0.00,16,0.890962
1789231835,1789231800,35,DOWN,0.4200,0.509800,0.430721,DOWN,1,09-12,0.1110,0.87,16,1.341190
1789232123,1789232100,23,UP,0.5600,0.677600,0.615921,UP,1,09-12,0.0010,0.00,16,0.755893
1789232441,1789232400,41,UP,0.5700,0.677600,0.615921,UP,1,09-12,0.1600,0.25,17,0.725088
1789233048,1789233000,48,UP,0.5700,0.677600,0.615921,DOWN,0,09-12,0.0010,0.00,17,-1.000000
1789233339,1789233300,39,UP,0.5400,0.677600,0.615921,DOWN,0,09-12,0.0520,0.52,17,-1.000000
1789234952,1789234800,152,UP,0.4500,0.569400,0.494387,UP,1,09-12,0.0780,0.43,17,1.185111
1789235242,1789235100,142,UP,0.5200,0.623000,0.553675,DOWN,0,09-12,0.0010,0.00,17,-1.000000
1789235521,1789235400,121,UP,0.5200,0.623000,0.553675,DOWN,0,09-12,0.0010,0.00,17,-1.000000
1789237002,1789236900,102,UP,0.4000,0.531400,0.453512,DOWN,0,09-12,0.2120,1.66,18,-1.000000
1789237223,1789237200,23,UP,0.6000,0.711500,0.655434,UP,1,09-12,0.1170,0.91,18,0.638833
1789237725,1789237500,225,UP,0.4100,0.600000,0.528006,DOWN,0,09-12,0.2020,0.79,18,-1.000000
1789237837,1789237800,37,DOWN,0.3900,0.594300,0.521697,DOWN,1,09-12,0.6550,5.01,18,1.521282
1789238282,1789238100,182,UP,0.3700,0.531400,0.453512,UP,1,09-12,0.4590,0.62,18,1.657568
1789238540,1789238400,140,DOWN,0.4900,0.590900,0.517944,UP,0,09-12,0.0800,0.56,18,-1.000000
1789239020,1789239000,20,DOWN,0.4500,0.540200,0.462890,DOWN,1,09-12,0.1340,0.00,18,1.185111
1789239315,1789239300,15,UP,0.5700,0.677600,0.615921,DOWN,0,09-12,0.0010,0.00,18,-1.000000
1789239623,1789239600,23,UP,0.4600,0.569400,0.494387,UP,1,09-12,0.1620,0.29,19,1.137609
1789239954,1789239900,54,DOWN,0.4500,0.543800,0.466742,DOWN,1,09-12,0.0010,0.00,19,1.185111
1789240217,1789240200,17,DOWN,0.4500,0.540200,0.462890,UP,0,09-12,0.0670,0.52,19,-1.000000
1789241259,1789241100,159,UP,0.4800,0.623000,0.553675,UP,1,09-12,0.5600,3.76,19,1.048542
1789241577,1789241400,177,UP,0.5500,0.677600,0.615921,DOWN,0,09-12,0.0010,0.45,19,-1.000000
1789242400,1789242300,100,UP,0.5600,0.677600,0.615921,UP,1,09-12,0.0270,0.47,19,0.755893
1789242681,1789242600,81,DOWN,0.6200,0.734600,0.682705,DOWN,1,09-12,0.0010,0.00,19,0.585968
1789242918,1789242900,18,DOWN,0.5200,0.627200,0.558399,UP,0,09-12,0.0010,0.00,19,-1.000000
1789243629,1789243500,129,DOWN,0.4200,0.509800,0.430721,UP,0,09-12,0.0010,1.23,20,-1.000000
1789243815,1789243800,15,DOWN,0.4900,0.627200,0.558399,DOWN,1,09-12,0.0780,0.61,20,1.006735
1789244120,1789244100,20,DOWN,0.5200,0.627200,0.558399,DOWN,1,09-12,0.0010,0.00,20,0.890962
1789244423,1789244400,23,DOWN,0.5200,0.627200,0.558399,UP,0,09-12,0.0010,0.00,20,-1.000000
1789245016,1789245000,16,DOWN,0.4500,0.540200,0.462890,DOWN,1,09-12,0.0010,0.00,20,1.185111
1789245318,1789245300,18,DOWN,0.4500,0.543800,0.466742,DOWN,1,09-12,0.0010,0.00,20,1.185111
1789246108,1789245900,208,UP,0.5200,0.716700,0.661550,DOWN,0,09-12,0.1910,2.26,20,-1.000000
1789246344,1789246200,144,UP,0.3800,0.531400,0.453512,DOWN,0,09-12,0.1920,2.85,20,-1.000000
1789246888,1789246800,88,UP,0.4000,0.623000,0.553675,UP,1,09-12,0.5130,3.49,21,1.458250
1789247135,1789247100,35,DOWN,0.5200,0.619500,0.549747,UP,0,09-12,0.0010,0.00,21,-1.000000
1789247516,1789247400,116,UP,0.4700,0.569400,0.494387,DOWN,0,09-12,0.0710,0.56,21,-1.000000
1789249266,1789249200,66,DOWN,0.4400,0.543800,0.466742,UP,0,09-12,0.1370,0.85,21,-1.000000
1789249526,1789249500,26,DOWN,0.6200,0.734600,0.682705,UP,0,09-12,0.1260,2.14,21,-1.000000
1789251204,1789251000,204,DOWN,0.2900,0.509800,0.430721,DOWN,1,09-12,0.1800,1.30,22,2.390690
1789251421,1789251300,121,DOWN,0.3300,0.540200,0.462890,UP,0,09-12,0.1160,1.30,22,-1.000000
1789251692,1789251600,92,DOWN,0.4900,0.594300,0.521697,UP,0,09-12,0.1040,0.26,22,-1.000000
1789251918,1789251900,18,DOWN,0.5300,0.734600,0.682705,DOWN,1,09-12,0.8600,6.72,22,0.855283
1789252215,1789252200,15,DOWN,0.5900,0.716400,0.661196,UP,0,09-12,0.0330,0.26,22,-1.000000
1789252708,1789252500,208,DOWN,0.4500,0.540200,0.462890,UP,0,09-12,0.0010,1.01,22,-1.000000
1789253028,1789252800,228,DOWN,0.4900,0.632000,0.563811,DOWN,1,09-12,0.1630,1.12,22,1.006735
1789254355,1789254300,55,DOWN,0.4900,0.590900,0.517944,UP,0,09-12,0.0010,0.00,23,-1.000000
1789254790,1789254600,190,DOWN,0.4500,0.540200,0.462890,UP,0,09-12,0.0040,0.57,23,-1.000000
1789255237,1789255200,37,DOWN,0.4700,0.594300,0.521697,DOWN,1,09-12,0.1580,1.31,23,1.092128
1789256142,1789256100,42,DOWN,0.5200,0.627200,0.558399,DOWN,1,09-12,0.0010,0.00,23,0.890962
1789256751,1789256700,51,DOWN,0.4200,0.509800,0.430721,UP,0,09-12,0.0010,0.00,23,-1.000000
1789257029,1789257000,29,DOWN,0.4100,0.509800,0.430721,UP,0,09-12,0.0010,0.00,23,-1.000000
1789257430,1789257300,130,UP,0.4800,0.589600,0.516511,UP,1,09-12,0.0800,1.01,23,1.048542
1789257765,1789257600,165,UP,0.4400,0.531400,0.453512,DOWN,0,09-13,0.1060,0.35,0,-1.000000
1789258290,1789258200,90,DOWN,0.3600,0.509800,0.430721,DOWN,1,09-13,0.3080,0.40,0,1.731389
1789258680,1789258500,180,DOWN,0.4400,0.540200,0.462890,UP,0,09-13,0.0010,0.00,0,-1.000000
1789258841,1789258800,41,DOWN,0.4900,0.594300,0.521697,DOWN,1,09-13,0.0010,0.00,0,1.006735
1789260638,1789260600,38,UP,0.4300,0.531400,0.453512,UP,1,09-13,0.1260,0.99,0,1.286744
1789261369,1789261200,169,DOWN,0.4800,0.627200,0.558399,DOWN,1,09-13,0.2150,0.94,1,1.048542
1789261903,1789261800,103,DOWN,0.4900,0.594300,0.521697,UP,0,09-13,0.1630,0.16,1,-1.000000
1789262327,1789262100,227,DOWN,0.4300,0.543800,0.466742,UP,0,09-13,0.0190,0.00,1,-1.000000
1789263430,1789263300,130,UP,0.5200,0.623000,0.553675,DOWN,0,09-13,0.1410,1.10,1,-1.000000
1789264659,1789264500,159,DOWN,0.4600,0.627200,0.558399,UP,0,09-13,0.2440,1.67,1,-1.000000
1789265150,1789265100,50,DOWN,0.5800,0.697500,0.639040,DOWN,1,09-13,0.1330,1.04,2,0.695345
1789265769,1789265700,69,UP,0.5500,0.677600,0.615921,UP,1,09-13,0.0010,0.00,2,0.787818
1789266333,1789266300,33,DOWN,0.4700,0.632000,0.563811,DOWN,1,09-13,0.4110,3.21,2,1.092128
1789266950,1789266900,50,UP,0.5700,0.677600,0.615921,DOWN,0,09-13,0.1070,0.84,2,-1.000000
1789267823,1789267800,23,UP,0.5200,0.623000,0.553675,DOWN,0,09-13,0.0010,0.00,2,-1.000000
1789268128,1789268100,28,DOWN,0.4200,0.540200,0.462890,UP,0,09-13,0.0060,0.00,2,-1.000000
1789268731,1789268700,31,DOWN,0.3700,0.509800,0.430721,DOWN,1,09-13,0.2650,2.17,3,1.657568
1789269163,1789269000,163,DOWN,0.4700,0.590900,0.517944,DOWN,1,09-13,0.0920,0.25,3,1.092128
1789269681,1789269600,81,UP,0.5700,0.677600,0.615921,DOWN,0,09-13,0.0010,0.00,3,-1.000000
1789269922,1789269900,22,DOWN,0.4200,0.509800,0.430721,DOWN,1,09-13,0.0010,0.00,3,1.341190
1789270562,1789270500,62,DOWN,0.4000,0.540200,0.462890,DOWN,1,09-13,0.0750,0.58,3,1.458250
1789271121,1789271100,21,UP,0.5600,0.677600,0.615921,DOWN,0,09-13,0.0010,0.00,3,-1.000000
1789271592,1789271400,192,UP,0.5200,0.677600,0.615921,UP,1,09-13,0.2600,1.94,3,0.890962
1789271843,1789271700,143,DOWN,0.4400,0.543800,0.466742,DOWN,1,09-13,0.0010,0.00,3,1.234773
1789272330,1789272300,30,UP,0.5000,0.677600,0.615921,UP,1,09-13,0.5500,4.30,4,0.966600
1789272726,1789272600,126,UP,0.5900,0.716700,0.661550,DOWN,0,09-13,0.0590,1.79,4,-1.000000
1789274165,1789274100,65,DOWN,0.4400,0.543800,0.466742,DOWN,1,09-13,0.0010,0.00,4,1.234773
1789275353,1789275300,53,UP,0.5600,0.677600,0.615921,DOWN,0,09-13,0.0010,0.00,4,-1.000000
1789276348,1789276200,148,DOWN,0.4400,0.543800,0.466742,UP,0,09-13,0.0490,0.38,5,-1.000000
1789276841,1789276800,41,UP,0.4700,0.589600,0.516511,UP,1,09-13,0.1370,1.07,5,1.092128
1789277121,1789277100,21,UP,0.4700,0.569400,0.494387,UP,1,09-13,0.0320,0.25,5,1.092128
1789279543,1789279500,43,DOWN,0.4200,0.509800,0.430721,DOWN,1,09-13,0.0550,0.00,6,1.341190
1789284925,1789284900,25,DOWN,0.4200,0.509800,0.430721,DOWN,1,09-13,0.0010,0.00,7,1.341190
1789285414,1789285200,214,DOWN,0.3600,0.509800,0.430721,UP,0,09-13,0.5760,0.95,7,-1.000000
1789285517,1789285500,17,DOWN,0.4200,0.509800,0.430721,DOWN,1,09-13,0.1260,0.00,7,1.341190
1789285850,1789285800,50,DOWN,0.3800,0.509800,0.430721,DOWN,1,09-13,0.1050,0.78,7,1.587632
1789286125,1789286100,25,DOWN,0.4200,0.594300,0.521697,DOWN,1,09-13,0.3010,2.35,7,1.341190
1789286448,1789286400,48,DOWN,0.4400,0.540200,0.462890,UP,0,09-13,0.0500,0.52,8,-1.000000
1789289178,1789289100,78,DOWN,0.4900,0.641600,0.574678,UP,0,09-13,0.3720,2.82,8,-1.000000
1789289467,1789289400,67,UP,0.4700,0.569400,0.494387,DOWN,0,09-13,0.0610,2.36,8,-1.000000
1789290188,1789290000,188,DOWN,0.3800,0.509800,0.430721,UP,0,09-13,0.3900,1.08,9,-1.000000
1789292488,1789292400,88,DOWN,0.4180,0.509800,0.430721,UP,0,09-13,0.1630,0.05,9,-1.000000
1789292749,1789292700,49,UP,0.3900,0.531400,0.453512,UP,1,09-13,0.0810,0.16,9,1.521282
1789293329,1789293300,29,UP,0.5600,0.677600,0.615921,DOWN,0,09-13,0.0460,0.00,9,-1.000000
1789293790,1789293600,190,DOWN,0.3500,0.509800,0.430721,UP,0,09-13,0.2270,1.49,10,-1.000000
1789294120,1789293900,220,UP,0.4500,0.569400,0.494387,UP,1,09-13,0.1150,0.26,10,1.185111
1789294364,1789294200,164,UP,0.4000,0.531400,0.453512,DOWN,0,09-13,0.3770,0.81,10,-1.000000
1789294515,1789294500,15,UP,0.5100,0.623000,0.553675,DOWN,0,09-13,0.0010,0.00,10,-1.000000
1789295120,1789295100,20,UP,0.4700,0.569400,0.494387,UP,1,09-13,0.0480,0.00,10,1.092128
1789295421,1789295400,21,UP,0.5700,0.677600,0.615921,UP,1,09-13,0.0210,0.00,10,0.725088
1789295761,1789295700,61,UP,0.5500,0.677600,0.615921,DOWN,0,09-13,0.0010,0.00,10,-1.000000
1789302934,1789302900,34,UP,0.4600,0.569400,0.494387,DOWN,0,09-13,0.1570,1.72,12,-1.000000
1789304117,1789304100,17,UP,0.4900,0.589600,0.516511,UP,1,09-13,0.0330,0.00,12,1.006735
1789304870,1789304700,170,UP,0.4000,0.531400,0.453512,UP,1,09-13,0.2280,0.50,13,1.458250
1789305930,1789305900,30,DOWN,0.3900,0.543800,0.466742,DOWN,1,09-13,0.3690,2.93,13,1.521282
1789306524,1789306500,24,UP,0.5400,0.677600,0.615921,UP,1,09-13,0.1020,0.94,13,0.820926
1789307716,1789307700,16,UP,0.4600,0.569400,0.494387,DOWN,0,09-13,0.0010,0.00,13,-1.000000
1789308021,1789308000,21,UP,0.4800,0.602400,0.530669,UP,1,09-13,0.1020,0.89,14,1.048542
1789309628,1789309500,128,UP,0.4500,0.569400,0.494387,UP,1,09-13,0.0760,0.24,14,1.185111
1789309901,1789309800,101,UP,0.4000,0.531400,0.453512,DOWN,0,09-13,0.0990,0.35,14,-1.000000
1789312100,1789311900,200,UP,0.5200,0.623000,0.553675,UP,1,09-13,0.1340,0.21,15,0.890962
1789313251,1789313100,151,DOWN,0.3000,0.509800,0.430721,DOWN,1,09-13,0.3260,3.63,15,2.277667
1789313719,1789313700,19,UP,0.5700,0.677600,0.615921,DOWN,0,09-13,0.0660,0.24,15,-1.000000
1789314063,1789314000,63,UP,0.4800,0.623000,0.553675,UP,1,09-13,0.2610,0.25,15,1.048542
1789314623,1789314600,23,UP,0.5000,0.602400,0.530669,DOWN,0,09-13,0.0010,0.00,15,-1.000000
1789315608,1789315500,108,UP,0.5500,0.716700,0.661550,DOWN,0,09-13,0.4060,2.21,16,-1.000000
1789316324,1789316100,224,UP,0.4700,0.569400,0.494387,UP,1,09-13,0.0790,0.00,16,1.092128
1789316769,1789316700,69,UP,0.5000,0.623000,0.553675,DOWN,0,09-13,0.1590,0.23,16,-1.000000
1789317015,1789317000,15,UP,0.5200,0.623000,0.553675,UP,1,09-13,0.1660,1.47,16,0.890962
1789317428,1789317300,128,UP,0.5100,0.623000,0.553675,UP,1,09-13,0.0660,0.26,16,0.928039
1789317624,1789317600,24,UP,0.5600,0.677600,0.615921,UP,1,09-13,0.0650,0.42,16,0.755893
1789318262,1789318200,62,UP,0.4900,0.589600,0.516511,UP,1,09-13,0.0960,0.75,16,1.006735
1789318817,1789318800,17,UP,0.5400,0.677600,0.615921,UP,1,09-13,0.0910,0.50,17,0.820926
1789319116,1789319100,16,UP,0.5200,0.632400,0.564263,UP,1,09-13,0.0810,0.11,17,0.890962
1789319850,1789319700,150,DOWN,0.4500,0.543800,0.466742,DOWN,1,09-13,0.0670,0.24,17,1.185111
1789320015,1789320000,15,UP,0.5100,0.623000,0.553675,DOWN,0,09-13,0.0010,0.00,17,-1.000000
1789320348,1789320300,48,UP,0.4000,0.531400,0.453512,DOWN,0,09-13,0.0730,0.00,17,-1.000000
1789321841,1789321800,41,UP,0.5700,0.677600,0.615921,UP,1,09-13,0.0010,0.00,17,0.725088
1789322159,1789322100,59,UP,0.5600,0.677600,0.615921,DOWN,0,09-13,0.1330,1.77,17,-1.000000
1789322461,1789322400,61,UP,0.4400,0.531400,0.453512,DOWN,0,09-13,0.1530,0.12,18,-1.000000
1789322742,1789322700,42,UP,0.4700,0.569400,0.494387,DOWN,0,09-13,0.0010,0.00,18,-1.000000
1789323234,1789323000,234,DOWN,0.5100,0.627200,0.558399,UP,0,09-13,0.1600,0.67,18,-1.000000
1789323327,1789323300,27,DOWN,0.3800,0.509800,0.430721,UP,0,09-13,0.0930,0.68,18,-1.000000
1789323631,1789323600,31,UP,0.4800,0.589600,0.516511,DOWN,0,09-13,0.1630,0.75,18,-1.000000
1789324391,1789324200,191,DOWN,0.4100,0.543800,0.466742,UP,0,09-13,0.2130,0.83,18,-1.000000
1789324856,1789324800,56,UP,0.4800,0.589600,0.516511,UP,1,09-13,0.0010,0.00,18,1.048542
1789326518,1789326300,218,DOWN,0.4900,0.748700,0.699479,DOWN,1,09-13,0.5880,3.82,19,1.006735
1789327381,1789327200,181,UP,0.3700,0.531400,0.453512,UP,1,09-13,0.4330,2.08,19,1.657568
1789327613,1789327500,113,UP,0.5700,0.677600,0.615921,UP,1,09-13,0.0010,0.00,19,0.725088
1789327827,1789327800,27,UP,0.4700,0.569400,0.494387,DOWN,0,09-13,0.0010,0.00,19,-1.000000
1789328455,1789328400,55,UP,0.5700,0.677600,0.615921,UP,1,09-13,0.0010,0.00,19,0.725088
1789328753,1789328700,53,UP,0.5700,0.677600,0.615921,UP,1,09-13,0.0010,0.00,19,0.725088
1789329915,1789329900,15,UP,0.5000,0.602400,0.530669,DOWN,0,09-13,0.0990,0.00,20,-1.000000
1789330309,1789330200,109,DOWN,0.4400,0.540200,0.462890,UP,0,09-13,0.0610,0.33,20,-1.000000
1789330897,1789330800,97,DOWN,0.4000,0.509800,0.430721,UP,0,09-13,0.0610,1.20,20,-1.000000
1789333024,1789332900,124,DOWN,0.4800,0.594300,0.521697,DOWN,1,09-13,0.0450,0.01,20,1.048542
1789333242,1789333200,42,DOWN,0.4800,0.627200,0.558399,DOWN,1,09-13,0.1970,1.00,21,1.048542
1789334527,1789334400,127,UP,0.4500,0.569400,0.494387,UP,1,09-13,0.0660,0.91,21,1.185111
1789336032,1789335900,132,DOWN,0.5100,0.627200,0.558399,DOWN,1,09-13,0.0970,0.71,21,0.928039
1789336646,1789336500,146,DOWN,0.3900,0.543800,0.466742,DOWN,1,09-13,0.1280,0.70,21,1.521282
1789337154,1789337100,54,DOWN,0.4000,0.543800,0.466742,DOWN,1,09-13,0.4650,0.79,22,1.458250
1789337418,1789337400,18,DOWN,0.4400,0.594300,0.521697,UP,0,09-13,0.6120,1.02,22,-1.000000
1789338037,1789338000,37,DOWN,0.3900,0.509800,0.430721,DOWN,1,09-13,0.3420,2.50,22,1.521282
1789338382,1789338300,82,DOWN,0.3600,0.509800,0.430721,UP,0,09-13,0.2830,2.90,22,-1.000000
1789338619,1789338600,19,DOWN,0.3400,0.509800,0.430721,UP,0,09-13,0.4080,2.86,22,-1.000000
1789339035,1789338900,135,UP,0.4000,0.531400,0.453512,DOWN,0,09-13,0.3950,0.52,22,-1.000000
1789339626,1789339500,126,DOWN,0.5400,0.716400,0.661196,UP,0,09-13,0.2880,0.78,22,-1.000000
1789339824,1789339800,24,DOWN,0.4900,0.590900,0.517944,UP,0,09-13,0.1170,0.98,22,-1.000000
1789340561,1789340400,161,UP,0.5400,0.716700,0.661550,UP,1,09-13,0.4310,1.83,23,0.820926
1789341360,1789341300,60,DOWN,0.3700,0.509800,0.430721,DOWN,1,09-13,0.3440,1.83,23,1.657568
1789341674,1789341600,74,UP,0.4500,0.589600,0.516511,UP,1,09-13,0.4350,2.09,23,1.185111
1789342015,1789341900,115,DOWN,0.4300,0.627200,0.558399,DOWN,1,09-13,0.3200,1.24,23,1.286744
1789342707,1789342500,207,UP,0.4200,0.569400,0.494387,DOWN,0,09-13,0.3520,0.13,23,-1.000000
1789342852,1789342800,52,UP,0.3800,0.531400,0.453512,DOWN,0,09-13,0.5320,2.30,23,-1.000000
1789343166,1789343100,66,UP,0.4400,0.623000,0.553675,DOWN,0,09-13,0.5410,2.27,23,-1.000000
1789343515,1789343400,115,UP,0.4700,0.569400,0.494387,UP,1,09-13,0.1440,0.88,23,1.092128
1789343833,1789343700,133,UP,0.5200,0.677600,0.615921,UP,1,09-13,0.4050,1.56,23,0.890962
1789345517,1789345500,17,DOWN,0.5800,0.697500,0.639040,DOWN,1,09-14,0.1660,0.75,0,0.695345
1789346164,1789346100,64,UP,0.4700,0.677600,0.615921,UP,1,09-14,0.8770,7.99,0,1.092128
1789346758,1789346700,58,DOWN,0.3400,0.543800,0.466742,UP,0,09-14,0.8340,1.21,0,-1.000000
1789347041,1789347000,41,UP,0.4700,0.623000,0.553675,UP,1,09-14,0.3020,4.78,0,1.092128
1789347393,1789347300,93,DOWN,0.3800,0.509800,0.430721,DOWN,1,09-14,0.2160,0.91,0,1.587632
1789348342,1789348200,142,DOWN,0.2400,0.509800,0.430721,DOWN,1,09-14,0.3510,2.84,1,3.097083
1789354249,1789354200,49,UP,0.4600,0.623000,0.553675,UP,1,09-14,0.7980,6.56,2,1.137609
1789354836,1789354800,36,UP,0.5100,0.677600,0.615921,UP,1,09-14,0.4890,2.69,3,0.928039
1789356367,1789356300,67,DOWN,0.4700,0.627200,0.558399,UP,0,09-14,0.4580,3.75,3,-1.000000
1789358038,1789357800,238,UP,0.3500,0.531400,0.453512,DOWN,0,09-14,0.3560,2.56,3,-1.000000
1789358145,1789358100,45,DOWN,0.4100,0.509800,0.430721,UP,0,09-14,0.0750,0.60,3,-1.000000
1789358448,1789358400,48,DOWN,0.3700,0.509800,0.430721,DOWN,1,09-14,0.4350,0.30,4,1.657568
1789359033,1789359000,33,DOWN,0.3500,0.509800,0.430721,DOWN,1,09-14,0.2350,0.21,4,1.809429
1789359954,1789359900,54,DOWN,0.4000,0.543800,0.466742,DOWN,1,09-14,0.6140,0.60,4,1.458250
1789360262,1789360200,62,DOWN,0.4200,0.509800,0.430721,DOWN,1,09-14,0.1350,1.05,4,1.341190
1789360654,1789360500,154,UP,0.5300,0.632400,0.564263,DOWN,0,09-14,0.1270,0.44,4,-1.000000
1789360880,1789360800,80,DOWN,0.4200,0.509800,0.430721,UP,0,09-14,0.1190,1.51,4,-1.000000
1789361136,1789361100,36,UP,0.5600,0.677600,0.615921,UP,1,09-14,0.1480,1.93,4,0.755893
1789361424,1789361400,24,UP,0.5700,0.677600,0.615921,DOWN,0,09-14,0.1340,0.00,4,-1.000000
1789361801,1789361700,101,UP,0.5600,0.677600,0.615921,UP,1,09-14,0.0310,1.35,4,0.755893
1789362144,1789362000,144,DOWN,0.5500,0.734600,0.682705,DOWN,1,09-14,0.5840,4.67,5,0.787818
1789362756,1789362600,156,UP,0.3900,0.531400,0.453512,UP,1,09-14,0.1720,1.13,5,1.521282
1789362933,1789362900,33,DOWN,0.4700,0.590900,0.517944,DOWN,1,09-14,0.0620,0.00,5,1.092128
1789363233,1789363200,33,DOWN,0.4400,0.540200,0.462890,DOWN,1,09-14,0.0010,0.00,5,1.234773
1789363921,1789363800,121,UP,0.6000,0.711500,0.655434,UP,1,09-14,0.0560,1.65,5,0.638833
1789364138,1789364100,38,DOWN,0.3400,0.509800,0.430721,UP,0,09-14,0.1700,0.38,5,-1.000000
1789365664,1789365600,64,DOWN,0.3800,0.509800,0.430721,UP,0,09-14,0.3210,1.14,6,-1.000000
1789366428,1789366200,228,DOWN,0.4500,0.594300,0.521697,DOWN,1,09-14,0.3430,1.16,6,1.185111
1789367258,1789367100,158,DOWN,0.4400,0.543800,0.466742,DOWN,1,09-14,0.1110,0.74,6,1.234773
1789367727,1789367700,27,DOWN,0.4400,0.543800,0.466742,UP,0,09-14,0.1590,1.28,6,-1.000000
1789368337,1789368300,37,UP,0.4700,0.623000,0.553675,DOWN,0,09-14,0.5360,1.73,6,-1.000000
1789368927,1789368900,27,DOWN,0.3900,0.509800,0.430721,DOWN,1,09-14,0.2500,1.81,6,1.521282
1789369548,1789369500,48,DOWN,0.3500,0.540200,0.462890,DOWN,1,09-14,0.4280,0.09,7,1.809429
1789369829,1789369800,29,DOWN,0.4500,0.590900,0.517944,UP,0,09-14,0.4230,0.51,7,-1.000000
1789370139,1789370100,39,DOWN,0.6000,0.716400,0.661196,UP,0,09-14,0.1280,1.72,7,-1.000000
1789370600,1789370400,200,DOWN,0.4500,0.543800,0.466742,UP,0,09-14,0.0480,2.47,7,-1.000000
1789371117,1789371000,117,UP,0.5200,0.623000,0.553675,DOWN,0,09-14,0.1580,0.50,7,-1.000000
1789372115,1789371900,215,DOWN,0.3900,0.509800,0.430721,UP,0,09-14,0.2700,1.01,7,-1.000000
1789372220,1789372200,20,DOWN,0.4700,0.594300,0.521697,UP,0,09-14,0.0720,0.51,7,-1.000000
1789372675,1789372500,175,UP,0.5000,0.677600,0.615921,UP,1,09-14,0.3870,3.15,7,0.966600
1789373455,1789373400,55,DOWN,0.3300,0.509800,0.430721,DOWN,1,09-14,0.5470,1.80,8,1.979697
1789373872,1789373700,172,UP,0.4300,0.623000,0.553675,DOWN,0,09-14,0.7220,0.14,8,-1.000000
1789374328,1789374300,28,DOWN,0.4100,0.540200,0.462890,DOWN,1,09-14,1.5130,3.58,8,1.398293
1789374649,1789374600,49,UP,0.3700,0.531400,0.453512,DOWN,0,09-14,0.6610,3.19,8,-1.000000
1789375001,1789374900,101,DOWN,0.3700,0.540200,0.462890,UP,0,09-14,0.2920,0.00,8,-1.000000
1789375283,1789375200,83,DOWN,0.4800,0.627200,0.558399,DOWN,1,09-14,0.3330,0.53,8,1.048542
1789375842,1789375800,42,DOWN,0.4100,0.543800,0.466742,UP,0,09-14,0.3760,0.77,8,-1.000000
1789376563,1789376400,163,DOWN,0.3900,0.509800,0.430721,UP,0,09-14,0.2700,1.48,9,-1.000000
1789376723,1789376700,23,DOWN,0.3800,0.509800,0.430721,UP,0,09-14,0.4950,0.27,9,-1.000000
1789377671,1789377600,71,DOWN,0.4200,0.590900,0.517944,DOWN,1,09-14,0.6710,0.05,9,1.341190
1789378014,1789377900,114,UP,0.4900,0.716700,0.661550,UP,1,09-14,0.7280,3.83,9,1.006735
1789379137,1789379100,37,UP,0.5700,0.677600,0.615921,UP,1,09-14,0.1350,1.54,9,0.725088
1789380482,1789380300,182,DOWN,0.4400,0.734600,0.682705,DOWN,1,09-14,0.7550,4.86,10,1.234773
1789380964,1789380900,64,DOWN,0.3800,0.509800,0.430721,DOWN,1,09-14,0.3910,1.11,10,1.587632
1789381303,1789381200,103,UP,0.4500,0.589600,0.516511,DOWN,0,09-14,0.3640,0.51,10,-1.000000
1789381555,1789381500,55,UP,0.5000,0.623000,0.553675,DOWN,0,09-14,0.1130,1.11,10,-1.000000
1789381858,1789381800,58,DOWN,0.4200,0.509800,0.430721,DOWN,1,09-14,0.1080,1.37,10,1.341190
1789382162,1789382100,62,UP,0.5700,0.677600,0.615921,UP,1,09-14,0.1520,0.18,10,0.725088
1789382478,1789382400,78,UP,0.4100,0.569400,0.494387,UP,1,09-14,0.2750,1.55,10,1.398293
1789383062,1789383000,62,DOWN,0.4100,0.540200,0.462890,DOWN,1,09-14,0.1070,0.01,10,1.398293
1789383691,1789383600,91,UP,0.3900,0.589600,0.516511,DOWN,0,09-14,0.8510,1.21,11,-1.000000
1789383995,1789383900,95,DOWN,0.3600,0.509800,0.430721,DOWN,1,09-14,0.6100,2.05,11,1.731389
1789384257,1789384200,57,DOWN,0.4200,0.509800,0.430721,UP,0,09-14,0.1040,0.77,11,-1.000000
1789384593,1789384500,93,UP,0.5700,0.677600,0.615921,UP,1,09-14,0.0440,0.54,11,0.725088
1789385416,1789385400,16,UP,0.3900,0.569400,0.494387,DOWN,0,09-14,0.3500,1.19,11,-1.000000
1789385749,1789385700,49,UP,0.4000,0.531400,0.453512,UP,1,09-14,0.3100,0.53,11,1.458250
1789386035,1789386000,35,UP,0.4900,0.677600,0.615921,UP,1,09-14,0.3040,3.16,11,1.006735
1789386315,1789386300,15,UP,0.6000,0.716700,0.661550,DOWN,0,09-14,0.1530,1.41,11,-1.000000
1789386920,1789386900,20,UP,0.5700,0.677600,0.615921,UP,1,09-14,0.1060,1.22,11,0.725088
1789387299,1789387200,99,UP,0.2900,0.531400,0.453512,UP,1,09-14,0.9220,1.03,12,2.390690
1789387521,1789387500,21,UP,0.6000,0.716700,0.661550,UP,1,09-14,0.1660,1.06,12,0.638833
1789388538,1789388400,138,UP,0.5200,0.677600,0.615921,UP,1,09-14,0.4950,1.09,12,0.890962
1789390637,1789390500,137,UP,0.4800,0.623000,0.553675,UP,1,09-14,0.6240,1.84,12,1.048542
1789391011,1789390800,211,UP,0.5200,0.716700,0.661550,DOWN,0,09-14,0.6090,1.68,13,-1.000000
1789391141,1789391100,41,UP,0.4500,0.589600,0.516511,DOWN,0,09-14,0.4990,3.95,13,-1.000000
1789392169,1789392000,169,UP,0.5700,0.677600,0.615921,DOWN,0,09-14,0.1650,3.58,13,-1.000000
1789392331,1789392300,31,UP,0.4600,0.623000,0.553675,UP,1,09-14,0.2360,1.54,13,1.137609
1789392918,1789392900,18,UP,0.4600,0.623000,0.553675,DOWN,0,09-14,1.2500,0.99,13,-1.000000
1789393219,1789393200,19,UP,0.3700,0.531400,0.453512,UP,1,09-14,0.9910,2.50,13,1.657568
1789393827,1789393800,27,UP,0.6300,0.849100,0.821087,DOWN,0,09-14,1.5560,3.95,13,-1.000000
1789394417,1789394400,17,DOWN,0.4000,0.543800,0.466742,UP,0,09-14,1.0530,7.19,14,-1.000000
1789394718,1789394700,18,UP,0.4300,0.569400,0.494387,DOWN,0,09-14,0.9140,1.26,14,-1.000000
1789395433,1789395300,133,UP,0.6100,0.791000,0.750314,UP,1,09-14,0.4770,4.89,14,0.611967
1789395953,1789395900,53,UP,0.4300,0.569400,0.494387,UP,1,09-14,0.5700,4.85,14,1.286744
1789396216,1789396200,16,DOWN,0.4000,0.543800,0.466742,UP,0,09-14,1.1290,5.36,14,-1.000000
1789396880,1789396800,80,DOWN,0.3800,0.509800,0.430721,DOWN,1,09-14,0.5730,0.73,14,1.587632
1789397246,1789397100,146,DOWN,0.2700,0.509800,0.430721,UP,0,09-14,0.5420,0.29,14,-1.000000
1789397459,1789397400,59,DOWN,0.3300,0.509800,0.430721,DOWN,1,09-14,0.5130,3.88,14,1.979697
1789397715,1789397700,15,DOWN,0.3700,0.509800,0.430721,UP,0,09-14,1.1410,6.30,14,-1.000000
1789398998,1789398900,98,UP,0.4300,0.569400,0.494387,UP,1,09-14,0.5400,1.03,15,1.286744
1789403938,1789403700,238,UP,0.3900,0.531400,0.453512,UP,1,09-14,0.3900,0.25,16,1.521282
1789404342,1789404300,42,UP,0.5600,0.677600,0.615921,UP,1,09-14,0.0580,0.45,16,0.755893
1789404791,1789404600,191,DOWN,0.5400,0.716400,0.661196,DOWN,1,09-14,0.5560,1.51,16,0.820926
1789405022,1789404900,122,UP,0.4800,0.623000,0.553675,DOWN,0,09-14,0.5810,0.21,16,-1.000000
1789405339,1789405200,139,UP,0.4800,0.677600,0.615921,UP,1,09-14,0.4020,1.09,17,1.048542
1789405572,1789405500,72,UP,0.4500,0.589600,0.516511,DOWN,0,09-14,0.1170,0.25,17,-1.000000
1789405821,1789405800,21,UP,0.5000,0.623000,0.553675,UP,1,09-14,0.1410,0.00,17,0.966600
1789406306,1789406100,206,DOWN,0.3600,0.734600,0.682705,DOWN,1,09-14,0.9130,3.47,17,1.731389
1789406515,1789406400,115,DOWN,0.3200,0.509800,0.430721,UP,0,09-14,0.4520,0.24,17,-1.000000
1789406774,1789406700,74,UP,0.4100,0.600400,0.528449,DOWN,0,09-14,0.5700,0.45,17,-1.000000
1789407075,1789407000,75,DOWN,0.3700,0.540200,0.462890,DOWN,1,09-14,0.5020,1.88,17,1.657568
1789407344,1789407300,44,DOWN,0.3600,0.509800,0.430721,UP,0,09-14,0.8120,5.46,17,-1.000000
1789407981,1789407900,81,UP,0.5200,0.623000,0.553675,UP,1,09-14,0.1570,0.43,17,0.890962
1789408297,1789408200,97,UP,0.3700,0.531400,0.453512,UP,1,09-14,0.3550,0.24,17,1.657568
1789408826,1789408800,26,UP,0.4500,0.589600,0.516511,UP,1,09-14,0.2900,0.00,18,1.185111
1789409185,1789409100,85,UP,0.4300,0.589600,0.516511,UP,1,09-14,0.3140,0.83,18,1.286744
1789409861,1789409700,161,UP,0.5700,0.677600,0.615921,UP,1,09-14,0.1260,1.75,18,0.725088
1789410498,1789410300,198,DOWN,0.4300,0.594300,0.521697,DOWN,1,09-14,0.3740,1.14,18,1.286744
1789410711,1789410600,111,UP,0.4600,0.677600,0.615921,UP,1,09-14,0.4930,3.19,18,1.137609
1789410938,1789410900,38,DOWN,0.5500,0.734600,0.682705,DOWN,1,09-14,0.4520,6.94,18,0.787818
1789411378,1789411200,178,UP,0.1600,0.531400,0.453512,UP,1,09-14,1.0160,7.70,18,5.145625
1789411581,1789411500,81,DOWN,0.3800,0.509800,0.430721,UP,0,09-14,0.5100,6.08,18,-1.000000
1789412125,1789412100,25,UP,0.4000,0.569400,0.494387,UP,1,09-14,0.5970,3.09,18,1.458250
1789412823,1789412700,123,UP,0.4700,0.623000,0.553675,DOWN,0,09-14,0.5990,2.80,19,-1.000000
1789413023,1789413000,23,DOWN,0.4900,0.594300,0.521697,UP,0,09-14,0.0880,0.00,19,-1.000000
1789413651,1789413600,51,DOWN,0.3500,0.509800,0.430721,UP,0,09-14,0.3660,1.83,19,-1.000000
1789414041,1789413900,141,DOWN,0.5200,0.697500,0.639040,DOWN,1,09-14,0.2870,3.27,19,0.890962
1789414298,1789414200,98,UP,0.5200,0.677600,0.615921,DOWN,0,09-14,0.3960,2.30,19,-1.000000
1789415196,1789415100,96,DOWN,0.3600,0.509800,0.430721,DOWN,1,09-14,0.3960,1.39,19,1.731389
1789416021,1789416000,21,DOWN,0.4800,0.627200,0.558399,UP,0,09-14,0.3300,2.03,20,-1.000000
1789416429,1789416300,129,DOWN,0.4800,0.627200,0.558399,UP,0,09-14,0.2770,0.59,20,-1.000000
1789416700,1789416600,100,DOWN,0.4900,0.627200,0.558399,UP,0,09-14,0.1340,0.78,20,-1.000000
1789417928,1789417800,128,DOWN,0.4400,0.594300,0.521697,UP,0,09-14,0.3840,0.25,20,-1.000000
1789418263,1789418100,163,DOWN,0.6600,0.797900,0.758670,DOWN,1,09-14,0.1110,4.06,20,0.489848
1789418761,1789418700,61,UP,0.3600,0.531400,0.453512,DOWN,0,09-14,0.5110,1.72,20,-1.000000
1789419196,1789419000,196,UP,0.4800,0.677600,0.615921,DOWN,0,09-14,0.3110,3.25,20,-1.000000
1789420724,1789420500,224,UP,0.4000,0.531400,0.453512,UP,1,09-14,0.7410,0.20,21,1.458250
1789421436,1789421400,36,UP,0.4700,0.569400,0.494387,DOWN,0,09-14,0.1480,1.32,21,-1.000000
1789421734,1789421700,34,DOWN,0.3700,0.509800,0.430721,DOWN,1,09-14,0.4010,0.00,21,1.657568
1789422095,1789422000,95,UP,0.4600,0.602400,0.530669,UP,1,09-14,0.4440,2.74,21,1.137609
1789422322,1789422300,22,DOWN,0.4800,0.627200,0.558399,DOWN,1,09-14,0.3670,0.33,21,1.048542
1789422675,1789422600,75,DOWN,0.4200,0.543800,0.466742,DOWN,1,09-14,0.0710,1.52,21,1.341190
1789422920,1789422900,20,DOWN,0.4500,0.540200,0.462890,DOWN,1,09-14,0.0830,0.00,21,1.185111
1789423222,1789423200,22,DOWN,0.4500,0.594300,0.521697,DOWN,1,09-14,0.4570,0.73,22,1.185111
1789423663,1789423500,163,DOWN,0.3500,0.543800,0.466742,UP,0,09-14,0.3650,0.25,22,-1.000000
1789423849,1789423800,49,DOWN,0.5100,0.663600,0.599791,UP,0,09-14,0.6260,4.05,22,-1.000000
1789424750,1789424700,50,UP,0.4100,0.569400,0.494387,DOWN,0,09-14,0.6660,3.94,22,-1.000000
1789425047,1789425000,47,DOWN,0.3300,0.509800,0.430721,DOWN,1,09-14,0.1170,0.44,22,1.979697
1789425365,1789425300,65,DOWN,0.4900,0.590900,0.517944,UP,0,09-14,0.1280,0.37,22,-1.000000
1789426238,1789426200,38,DOWN,0.5000,0.627200,0.558399,DOWN,1,09-14,0.1650,0.00,22,0.966600
1789426858,1789426800,58,DOWN,0.3900,0.509800,0.430721,DOWN,1,09-14,0.3000,1.27,23,1.521282
1789427156,1789427100,56,DOWN,0.4300,0.627200,0.558399,DOWN,1,09-14,0.2650,0.95,23,1.286744
1789427415,1789427400,15,DOWN,0.4900,0.594300,0.521697,UP,0,09-14,0.0010,0.00,23,-1.000000
1789427761,1789427700,61,DOWN,0.3500,0.509800,0.430721,DOWN,1,09-14,0.5740,2.00,23,1.809429
1789428350,1789428300,50,DOWN,0.4100,0.543800,0.466742,UP,0,09-14,0.3030,0.71,23,-1.000000
1789428977,1789428900,77,DOWN,0.5800,0.716400,0.661196,DOWN,1,09-14,0.1010,1.89,23,0.695345
1789430883,1789430700,183,UP,0.4300,0.569400,0.494387,UP,1,09-15,0.2650,1.05,0,1.286744
1789431019,1789431000,19,DOWN,0.3800,0.509800,0.430721,DOWN,1,09-15,0.2980,1.97,0,1.587632
1789431781,1789431600,181,UP,0.3000,0.531400,0.453512,DOWN,0,09-15,0.6380,3.09,0,-1.000000
1789431932,1789431900,32,DOWN,0.4700,0.627200,0.558399,DOWN,1,09-15,0.7700,0.94,0,1.092128
1789432319,1789432200,119,DOWN,0.3700,0.509800,0.430721,UP,0,09-15,0.5970,0.36,0,-1.000000
1789432579,1789432500,79,DOWN,0.3600,0.509800,0.430721,DOWN,1,09-15,0.8960,0.90,0,1.731389
1789432866,1789432800,66,UP,0.4100,0.531400,0.453512,DOWN,0,09-15,0.1310,0.87,0,-1.000000
1789434959,1789434900,59,UP,0.5100,0.677600,0.615921,UP,1,09-15,0.6330,2.43,1,0.928039
1789435599,1789435500,99,DOWN,0.6400,0.826200,0.793095,DOWN,1,09-15,0.8320,6.26,1,0.536406
1789435828,1789435800,28,DOWN,0.3700,0.509800,0.430721,UP,0,09-15,0.5830,2.92,1,-1.000000
1789437024,1789437000,24,DOWN,0.3500,0.509800,0.430721,DOWN,1,09-15,0.8840,0.83,1,1.809429
1789444271,1789444200,71,UP,0.4400,0.623000,0.553675,DOWN,0,09-15,0.5140,3.21,3,-1.000000
1789445170,1789445100,70,DOWN,0.4100,0.509800,0.430721,DOWN,1,09-15,0.0210,0.16,4,1.398293
1789446072,1789446000,72,DOWN,0.4500,0.543800,0.466742,DOWN,1,09-15,0.0410,0.73,4,1.185111
1789446479,1789446300,179,UP,0.3900,0.569400,0.494387,UP,1,09-15,0.2150,2.45,4,1.521282
1789446640,1789446600,40,DOWN,0.3800,0.509800,0.430721,DOWN,1,09-15,0.5280,3.84,4,1.587632
1789447242,1789447200,42,UP,0.5600,0.677600,0.615921,UP,1,09-15,0.0870,1.61,4,0.755893
1789448123,1789448100,23,DOWN,0.4400,0.543800,0.466742,DOWN,1,09-15,0.0010,0.00,4,1.234773
1789449396,1789449300,96,DOWN,0.3400,0.509800,0.430721,DOWN,1,09-15,0.4240,0.09,5,1.892059
1789449948,1789449900,48,UP,0.5100,0.623000,0.553675,UP,1,09-15,0.1640,0.63,5,0.928039
1789450247,1789450200,47,UP,0.5200,0.623000,0.553675,DOWN,0,09-15,0.1620,0.52,5,-1.000000
1789453050,1789452900,150,UP,0.5700,0.677600,0.615921,DOWN,0,09-15,0.1240,1.14,6,-1.000000
1789454143,1789454100,43,DOWN,0.4200,0.509800,0.430721,DOWN,1,09-15,0.0560,0.44,6,1.341190
1789454434,1789454400,34,UP,0.4500,0.569400,0.494387,UP,1,09-15,0.1650,0.26,6,1.185111
1789455767,1789455600,167,DOWN,0.3400,0.594300,0.521697,UP,0,09-15,0.7410,4.26,7,-1.000000
1789456249,1789456200,49,DOWN,0.4000,0.522400,0.443976,DOWN,1,09-15,0.3370,2.47,7,1.458250
1789456574,1789456500,74,DOWN,0.4200,0.594300,0.521697,UP,0,09-15,0.6630,0.01,7,-1.000000
1789456914,1789456800,114,DOWN,0.3700,0.540200,0.462890,DOWN,1,09-15,0.7210,2.16,7,1.657568
1789457754,1789457700,54,UP,0.3900,0.531400,0.453512,DOWN,0,09-15,1.5670,0.84,7,-1.000000
1789458407,1789458300,107,DOWN,0.4500,0.594300,0.521697,DOWN,1,09-15,0.3520,3.21,7,1.185111
1789459521,1789459500,21,UP,0.5200,0.623000,0.553675,DOWN,0,09-15,0.1640,0.00,8,-1.000000
1789460798,1789460700,98,UP,0.4700,0.677600,0.615921,UP,1,09-15,0.4400,0.78,8,1.092128
1789461034,1789461000,34,UP,0.4500,0.623000,0.553675,UP,1,09-15,0.5540,2.91,8,1.185111
1789462250,1789462200,50,UP,0.4000,0.531400,0.453512,UP,1,09-15,1.0990,5.82,8,1.458250
1789462520,1789462500,20,UP,0.6000,0.711500,0.655434,UP,1,09-15,0.0940,0.00,8,0.638833
1789464078,1789464000,78,UP,0.4200,0.531400,0.453512,DOWN,0,09-15,0.0860,0.00,9,-1.000000
1789464967,1789464900,67,DOWN,0.4800,0.632000,0.563811,UP,0,09-15,0.6910,3.55,9,-1.000000
1789465216,1789465200,16,UP,0.5600,0.677600,0.615921,UP,1,09-15,0.0900,0.00,9,0.755893
1789465602,1789465500,102,DOWN,0.4500,0.590900,0.517944,UP,0,09-15,0.3880,1.77,9,-1.000000
1789466491,1789466400,91,DOWN,0.4100,0.540200,0.462890,DOWN,1,09-15,0.2160,0.27,10,1.398293
1789466872,1789466700,172,UP,0.3700,0.531400,0.453512,UP,1,09-15,0.1700,0.23,10,1.657568
1789467101,1789467000,101,UP,0.4900,0.677600,0.615921,DOWN,0,09-15,0.5010,2.79,10,-1.000000
1789467330,1789467300,30,UP,0.5600,0.677600,0.615921,UP,1,09-15,0.1560,0.07,10,0.755893
1789468007,1789467900,107,DOWN,0.4500,0.543800,0.466742,DOWN,1,09-15,0.1010,2.16,10,1.185111
1789468305,1789468200,105,UP,0.4300,0.569400,0.494387,UP,1,09-15,0.3120,0.78,10,1.286744
1789468529,1789468500,29,UP,0.4400,0.531400,0.453512,DOWN,0,09-15,0.0520,0.26,10,-1.000000
1789469565,1789469400,165,DOWN,0.3400,0.543800,0.466742,DOWN,1,09-15,0.5770,0.91,10,1.892059
1789469734,1789469700,34,UP,0.3900,0.531400,0.453512,UP,1,09-15,0.1030,0.92,10,1.521282
1789470020,1789470000,20,UP,0.4800,0.623000,0.553675,UP,1,09-15,0.1800,0.00,11,1.048542
1789472506,1789472400,106,UP,0.4100,0.569400,0.494387,UP,1,09-15,0.6940,0.67,11,1.398293
1789473045,1789473000,45,UP,0.5400,0.677600,0.615921,UP,1,09-15,0.1150,0.98,11,0.820926
1789473347,1789473300,47,UP,0.4200,0.569400,0.494387,UP,1,09-15,0.0280,0.22,11,1.341190
1789474594,1789474500,94,UP,0.4400,0.531400,0.453512,UP,1,09-15,0.0670,0.95,12,1.234773
1789475271,1789475100,171,UP,0.5800,0.747300,0.697809,DOWN,0,09-15,0.2010,5.57,12,-1.000000
1789475507,1789475400,107,DOWN,0.3900,0.509800,0.430721,DOWN,1,09-15,0.0560,3.00,12,1.521282
1789475798,1789475700,98,DOWN,0.3900,0.509800,0.430721,UP,0,09-15,0.4840,0.89,12,-1.000000
1789477644,1789477500,144,DOWN,0.4500,0.594300,0.521697,DOWN,1,09-15,0.5450,0.78,13,1.185111
1789477843,1789477800,43,UP,0.5200,0.677600,0.615921,DOWN,0,09-15,0.2130,0.00,13,-1.000000
1789478505,1789478400,105,UP,0.4900,0.623000,0.553675,UP,1,09-15,0.1630,3.12,13,1.006735
1789478733,1789478700,33,UP,0.5200,0.677600,0.615921,UP,1,09-15,0.4790,1.77,13,0.890962
1789479337,1789479300,37,DOWN,0.6400,0.826200,0.793095,DOWN,1,09-15,1.6300,17.83,13,0.536406
1789479799,1789479600,199,DOWN,0.3000,0.509800,0.430721,UP,0,09-15,1.0080,0.11,13,-1.000000
1789479937,1789479900,37,DOWN,0.4000,0.540200,0.462890,DOWN,1,09-15,1.2610,0.19,13,1.458250
1789480850,1789480800,50,DOWN,0.4000,0.594300,0.521697,UP,0,09-15,1.2160,4.50,14,-1.000000
1789481455,1789481400,55,DOWN,0.4700,0.627200,0.558399,DOWN,1,09-15,0.7860,3.80,14,1.092128
1789482180,1789482000,180,DOWN,0.4300,0.594300,0.521697,UP,0,09-15,1.1730,0.67,14,-1.000000
1789482338,1789482300,38,UP,0.4500,0.589600,0.516511,DOWN,0,09-15,0.6220,0.74,14,-1.000000
1789482942,1789482900,42,DOWN,0.6700,0.877200,0.855511,DOWN,1,09-15,2.7760,11.27,14,0.467612
1789483339,1789483200,139,UP,0.3300,0.569400,0.494387,UP,1,09-15,1.1450,2.41,14,1.979697
1789483871,1789483800,71,UP,0.5300,0.716700,0.661550,UP,1,09-15,1.2110,1.69,14,0.855283
1789484124,1789484100,24,DOWN,0.4300,0.594300,0.521697,UP,0,09-15,1.3610,2.19,14,-1.000000
1789484510,1789484400,110,UP,0.4700,0.623000,0.553675,UP,1,09-15,1.0180,0.00,15,1.092128
1789484855,1789484700,155,DOWN,0.3700,0.509800,0.430721,UP,0,09-15,0.5190,0.79,15,-1.000000
1789485027,1789485000,27,UP,0.5200,0.677600,0.615921,DOWN,0,09-15,0.4860,2.68,15,-1.000000
1789485653,1789485600,53,UP,0.4500,0.589600,0.516511,UP,1,09-15,0.3270,4.02,15,1.185111
1789486277,1789486200,77,UP,0.3900,0.531400,0.453512,DOWN,0,09-15,0.8410,4.97,15,-1.000000
1789486628,1789486500,128,DOWN,0.4300,0.632000,0.563811,UP,0,09-15,0.9850,4.78,15,-1.000000
1789486970,1789486800,170,DOWN,0.4000,0.543800,0.466742,UP,0,09-15,0.3660,3.67,15,-1.000000
1789487242,1789487100,142,UP,0.5800,0.747300,0.697809,UP,1,09-15,0.3030,5.83,15,0.695345
1789488095,1789488000,95,UP,0.5800,0.747300,0.697809,DOWN,0,09-15,0.6610,2.61,16,-1.000000
1789494041,1789494000,41,UP,0.4800,0.623000,0.553675,DOWN,0,09-15,1.2900,0.82,17,-1.000000
1789495399,1789495200,199,DOWN,0.6800,0.877200,0.855511,DOWN,1,09-15,1.0140,6.14,18,0.446029
1789495580,1789495500,80,UP,0.5300,0.711500,0.655434,DOWN,0,09-15,0.3520,4.28,18,-1.000000
1789511004,1789510800,204,DOWN,0.5300,0.716400,0.661196,UP,0,09-15,0.5650,0.27,22,-1.000000
1789511427,1789511400,27,UP,0.4800,0.623000,0.553675,UP,1,09-15,0.3560,3.68,22,1.048542
1789511823,1789511700,123,DOWN,0.4500,0.594300,0.521697,UP,0,09-15,0.3760,3.25,22,-1.000000
1789512453,1789512300,153,DOWN,0.3300,0.509800,0.430721,UP,0,09-15,0.5760,2.52,22,-1.000000
1789513127,1789512900,227,DOWN,0.4100,0.509800,0.430721,DOWN,1,09-15,0.0910,0.00,22,1.398293
1789514166,1789514100,66,DOWN,0.3900,0.509800,0.430721,UP,0,09-15,0.1980,0.24,23,-1.000000
1789514567,1789514400,167,DOWN,0.3000,0.509800,0.430721,DOWN,1,09-15,0.4940,1.73,23,2.277667
1789514737,1789514700,37,DOWN,0.5800,0.697500,0.639040,DOWN,1,09-15,0.1200,0.37,23,0.695345
1789516024,1789515900,124,DOWN,0.5400,0.697500,0.639040,DOWN,1,09-15,0.7970,0.38,23,0.820926
1789516284,1789516200,84,DOWN,0.3800,0.509800,0.430721,UP,0,09-15,0.5940,1.96,23,-1.000000
1789517141,1789517100,41,DOWN,0.3900,0.509800,0.430721,UP,0,09-16,0.5760,0.55,0,-1.000000
1789517475,1789517400,75,UP,0.5100,0.677600,0.615921,DOWN,0,09-16,0.5690,5.08,0,-1.000000
1789518033,1789518000,33,DOWN,0.3900,0.509800,0.430721,UP,0,09-16,0.4450,0.82,0,-1.000000
1789518483,1789518300,183,DOWN,0.4800,0.627200,0.558399,UP,0,09-16,0.3230,0.51,0,-1.000000
1789518652,1789518600,52,DOWN,0.3700,0.509800,0.430721,UP,0,09-16,0.2780,0.73,0,-1.000000
1789519516,1789519500,16,DOWN,0.3800,0.509800,0.430721,UP,0,09-16,0.4180,2.93,0,-1.000000
1789520600,1789520400,200,DOWN,0.4400,0.594300,0.521697,DOWN,1,09-16,0.6540,0.49,1,1.234773
1789521160,1789521000,160,DOWN,0.6200,0.797900,0.758670,UP,0,09-16,1.0120,0.63,1,-1.000000
1789521977,1789521900,77,DOWN,0.3600,0.509800,0.430721,UP,0,09-16,0.2850,0.64,1,-1.000000
1789522548,1789522500,48,DOWN,0.4000,0.543800,0.466742,DOWN,1,09-16,0.7950,3.01,1,1.458250
1789523251,1789523100,151,DOWN,0.4500,0.797900,0.758670,DOWN,1,09-16,1.1210,7.34,1,1.185111
1789524381,1789524300,81,DOWN,0.3500,0.509800,0.430721,DOWN,1,09-16,0.8350,0.54,2,1.809429
1789524660,1789524600,60,DOWN,0.3900,0.509800,0.430721,UP,0,09-16,0.4910,2.36,2,-1.000000
1789526257,1789526100,157,DOWN,0.3900,0.509800,0.430721,UP,0,09-16,0.4490,0.79,2,-1.000000
1789527810,1789527600,210,DOWN,0.4000,0.543800,0.466742,UP,0,09-16,0.9600,2.20,3,-1.000000
1789529490,1789529400,90,UP,0.3800,0.531400,0.453512,DOWN,0,09-16,0.8010,2.08,3,-1.000000
1789530366,1789530300,66,DOWN,0.3900,0.509800,0.430721,DOWN,1,09-16,0.3250,4.22,3,1.521282
1789531257,1789531200,57,UP,0.5500,0.677600,0.615921,UP,1,09-16,0.0340,0.10,4,0.787818
1789532422,1789532400,22,UP,0.5200,0.623000,0.553675,UP,1,09-16,0.1640,0.79,4,0.890962
1789532822,1789532700,122,UP,0.5200,0.623000,0.553675,DOWN,0,09-16,0.1230,0.41,4,-1.000000
1789533124,1789533000,124,UP,0.4300,0.531400,0.453512,DOWN,0,09-16,0.0840,1.83,4,-1.000000
1789533813,1789533600,213,UP,0.4800,0.623000,0.553675,DOWN,0,09-16,0.2250,3.16,4,-1.000000
1789533989,1789533900,89,DOWN,0.3900,0.509800,0.430721,DOWN,1,09-16,0.2990,3.64,4,1.521282
1789534515,1789534500,15,DOWN,0.5800,0.697500,0.639040,UP,0,09-16,0.1600,0.84,4,-1.000000
1789535141,1789535100,41,DOWN,0.4700,0.627200,0.558399,UP,0,09-16,0.4810,0.89,5,-1.000000
1789535580,1789535400,180,DOWN,0.3400,0.509800,0.430721,UP,0,09-16,0.2940,0.19,5,-1.000000
1789536033,1789536000,33,DOWN,0.4700,0.627200,0.558399,UP,0,09-16,0.4070,3.31,5,-1.000000
1789536810,1789536600,210,DOWN,0.6900,0.826200,0.793095,DOWN,1,09-16,0.0740,5.56,5,0.425072
1789537345,1789537200,145,DOWN,0.4500,0.543800,0.466742,UP,0,09-16,0.0820,0.84,5,-1.000000
1789538813,1789538700,113,UP,0.4200,0.531400,0.453512,UP,1,09-16,0.0840,0.92,6,1.341190
1789539423,1789539300,123,UP,0.4400,0.623000,0.553675,DOWN,0,09-16,0.5010,2.09,6,-1.000000
1789540250,1789540200,50,DOWN,0.4900,0.594300,0.521697,UP,0,09-16,0.0010,0.00,6,-1.000000
1789541879,1789541700,179,DOWN,0.3700,0.509800,0.430721,UP,0,09-16,0.2040,0.43,6,-1.000000
1789543129,1789542900,229,DOWN,0.3000,0.540200,0.462890,UP,0,09-16,0.2970,0.68,7,-1.000000
1789543261,1789543200,61,UP,0.4400,0.531400,0.453512,DOWN,0,09-16,0.1090,1.52,7,-1.000000
1789543542,1789543500,42,DOWN,0.3800,0.509800,0.430721,DOWN,1,09-16,0.4470,2.45,7,1.587632
1789543826,1789543800,26,DOWN,0.4600,0.575500,0.501039,UP,0,09-16,0.1480,1.34,7,-1.000000
1789544177,1789544100,77,DOWN,0.4600,0.594300,0.521697,UP,0,09-16,0.0270,0.07,7,-1.000000
1789544586,1789544400,186,DOWN,0.2900,0.540200,0.462890,DOWN,1,09-16,0.3590,1.48,7,2.390690
1789545041,1789545000,41,DOWN,0.4200,0.543800,0.466742,DOWN,1,09-16,0.1660,0.00,7,1.341190
1789546735,1789546500,235,DOWN,0.5400,0.716400,0.661196,DOWN,1,09-16,0.6310,0.61,8,0.820926
1789546849,1789546800,49,DOWN,0.4100,0.543800,0.466742,DOWN,1,09-16,1.0250,0.88,8,1.398293
1789547126,1789547100,26,DOWN,0.4300,0.594300,0.521697,UP,0,09-16,0.6790,6.55,8,-1.000000
1789548369,1789548300,69,UP,0.4800,0.623000,0.553675,DOWN,0,09-16,0.2110,0.35,8,-1.000000
1789548687,1789548600,87,DOWN,0.4500,0.540200,0.462890,UP,0,09-16,0.1260,1.06,8,-1.000000
1789549586,1789549500,86,DOWN,0.3500,0.509800,0.430721,DOWN,1,09-16,0.5710,1.05,9,1.809429
1789549885,1789549800,85,DOWN,0.4400,0.543800,0.466742,DOWN,1,09-16,0.1060,3.52,9,1.234773
1789550284,1789550100,184,UP,0.5100,0.677600,0.615921,DOWN,0,09-16,0.5590,2.43,9,-1.000000
1789550782,1789550700,82,UP,0.4800,0.623000,0.553675,DOWN,0,09-16,0.7730,0.25,9,-1.000000
1789551095,1789551000,95,UP,0.5700,0.677600,0.615921,UP,1,09-16,0.1650,2.03,9,0.725088
1789551622,1789551600,22,UP,0.5200,0.623000,0.553675,UP,1,09-16,0.0410,0.00,9,0.890962
1789552368,1789552200,168,UP,0.5900,0.711500,0.655434,UP,1,09-16,0.1600,1.84,9,0.666610
1789552541,1789552500,41,UP,0.5400,0.677600,0.615921,UP,1,09-16,0.0390,0.70,9,0.820926
1789553166,1789553100,66,UP,0.4200,0.569400,0.494387,DOWN,0,09-16,0.5890,0.00,10,-1.000000
1789554716,1789554600,116,DOWN,0.3800,0.509800,0.430721,UP,0,09-16,0.2560,0.26,10,-1.000000
1789554923,1789554900,23,DOWN,0.4900,0.594300,0.521697,UP,0,09-16,0.0880,0.00,10,-1.000000
1789555272,1789555200,72,UP,0.5700,0.677600,0.615921,UP,1,09-16,0.0010,0.61,10,0.725088
1789556511,1789556400,111,DOWN,0.3400,0.509800,0.430721,UP,0,09-16,0.5470,4.50,11,-1.000000
1789556791,1789556700,91,UP,0.4200,0.531400,0.453512,DOWN,0,09-16,0.1330,0.51,11,-1.000000
1789561835,1789561800,35,DOWN,0.4700,0.663600,0.599791,UP,0,09-16,0.3010,3.00,12,-1.000000
1789562131,1789562100,31,DOWN,0.3900,0.509800,0.430721,DOWN,1,09-16,0.3120,1.58,12,1.521282
1789563083,1789563000,83,DOWN,0.4500,0.594300,0.521697,DOWN,1,09-16,0.2910,1.27,12,1.185111
1789563367,1789563300,67,UP,0.4000,0.531400,0.453512,DOWN,0,09-16,0.4210,0.26,12,-1.000000
1789563628,1789563600,28,DOWN,0.4100,0.543800,0.466742,DOWN,1,09-16,0.7190,5.00,13,1.398293
1789564384,1789564200,184,UP,0.5000,0.677600,0.615921,UP,1,09-16,0.5910,0.55,13,0.966600
1789564628,1789564500,128,DOWN,0.4100,0.543800,0.466742,UP,0,09-16,0.3990,1.39,13,-1.000000
1789564896,1789564800,96,UP,0.4000,0.531400,0.453512,DOWN,0,09-16,0.4990,1.32,13,-1.000000
1789565747,1789565700,47,DOWN,0.4800,0.627200,0.558399,DOWN,1,09-16,1.1690,2.49,13,1.048542
1789566454,1789566300,154,UP,0.4000,0.531400,0.453512,UP,1,09-16,0.7200,2.67,13,1.458250
1789566651,1789566600,51,DOWN,0.5500,0.716400,0.661196,DOWN,1,09-16,1.0540,6.00,13,0.787818
1789567040,1789566900,140,UP,0.4800,0.623000,0.553675,DOWN,0,09-16,0.7440,0.26,13,-1.000000
1789567287,1789567200,87,UP,0.4200,0.569400,0.494387,DOWN,0,09-16,0.5520,0.76,14,-1.000000
1789567643,1789567500,143,DOWN,0.3500,0.509800,0.430721,UP,0,09-16,0.7930,0.18,14,-1.000000
1789568424,1789568400,24,UP,0.5200,0.677600,0.615921,UP,1,09-16,0.8010,4.25,14,0.890962
1789569033,1789569000,33,UP,0.4300,0.569400,0.494387,DOWN,0,09-16,1.0580,3.19,14,-1.000000
1789569649,1789569600,49,UP,0.5100,0.677600,0.615921,UP,1,09-16,0.5830,3.82,14,0.928039
1789570277,1789570200,77,DOWN,0.5500,0.734600,0.682705,UP,0,09-16,0.9250,3.73,14,-1.000000
1789571004,1789570800,204,DOWN,0.2600,0.509800,0.430721,UP,0,09-16,0.6130,2.90,15,-1.000000
1789571133,1789571100,33,DOWN,0.5200,0.734600,0.682705,DOWN,1,09-16,1.1410,2.93,15,0.890962
1789571584,1789571400,184,DOWN,0.2000,0.509800,0.430721,UP,0,09-16,0.6170,5.46,15,-1.000000
1789572341,1789572300,41,UP,0.4700,0.623000,0.553675,DOWN,0,09-16,0.4910,0.79,15,-1.000000
1789573412,1789573200,212,UP,0.6200,0.747300,0.697809,DOWN,0,09-16,0.1410,4.18,15,-1.000000
1789573629,1789573500,129,UP,0.5300,0.716700,0.661550,UP,1,09-16,0.5880,3.70,15,0.855283
1789574555,1789574400,155,UP,0.3900,0.531400,0.453512,DOWN,0,09-16,0.3220,1.76,16,-1.000000
1789574772,1789574700,72,DOWN,0.3400,0.543800,0.466742,DOWN,1,09-16,0.8820,0.70,16,1.892059
1789575058,1789575000,58,DOWN,0.3700,0.509800,0.430721,UP,0,09-16,0.7040,0.00,16,-1.000000
1789575484,1789575300,184,UP,0.4300,0.569400,0.494387,UP,1,09-16,0.6950,0.79,16,1.286744
1789575684,1789575600,84,DOWN,0.5400,0.697500,0.639040,DOWN,1,09-16,0.5420,3.80,16,0.820926
1789575945,1789575900,45,UP,0.4300,0.569400,0.494387,DOWN,0,09-16,0.2960,3.05,16,-1.000000
1789576314,1789576200,114,DOWN,0.3700,0.509800,0.430721,DOWN,1,09-16,0.2910,0.04,16,1.657568
1789576617,1789576500,117,DOWN,0.3900,0.509800,0.430721,UP,0,09-16,0.5260,0.20,16,-1.000000
1789578336,1789578300,36,DOWN,0.3100,0.543800,0.466742,DOWN,1,09-16,0.6900,5.87,17,2.171935
1789578644,1789578600,44,UP,0.5700,0.677600,0.615921,UP,1,09-16,0.1530,0.53,17,0.725088
