date,mode,i,stake,q,win,pnl,capital
2026-08-22,independent,0,5.0,0.8899999993,False,-5.0,45.0
2026-08-22,independent,1,5.0,0.9599999597,True,0.19375020333659676,45.1937502033366
2026-08-22,independent,2,5.0,0.73,True,1.7198630136986293,46.91361321703523
2026-08-22,independent,3,5.0,0.9099999993999999,True,0.4598901132592692,47.3735033302945
2026-08-22,independent,4,4.7373503330294495,0.65,True,2.372319282155516,49.74582261245001
2026-08-22,independent,5,4.7373503330294495,0.9099999999999999,True,0.43573211304897236,50.181554725498984
2026-08-22,independent,6,4.7373503330294495,0.71,False,-4.7373503330294495,45.44420439246954
2026-08-22,independent,7,4.7373503330294495,0.4699998472,False,-4.7373503330294495,40.70685405944009
2026-08-22,independent,8,4.070685405944009,0.96,True,0.1577390594803306,40.86459311892042
2026-08-22,independent,9,4.070685405944009,0.5599998432,True,2.974509871641188,43.83910299056161
2026-08-22,independent,10,4.070685405944009,0.6099999994,False,-4.070685405944009,39.768417584617595
2026-08-22,independent,11,4.070685405944009,0.96,True,0.1577390594803306,39.92615664409792
2026-08-22,independent,12,4.070685405944009,0.7699999747,True,1.1308048476882377,41.05696149178616
2026-08-22,independent,13,4.070685405944009,0.8399999395,True,0.7210931679377613,41.77805465972392
2026-08-22,independent,14,4.177805465972392,0.7799999487,True,1.095870838301342,42.873925498025265
2026-08-22,independent,15,4.177805465972392,0.5944125222,False,-4.177805465972392,38.696120032052875
2026-08-22,independent,16,4.177805465972392,0.7099999432,True,1.5869780915514162,40.28309812360429
2026-08-22,independent,17,4.177805465972392,0.7299999513,True,1.4370509749411478,41.72014909854544
2026-08-22,independent,18,4.177805465972392,0.7099999815,True,1.5869777963535026,43.30712689489894
2026-08-22,independent,19,4.330712689489895,0.75,True,1.3425209337418675,44.64964782864081
2026-08-22,independent,20,4.330712689489895,0.7130152953,True,1.6210717060201534,46.27071953466096
2026-08-22,independent,21,4.330712689489895,0.7299999218,False,-4.330712689489895,41.94000684517107
2026-08-22,independent,22,4.330712689489895,0.569999993,True,3.0383369368215907,44.97834378199266
2026-08-22,independent,23,4.330712689489895,0.95,True,0.21197698953818955,45.19032077153085
2026-08-22,independent,24,4.330712689489895,0.63,False,-4.330712689489895,40.85960808204096
2026-08-22,independent,25,4.330712689489895,0.56,False,-4.330712689489895,36.528895392551064
2026-08-22,independent,26,3.6528895392551064,0.8799999648,True,0.463252964168598,36.99214835671966
2026-08-22,independent,27,3.6528895392551064,0.89,True,0.41987707850089573,37.412025435220556
2026-08-22,independent,28,3.6528895392551064,0.6,True,2.2647915143381665,39.67681694955872
2026-08-22,independent,29,3.967681694955872,0.9199999751,True,0.3208648021454952,39.997681751704214
2026-08-22,independent,30,3.967681694955872,0.7699999912,False,-3.967681694955872,36.03000005674834
2026-08-22,independent,31,3.967681694955872,0.55,True,3.019045071525514,39.04904512827385
2026-08-22,independent,32,3.967681694955872,0.6499999935,True,1.9868929670885784,41.03593809536243
2026-08-22,independent,33,3.967681694955872,0.8,True,0.92248599407724,41.958424089439674
2026-08-22,independent,34,4.195842408943967,0.8599998762000001,True,0.6352316783375647,42.593655767777236
2026-08-22,independent,35,4.195842408943967,0.74,False,-4.195842408943967,38.39781335883327
2026-08-22,independent,36,4.195842408943967,0.7399997262,True,1.3710218084764303,39.768835167309696
2026-08-22,independent,37,4.195842408943967,0.899999892,True,0.4335709025420653,40.20240606985176
2026-08-22,independent,38,4.195842408943967,0.9299999953,True,0.2937089898308728,40.49611505968264
2026-08-22,independent,39,4.049611505968264,0.7722083195,True,1.1109632490750199,41.60707830875766
2026-08-22,independent,40,4.049611505968264,0.54,True,3.208192226394858,44.815270535152514
2026-08-22,independent,41,4.049611505968264,0.85,True,0.6646127118618511,45.479883247014364
2026-08-22,independent,42,4.5479883247014365,0.5799999701,False,-4.5479883247014365,40.93189492231293
2026-08-22,independent,43,4.5479883247014365,0.8,True,1.0574072854930836,41.98930220780601
2026-08-22,independent,44,4.5479883247014365,0.9200000000000002,True,0.3677938384323765,42.35709604623839
2026-08-22,independent,45,4.5479883247014365,0.6,True,2.819752761314891,45.17684880755328
2026-08-22,independent,46,4.517684880755328,0.9399996992,True,0.26817889447829574,45.445027702031574
2026-08-22,independent,47,4.517684880755328,0.95,True,0.22112878626855026,45.666156488300125
2026-08-22,independent,48,4.517684880755328,0.5399999712,True,3.5790107704894654,49.24516725878959
2026-08-22,independent,49,4.924516725878959,0.6899999869,True,2.057591679740207,51.3027589385298
2026-08-22,independent,50,4.924516725878959,0.9,True,0.5088667283408255,51.811625666870626
2026-08-22,independent,51,4.924516725878959,0.8599999256,True,0.74554938827381,52.557175055144434
2026-08-22,independent,52,5.255717505514443,0.96,True,0.203659053338685,52.76083410848312
2026-08-22,independent,53,5.255717505514443,0.8277008304999999,True,1.0174773625938485,53.77831147107697
2026-08-22,independent,54,5.255717505514443,0.7099999848,True,1.9964325575744262,55.7747440286514
2026-08-22,independent,55,5.57747440286514,0.579999826,True,3.7561432032326705,59.530887231884066
2026-08-22,independent,56,5.57747440286514,0.75,False,-5.57747440286514,53.95341282901892
2026-08-22,independent,57,5.57747440286514,0.6499999783,True,2.7930278327697193,56.74644066178864
2026-08-22,independent,58,5.57747440286514,0.72,True,2.017186575702893,58.763627237491534
2026-08-22,independent,59,5.57747440286514,0.5899999541,True,3.604561683639847,62.36818892113138
2026-08-22,independent,60,6.2368188921131384,0.8399999993,True,1.1048079237856778,63.472996844917056
2026-08-22,independent,61,6.2368188921131384,0.57,True,4.375620833256217,67.84861767817327
2026-08-22,independent,62,6.2368188921131384,0.999,True,0.005806047617282211,67.85442372579055
2026-08-22,independent,63,6.785442372579055,0.8299999896999999,True,1.2925042378497535,69.14692796364031
2026-08-22,independent,64,6.785442372579055,0.75,False,-6.785442372579055,62.36148559106125
2026-08-22,independent,65,6.785442372579055,0.85,True,1.1136108364409167,63.47509642750217
2026-08-22,independent,66,6.785442372579055,0.9200000000000002,False,-6.785442372579055,56.68965405492312
2026-08-22,independent,67,6.785442372579055,0.7699998634,False,-6.785442372579055,49.90421168234406
2026-08-22,independent,68,4.990421168234406,0.78,True,1.3090258602830254,51.213237542627084
2026-08-22,independent,69,4.990421168234406,0.8799999921999999,True,0.632876185808988,51.84611372843607
2026-08-22,independent,70,4.990421168234406,0.7099999815,False,-4.990421168234406,46.85569256020167
2026-08-22,independent,71,4.990421168234406,0.7099999432,True,1.895657690648146,48.75135025084981
2026-08-22,independent,72,4.990421168234406,0.5899998668,False,-4.990421168234406,43.760929082615405
2026-08-22,independent,73,4.990421168234406,0.9399999624000002,False,-4.990421168234406,38.770507914381
2026-08-22,independent,74,3.8770507914381,0.7199999654,True,1.4022002768921547,40.17270819127315
2026-08-22,independent,75,3.8770507914381,0.8699999999999999,True,0.5387763686032954,40.711484559876446
2026-08-22,independent,76,3.8770507914381,0.7299999679,True,1.3335994688770503,42.04508402875349
2026-08-22,independent,77,4.20450840287535,0.77,True,1.1679796719156326,43.213063700669125
2026-08-22,independent,78,4.20450840287535,0.9200000000000002,True,0.34001676649339735,43.55308046716252
2026-08-22,independent,79,4.20450840287535,0.95,True,0.20579962182495132,43.758880088987475
2026-08-22,independent,80,4.375888008898747,0.6863325816,True,1.8598757869484652,45.61875587593594
2026-08-22,independent,81,4.375888008898747,0.58,True,2.9469342349583636,48.5656901108943
2026-08-22,independent,82,4.375888008898747,0.8699999996999999,True,0.608097542159956,49.173787653054255
2026-08-22,independent,83,4.9173787653054255,0.5599999885,False,-4.9173787653054255,44.25640888774883
2026-08-22,independent,84,4.9173787653054255,0.719999856,True,1.7784532571085632,46.0348621448574
2026-08-22,independent,85,4.9173787653054255,0.699999972,True,1.9599269406381596,47.99478908549556
2026-08-22,independent,86,4.9173787653054255,0.9099895086,True,0.452348711320639,48.4471377968162
2026-08-22,independent,87,4.84471377968162,0.68,True,2.1202747365194847,50.567412533335684
2026-08-22,independent,88,4.84471377968162,0.99,True,0.04551094762731275,50.612923480963
2026-08-22,independent,89,4.84471377968162,0.733125,False,-4.84471377968162,45.76820970128138
2026-08-22,independent,90,4.84471377968162,0.519999989,False,-4.84471377968162,40.92349592159976
2026-08-22,independent,91,4.092349592159976,0.7199999635,True,1.480066703799583,42.403562625399346
2026-08-22,independent,92,4.092349592159976,0.6199999628,False,-4.092349592159976,38.31121303323937
2026-08-22,independent,93,4.092349592159976,0.56,True,2.9903383091283247,41.301551342367695
2026-08-22,independent,94,4.092349592159976,0.6599999296,False,-4.092349592159976,37.20920175020772
2026-08-22,independent,95,4.092349592159976,0.7299999416,True,1.4076565576194568,38.61685830782717
2026-08-22,independent,96,4.092349592159976,0.8,True,0.9514712801771941,39.56832958800437
2026-08-22,independent,97,4.092349592159976,0.6099999988,False,-4.092349592159976,35.47597999584439
2026-08-22,independent,98,4.092349592159976,0.5999999735,True,2.53725702729463,38.01323702313902
2026-08-22,independent,99,4.092349592159976,0.6799998912,True,1.7910056581890075,39.80424268132803
2026-08-22,independent,100,4.092349592159976,0.59,True,2.6447676262552533,42.44901030758328
2026-08-22,independent,101,4.244901030758328,0.9200000000000002,True,0.3432833007482817,42.79229360833156
2026-08-22,independent,102,4.244901030758328,0.8699999913,True,0.5898949127543234,43.38218852108589
2026-08-22,independent,103,4.244901030758328,0.55,True,3.2299837843133825,46.61217230539927
2026-08-22,independent,104,4.661217230539927,0.5399999654,True,3.6927203870032494,50.30489269240252
2026-08-22,independent,105,4.661217230539927,0.93,True,0.32628520613779416,50.631177898540315
2026-08-22,independent,106,4.661217230539927,0.77,True,1.2948498254707663,51.92602772401108
2026-08-22,independent,107,5.192602772401108,0.5399999676,True,4.113695844037863,56.03972356804894
2026-08-22,independent,108,5.192602772401108,0.6741350244,True,2.3343116771429258,58.37403524519187
2026-08-22,independent,109,5.192602772401108,0.7299999681,True,1.7861133796929882,60.160148624884854
2026-08-22,independent,110,6.016014862488486,0.9299999907000001,True,0.42112110053434265,60.5812697254192
2026-08-22,independent,111,6.016014862488486,0.6199999885,True,3.4291286389994977,64.01039836441869
2026-08-22,independent,112,6.016014862488486,0.8599999828,False,-6.016014862488486,57.9943835019302
2026-08-22,independent,113,6.016014862488486,0.73,True,2.0693442903710384,60.063727792301236
2026-08-22,independent,114,6.016014862488486,0.5950113288,False,-6.016014862488486,54.04771292981275
2026-08-22,independent,115,6.016014862488486,0.7499998875,False,-6.016014862488486,48.03169806732426
2026-08-22,independent,116,4.803169806732426,0.6899999987,True,2.006889657531808,50.038587724856065
2026-08-22,independent,117,4.803169806732426,0.97,True,0.13815302846168517,50.17674075331775
2026-08-22,independent,118,4.803169806732426,0.6899999972,False,-4.803169806732426,45.373570946585325
2026-08-22,independent,119,4.803169806732426,0.5,False,-4.803169806732426,40.5704011398529
2026-08-22,independent,120,4.05704011398529,0.8241152669,True,0.8052531545579543,41.37565429441085
2026-08-22,independent,121,4.05704011398529,0.5,True,3.773047306006319,45.14870160041717
2026-08-22,independent,122,4.05704011398529,0.54,False,-4.05704011398529,41.09166148643188
2026-08-22,independent,123,4.05704011398529,0.8400000000000001,False,-4.05704011398529,37.034621372446594
2026-08-22,independent,124,3.7034621372446597,0.7399999896,False,-3.7034621372446597,33.33115923520194
2026-08-22,independent,125,3.7034621372446597,0.611641308,True,2.186890705700064,35.518049940902
2026-08-22,independent,126,3.7034621372446597,0.59,True,2.3934408693752363,37.911490810277236
2026-08-22,independent,127,3.7034621372446597,0.8099998887,True,0.80790399125001,38.719394801527244
2026-08-22,independent,128,3.8719394801527245,0.9,True,0.40010041294911464,39.11949521447636
2026-08-22,independent,129,3.8719394801527245,0.9199999877,True,0.31312211463682615,39.432617329113185
2026-08-22,independent,130,3.8719394801527245,0.56,True,2.8292814915687408,42.26189882068193
2026-08-22,independent,131,4.226189882068193,0.97,True,0.12155742031928096,42.38345624100121
2026-08-22,independent,132,4.226189882068193,0.9099999991999999,True,0.3887165896531497,42.77217283065436
2026-08-22,independent,133,4.226189882068193,0.95,True,0.20686087317491683,42.97903370382928
2026-08-22,independent,134,4.297903370382929,0.5299998781,False,-4.297903370382929,38.681130333446355
2026-08-22,independent,135,4.297903370382929,0.7799999984,True,1.1273731253582358,39.80850345880459
2026-08-22,independent,136,4.297903370382929,0.879999945,True,0.5450525749436188,40.353556033748205
2026-08-22,independent,137,4.297903370382929,0.8400000000000001,True,0.7613428827535469,41.11489891650175
2026-08-22,independent,138,4.111489891650176,0.9299998159000001,True,0.2878051063138326,41.402704022815584
2026-08-22,independent,139,4.111489891650176,0.86,True,0.6224604463870381,42.02516446920262
2026-08-22,independent,140,4.111489891650176,0.4899999649,False,-4.111489891650176,37.91367457755245
2026-08-22,independent,141,4.111489891650176,0.6999999483,False,-4.111489891650176,33.802184685902276
2026-08-22,independent,142,3.3802184685902277,0.66,True,1.6194319390427725,35.421616624945045
2026-08-22,independent,143,3.3802184685902277,0.8899999990000002,True,0.38853522794260426,35.81015185288765
2026-08-22,independent,144,3.3802184685902277,0.8136474999999999,False,-3.3802184685902277,32.42993338429742
2026-08-22,independent,145,3.3802184685902277,0.9399999996,True,0.20065552328195557,32.63058890757937
2026-08-22,independent,146,3.3802184685902277,0.6199999864,True,1.9267246383165235,34.557313545895894
2026-08-22,independent,147,3.3802184685902277,0.69,False,-3.3802184685902277,31.177095077305665
2026-08-22,independent,148,3.3802184685902277,0.8299999993,True,0.6438705331751164,31.820965610480783
2026-08-22,independent,149,3.3802184685902277,0.58,True,2.276402299709212,34.097367910189995
2026-08-22,independent,150,3.3802184685902277,0.8899999169000001,True,0.38853555377248056,34.48590346396247
2026-08-22,independent,151,3.4485903463962475,0.6499999814,True,1.7269480761952747,36.21285154015775
2026-08-22,independent,152,3.4485903463962475,0.85,True,0.5659745333203259,36.77882607347808
2026-08-22,independent,153,3.4485903463962475,0.54,False,-3.4485903463962475,33.330235727081835
2026-08-22,independent,154,3.4485903463962475,0.95,True,0.16879942221834263,33.49903514930018
2026-08-22,independent,155,3.4485903463962475,0.6699999196,True,1.5796608390622942,35.07869598836247
2026-08-22,independent,156,3.4485903463962475,0.9099999999999999,True,0.3171945186740284,35.3958905070365
2026-08-22,independent,157,3.53958905070365,0.77,True,0.9832702570720916,36.37916076410859
2026-08-22,independent,158,3.53958905070365,0.78,True,0.9284614356076499,37.30762219971624
2026-08-22,independent,159,3.53958905070365,0.849999983,True,0.5809091040111964,37.88853130372744
2026-08-22,independent,160,3.788853130372744,0.95,True,0.18545439006561326,38.073985693793055
2026-08-22,independent,161,3.788853130372744,0.8899999973,True,0.4355052650862994,38.509490958879354
2026-08-22,independent,162,3.788853130372744,0.5,True,3.523633411246651,42.033124370126004
2026-08-22,independent,163,4.203312437012601,0.99,True,0.03948566228708855,42.072610032413095
2026-08-22,independent,164,4.203312437012601,0.61,True,2.499248230990935,44.57185826340403
2026-08-22,independent,165,4.203312437012601,0.5599999776,True,3.071420724265688,47.64327898766972
2026-08-22,independent,166,4.764327898766972,0.8299999999999998,True,0.9075183624036857,48.5507973500734
2026-08-22,independent,167,4.764327898766972,0.52,True,4.089992257710723,52.64078960778413
2026-08-22,independent,168,4.764327898766972,0.7114624472,False,-4.764327898766972,47.87646170901716
2026-08-22,independent,169,4.764327898766972,0.719999856,True,1.7230998208390071,49.59956152985617
2026-08-22,independent,170,4.764327898766972,0.55,False,-4.764327898766972,44.835233631089196
2026-08-22,independent,171,4.764327898766972,0.7799999333,False,-4.764327898766972,40.070905732322224
2026-08-22,independent,172,4.007090573232222,0.66,True,1.9197606655394372,41.99066639786166
2026-08-22,independent,173,4.007090573232222,0.85,True,0.6576342764304655,42.64830067429212
2026-08-22,independent,174,4.007090573232222,0.8,True,0.9316485582764914,43.579949232568616
2026-08-22,independent,175,4.357994923256862,0.629999991,True,2.3802954142726382,45.960244646841254
2026-08-22,independent,176,4.357994923256862,0.5499999633,False,-4.357994923256862,41.60224972358439
2026-08-22,independent,177,4.357994923256862,0.75,False,-4.357994923256862,37.24425480032753
2026-08-22,independent,178,3.724425480032753,0.7799999984,True,0.9769454619484085,38.22120026227594
2026-08-22,independent,179,3.724425480032753,0.54,False,-3.724425480032753,34.49677478224319
2026-08-22,independent,180,3.724425480032753,0.63,True,2.034245726475032,36.53102050871823
2026-08-22,independent,181,3.724425480032753,0.8799999640999999,True,0.4723250282676342,37.00334553698586
2026-08-22,independent,182,3.724425480032753,0.489999946,False,-3.724425480032753,33.27892005695311
2026-08-22,independent,183,3.724425480032753,0.549999956,False,-3.724425480032753,29.55449457692036
2026-08-22,independent,184,2.955449457692036,0.9299999985999999,True,0.20688146648750683,29.761376043407864
2026-08-22,independent,185,2.955449457692036,0.7199999923,True,1.068887594690853,30.830263638098717
2026-08-22,independent,186,2.955449457692036,0.5799999942,False,-2.955449457692036,27.87481418040668
2026-08-22,independent,187,2.955449457692036,0.5499999741,True,2.2488285954121614,30.12364277581884
2026-08-22,independent,188,2.955449457692036,0.66,False,-2.955449457692036,27.168193318126804
2026-08-22,independent,189,2.955449457692036,0.8299999924,True,0.562959740275568,27.73115305840237
2026-08-22,independent,190,2.955449457692036,0.75,True,0.9161893318845313,28.6473423902869
2026-08-22,independent,191,2.955449457692036,0.8299999087,False,-2.955449457692036,25.691892932594865
2026-08-22,independent,192,2.955449457692036,0.51,True,2.640781015431884,28.33267394802675
2026-08-22,independent,193,2.955449457692036,0.96,True,0.11452366648556658,28.447197614512316
2026-08-22,independent,194,2.955449457692036,0.6699999196,True,1.3537727886475892,29.800970403159905
2026-08-22,independent,195,2.9800970403159908,0.8399996472,True,0.5279042900302529,30.32887469319016
2026-08-22,independent,196,2.9800970403159908,0.9200000000000002,True,0.24099915195598848,30.569873845146148
2026-08-22,independent,197,2.9800970403159908,0.6499999025,True,1.4923415420714685,32.06221538721762
2026-08-22,independent,198,3.206221538721762,0.5799998802,False,-3.206221538721762,28.855993848495856
2026-08-22,independent,199,3.206221538721762,0.6199999324,False,-3.206221538721762,25.649772309774093
2026-08-22,independent,200,2.5649772309774095,0.7399999414,True,0.8381238964196311,26.487896206193724
2026-08-22,independent,201,2.5649772309774095,0.659999997,True,1.228857289815023,27.716753496008746
2026-08-22,independent,202,2.5649772309774095,0.5699999335,False,-2.5649772309774095,25.151776265031337
2026-08-22,independent,203,2.5649772309774095,0.52,False,-2.5649772309774095,22.58679903405393
2026-08-22,independent,204,2.258679903405393,0.9099999925999999,True,0.20774892856770188,22.794547962621632
2026-08-22,independent,205,2.258679903405393,0.5099999255,False,-2.258679903405393,20.535868059216238
2026-08-22,independent,206,2.258679903405393,0.9,True,0.2333969233518905,20.769264982568128
2026-08-22,independent,207,2.258679903405393,0.8733624454,True,0.3045829850151051,21.073847967583234
2026-08-22,independent,208,2.258679903405393,0.96,True,0.08752384625695912,21.161371813840194
2026-08-22,independent,209,2.1161371813840195,0.6899999586,True,0.8841774890919925,22.045549302932187
2026-08-22,independent,210,2.1161371813840195,0.6899999917,True,0.8841773522697791,22.929726655201968
2026-08-22,independent,211,2.1161371813840195,0.51375,False,-2.1161371813840195,20.81358947381795
2026-08-22,independent,212,2.1161371813840195,0.9399999999999998,True,0.12561750502258373,20.93920697884053
2026-08-22,independent,213,2.1161371813840195,0.9299999993,True,0.14812960428967284,21.087336583130202
2026-08-22,independent,214,2.1161371813840195,0.6799999966,True,0.9261212279704735,22.013457811100675
2026-08-22,independent,215,2.2013457811100676,0.5099998317,True,1.9669685255786298,23.980426336679304
2026-08-22,independent,216,2.2013457811100676,0.5799994896,False,-2.2013457811100676,21.779080555569237
2026-08-22,independent,217,2.2013457811100676,0.79,True,0.5442061152541722,22.32328667082341
2026-08-22,independent,218,2.2013457811100676,0.6699999724,True,1.0083479172495908,23.331634588073
2026-08-22,independent,219,2.2013457811100676,0.64,True,1.1515790117432043,24.483213599816207
2026-08-22,independent,220,2.448321359981621,0.8599999931,True,0.37066448760240733,24.853878087418614
2026-08-22,independent,221,2.448321359981621,0.9199999816,True,0.19799473339283769,25.051872820811454
2026-08-22,independent,222,2.448321359981621,0.75,True,0.7589796215943027,25.810852442405757
2026-08-22,independent,223,2.581085244240576,0.849999915,True,0.42360191954413173,26.23445436194989
2026-08-22,independent,224,2.581085244240576,0.9,True,0.26671214190485937,26.501166503854748
2026-08-22,independent,225,2.581085244240576,0.78,True,0.677038514066182,27.17820501792093
2026-08-22,independent,226,2.7178205017920933,0.8299999967,True,0.5176957004611042,27.695900718382035
2026-08-22,independent,227,2.7178205017920933,0.6,False,-2.7178205017920933,24.97808021658994
2026-08-22,independent,228,2.7178205017920933,0.8635725433999999,True,0.3993067721888773,25.377386988778817
2026-08-22,independent,229,2.7178205017920933,0.5835758482,True,1.8036086888202771,27.180995677599093
2026-08-22,independent,230,2.7178205017920933,0.5499999807,False,-2.7178205017920933,24.463175175807
2026-08-22,independent,231,2.7178205017920933,0.85,True,0.4460423058823499,24.90921748168935
2026-08-22,independent,232,2.7178205017920933,0.8199999836,True,0.5548331738432424,25.464050655532592
2026-08-22,independent,233,2.7178205017920933,0.4699999999999999,False,-2.7178205017920933,22.7462301537405
2026-08-22,independent,234,2.7178205017920933,0.9,True,0.2808414518518495,23.027071605592347
2026-08-22,independent,235,2.7178205017920933,0.7899999521,True,0.6718867053849604,23.698958310977307
2026-08-22,independent,236,2.7178205017920933,0.9075215728,False,-2.7178205017920933,20.981137809185213
2026-08-22,independent,237,2.7178205017920933,0.61,True,1.6159893377049053,22.59712714689012
2026-08-22,independent,238,2.7178205017920933,0.8,True,0.6318932666666615,23.229020413556782
2026-08-22,independent,239,2.7178205017920933,0.8,False,-2.7178205017920933,20.511199911764688
2026-08-22,independent,240,2.7178205017920933,0.7899995803,True,0.6718882111568281,21.183088122921518
2026-08-22,independent,241,2.7178205017920933,0.8099999757,True,0.5928876030788363,21.775975726000354
2026-08-22,independent,242,2.7178205017920933,0.78,True,0.7129052239316185,22.48888094993197
2026-08-22,independent,243,2.2488880949931973,0.65,True,1.126173961415824,23.615054911347794
2026-08-22,independent,244,2.2488880949931973,0.7599999763,True,0.6604630105568388,24.275517921904633
2026-08-22,independent,245,2.2488880949931973,0.9200000000000002,True,0.18186660246466702,24.4573845243693
2026-08-22,independent,246,2.44573845243693,0.99,True,0.02297511879561993,24.48035964316492
2026-08-22,independent,247,2.44573845243693,0.5799999954,True,1.6470783751056803,26.127438018270603
2026-08-22,independent,248,2.44573845243693,0.849999915,True,0.40138910772782405,26.528827125998426
2026-08-22,independent,249,2.6528827125998427,0.9230531012000001,True,0.20566738851195063,26.734494514510377
2026-08-22,independent,250,2.6528827125998427,0.77,True,0.7369501457468911,27.47144466025727
2026-08-22,independent,251,2.6528827125998427,0.7,True,1.0573632525933658,28.528807912850635
2026-08-22,independent,252,2.8528807912850636,0.96,True,0.1105491306622964,28.63935704351293
2026-08-22,independent,253,2.8528807912850636,0.9395302349,True,0.1707631251833788,28.810120168696308
2026-08-22,independent,254,2.8528807912850636,0.85,True,0.46820808280501974,29.27832825150133
2026-08-22,independent,255,2.927832825150133,0.8899999999,True,0.3365362902458433,29.61486454174717
2026-08-22,independent,256,2.927832825150133,0.66,True,1.4026980898673818,31.017562631614553
2026-08-22,independent,257,2.927832825150133,0.9099999999999999,True,0.26929627193963307,31.286858903554187
2026-08-22,independent,258,3.1286858903554187,0.6199999609,False,-3.1286858903554187,28.15817301319877
2026-08-22,independent,259,3.1286858903554187,0.9,True,0.3232975420033931,28.48147055520216
2026-08-22,independent,260,3.1286858903554187,0.8699999965,True,0.4347794664937595,28.91625002169592
2026-08-22,independent,261,3.1286858903554187,0.6799999637,False,-3.1286858903554187,25.787564131340503
2026-08-22,independent,262,3.1286858903554187,0.8499999982999998,True,0.5134725735575734,26.301036704898078
2026-08-22,independent,263,3.1286858903554187,0.78,False,-3.1286858903554187,23.17235081454266
2026-08-22,independent,264,3.1286858903554187,0.8299999999999998,True,0.5959581195966172,23.768308934139277
2026-08-22,independent,265,3.1286858903554187,0.8099999757,True,0.6825171408841255,24.450826075023404
2026-08-22,independent,266,3.1286858903554187,0.51,False,-3.1286858903554187,21.322140184667987
2026-08-22,independent,267,3.1286858903554187,0.54,False,-3.1286858903554187,18.193454294312566
2026-08-22,independent,268,1.8193454294312568,0.9299999562,True,0.1273542657454931,18.320808560058058
2026-08-22,independent,269,1.8193454294312568,0.8799999648,True,0.23072615636838747,18.551534716426445
2026-08-22,independent,270,1.8193454294312568,0.67,True,0.8333688243170934,19.38490354074354
2026-08-22,independent,271,1.938490354074354,0.52,False,-1.938490354074354,17.446413186669187
2026-08-22,independent,272,1.938490354074354,0.87,True,0.2693833147213671,17.715796501390553
2026-08-22,independent,273,1.938490354074354,0.84,True,0.3433897198646001,18.059186221255153
2026-08-22,independent,274,1.938490354074354,0.62,False,-1.938490354074354,16.1206958671808
2026-08-22,independent,275,1.938490354074354,0.6699999196,False,-1.938490354074354,14.182205513106446
2026-08-22,independent,276,1.4182205513106447,0.8,False,-1.4182205513106447,12.763984961795801
2026-08-22,independent,277,1.4182205513106447,0.8,False,-1.4182205513106447,11.345764410485156
2026-08-22,independent,278,1.1345764410485157,0.91,True,0.10435609683050633,11.450120507315662
2026-08-22,independent,279,1.1345764410485157,0.67,True,0.5197037459071483,11.96982425322281
2026-08-22,independent,280,1.1345764410485157,0.8,True,0.26378902254377984,12.23361327576659
2026-08-22,independent,281,1.223361327576659,0.5699999059,True,0.8582848819693564,13.091898157735946
2026-08-22,continuous,0,5.0,0.8899999993,False,-5.0,45.0
2026-08-22,continuous,1,5.0,0.9599999597,True,0.19375020333659676,45.1937502033366
2026-08-22,continuous,2,5.0,0.73,True,1.7198630136986293,46.91361321703523
2026-08-22,continuous,3,5.0,0.9099999993999999,True,0.4598901132592692,47.3735033302945
2026-08-22,continuous,4,4.7373503330294495,0.65,True,2.372319282155516,49.74582261245001
2026-08-22,continuous,5,4.7373503330294495,0.9099999999999999,True,0.43573211304897236,50.181554725498984
2026-08-22,continuous,6,4.7373503330294495,0.71,False,-4.7373503330294495,45.44420439246954
2026-08-22,continuous,7,4.7373503330294495,0.4699998472,False,-4.7373503330294495,40.70685405944009
2026-08-22,continuous,8,4.070685405944009,0.96,True,0.1577390594803306,40.86459311892042
2026-08-22,continuous,9,4.070685405944009,0.5599998432,True,2.974509871641188,43.83910299056161
2026-08-22,continuous,10,4.070685405944009,0.6099999994,False,-4.070685405944009,39.768417584617595
2026-08-22,continuous,11,4.070685405944009,0.96,True,0.1577390594803306,39.92615664409792
2026-08-22,continuous,12,4.070685405944009,0.7699999747,True,1.1308048476882377,41.05696149178616
2026-08-22,continuous,13,4.070685405944009,0.8399999395,True,0.7210931679377613,41.77805465972392
2026-08-22,continuous,14,4.177805465972392,0.7799999487,True,1.095870838301342,42.873925498025265
2026-08-22,continuous,15,4.177805465972392,0.5944125222,False,-4.177805465972392,38.696120032052875
2026-08-22,continuous,16,4.177805465972392,0.7099999432,True,1.5869780915514162,40.28309812360429
2026-08-22,continuous,17,4.177805465972392,0.7299999513,True,1.4370509749411478,41.72014909854544
2026-08-22,continuous,18,4.177805465972392,0.7099999815,True,1.5869777963535026,43.30712689489894
2026-08-22,continuous,19,4.330712689489895,0.75,True,1.3425209337418675,44.64964782864081
2026-08-22,continuous,20,4.330712689489895,0.7130152953,True,1.6210717060201534,46.27071953466096
2026-08-22,continuous,21,4.330712689489895,0.7299999218,False,-4.330712689489895,41.94000684517107
2026-08-22,continuous,22,4.330712689489895,0.569999993,True,3.0383369368215907,44.97834378199266
2026-08-22,continuous,23,4.330712689489895,0.95,True,0.21197698953818955,45.19032077153085
2026-08-22,continuous,24,4.330712689489895,0.63,False,-4.330712689489895,40.85960808204096
2026-08-22,continuous,25,4.330712689489895,0.56,False,-4.330712689489895,36.528895392551064
2026-08-22,continuous,26,3.6528895392551064,0.8799999648,True,0.463252964168598,36.99214835671966
2026-08-22,continuous,27,3.6528895392551064,0.89,True,0.41987707850089573,37.412025435220556
2026-08-22,continuous,28,3.6528895392551064,0.6,True,2.2647915143381665,39.67681694955872
2026-08-22,continuous,29,3.967681694955872,0.9199999751,True,0.3208648021454952,39.997681751704214
2026-08-22,continuous,30,3.967681694955872,0.7699999912,False,-3.967681694955872,36.03000005674834
2026-08-22,continuous,31,3.967681694955872,0.55,True,3.019045071525514,39.04904512827385
2026-08-22,continuous,32,3.967681694955872,0.6499999935,True,1.9868929670885784,41.03593809536243
2026-08-22,continuous,33,3.967681694955872,0.8,True,0.92248599407724,41.958424089439674
2026-08-22,continuous,34,4.195842408943967,0.8599998762000001,True,0.6352316783375647,42.593655767777236
2026-08-22,continuous,35,4.195842408943967,0.74,False,-4.195842408943967,38.39781335883327
2026-08-22,continuous,36,4.195842408943967,0.7399997262,True,1.3710218084764303,39.768835167309696
2026-08-22,continuous,37,4.195842408943967,0.899999892,True,0.4335709025420653,40.20240606985176
2026-08-22,continuous,38,4.195842408943967,0.9299999953,True,0.2937089898308728,40.49611505968264
2026-08-22,continuous,39,4.049611505968264,0.7722083195,True,1.1109632490750199,41.60707830875766
2026-08-22,continuous,40,4.049611505968264,0.54,True,3.208192226394858,44.815270535152514
2026-08-22,continuous,41,4.049611505968264,0.85,True,0.6646127118618511,45.479883247014364
2026-08-22,continuous,42,4.5479883247014365,0.5799999701,False,-4.5479883247014365,40.93189492231293
2026-08-22,continuous,43,4.5479883247014365,0.8,True,1.0574072854930836,41.98930220780601
2026-08-22,continuous,44,4.5479883247014365,0.9200000000000002,True,0.3677938384323765,42.35709604623839
2026-08-22,continuous,45,4.5479883247014365,0.6,True,2.819752761314891,45.17684880755328
2026-08-22,continuous,46,4.517684880755328,0.9399996992,True,0.26817889447829574,45.445027702031574
2026-08-22,continuous,47,4.517684880755328,0.95,True,0.22112878626855026,45.666156488300125
2026-08-22,continuous,48,4.517684880755328,0.5399999712,True,3.5790107704894654,49.24516725878959
2026-08-22,continuous,49,4.924516725878959,0.6899999869,True,2.057591679740207,51.3027589385298
2026-08-22,continuous,50,4.924516725878959,0.9,True,0.5088667283408255,51.811625666870626
2026-08-22,continuous,51,4.924516725878959,0.8599999256,True,0.74554938827381,52.557175055144434
2026-08-22,continuous,52,5.255717505514443,0.96,True,0.203659053338685,52.76083410848312
2026-08-22,continuous,53,5.255717505514443,0.8277008304999999,True,1.0174773625938485,53.77831147107697
2026-08-22,continuous,54,5.255717505514443,0.7099999848,True,1.9964325575744262,55.7747440286514
2026-08-22,continuous,55,5.57747440286514,0.579999826,True,3.7561432032326705,59.530887231884066
2026-08-22,continuous,56,5.57747440286514,0.75,False,-5.57747440286514,53.95341282901892
2026-08-22,continuous,57,5.57747440286514,0.6499999783,True,2.7930278327697193,56.74644066178864
2026-08-22,continuous,58,5.57747440286514,0.72,True,2.017186575702893,58.763627237491534
2026-08-22,continuous,59,5.57747440286514,0.5899999541,True,3.604561683639847,62.36818892113138
2026-08-22,continuous,60,6.2368188921131384,0.8399999993,True,1.1048079237856778,63.472996844917056
2026-08-22,continuous,61,6.2368188921131384,0.57,True,4.375620833256217,67.84861767817327
2026-08-22,continuous,62,6.2368188921131384,0.999,True,0.005806047617282211,67.85442372579055
2026-08-22,continuous,63,6.785442372579055,0.8299999896999999,True,1.2925042378497535,69.14692796364031
2026-08-22,continuous,64,6.785442372579055,0.75,False,-6.785442372579055,62.36148559106125
2026-08-22,continuous,65,6.785442372579055,0.85,True,1.1136108364409167,63.47509642750217
2026-08-22,continuous,66,6.785442372579055,0.9200000000000002,False,-6.785442372579055,56.68965405492312
2026-08-22,continuous,67,6.785442372579055,0.7699998634,False,-6.785442372579055,49.90421168234406
2026-08-22,continuous,68,4.990421168234406,0.78,True,1.3090258602830254,51.213237542627084
2026-08-22,continuous,69,4.990421168234406,0.8799999921999999,True,0.632876185808988,51.84611372843607
2026-08-22,continuous,70,4.990421168234406,0.7099999815,False,-4.990421168234406,46.85569256020167
2026-08-22,continuous,71,4.990421168234406,0.7099999432,True,1.895657690648146,48.75135025084981
2026-08-22,continuous,72,4.990421168234406,0.5899998668,False,-4.990421168234406,43.760929082615405
2026-08-22,continuous,73,4.990421168234406,0.9399999624000002,False,-4.990421168234406,38.770507914381
2026-08-22,continuous,74,3.8770507914381,0.7199999654,True,1.4022002768921547,40.17270819127315
2026-08-22,continuous,75,3.8770507914381,0.8699999999999999,True,0.5387763686032954,40.711484559876446
2026-08-22,continuous,76,3.8770507914381,0.7299999679,True,1.3335994688770503,42.04508402875349
2026-08-22,continuous,77,4.20450840287535,0.77,True,1.1679796719156326,43.213063700669125
2026-08-22,continuous,78,4.20450840287535,0.9200000000000002,True,0.34001676649339735,43.55308046716252
2026-08-22,continuous,79,4.20450840287535,0.95,True,0.20579962182495132,43.758880088987475
2026-08-22,continuous,80,4.375888008898747,0.6863325816,True,1.8598757869484652,45.61875587593594
2026-08-22,continuous,81,4.375888008898747,0.58,True,2.9469342349583636,48.5656901108943
2026-08-22,continuous,82,4.375888008898747,0.8699999996999999,True,0.608097542159956,49.173787653054255
2026-08-22,continuous,83,4.9173787653054255,0.5599999885,False,-4.9173787653054255,44.25640888774883
2026-08-22,continuous,84,4.9173787653054255,0.719999856,True,1.7784532571085632,46.0348621448574
2026-08-22,continuous,85,4.9173787653054255,0.699999972,True,1.9599269406381596,47.99478908549556
2026-08-22,continuous,86,4.9173787653054255,0.9099895086,True,0.452348711320639,48.4471377968162
2026-08-22,continuous,87,4.84471377968162,0.68,True,2.1202747365194847,50.567412533335684
2026-08-22,continuous,88,4.84471377968162,0.99,True,0.04551094762731275,50.612923480963
2026-08-22,continuous,89,4.84471377968162,0.733125,False,-4.84471377968162,45.76820970128138
2026-08-22,continuous,90,4.84471377968162,0.519999989,False,-4.84471377968162,40.92349592159976
2026-08-22,continuous,91,4.092349592159976,0.7199999635,True,1.480066703799583,42.403562625399346
2026-08-22,continuous,92,4.092349592159976,0.6199999628,False,-4.092349592159976,38.31121303323937
2026-08-22,continuous,93,4.092349592159976,0.56,True,2.9903383091283247,41.301551342367695
2026-08-22,continuous,94,4.092349592159976,0.6599999296,False,-4.092349592159976,37.20920175020772
2026-08-22,continuous,95,4.092349592159976,0.7299999416,True,1.4076565576194568,38.61685830782717
2026-08-22,continuous,96,4.092349592159976,0.8,True,0.9514712801771941,39.56832958800437
2026-08-22,continuous,97,4.092349592159976,0.6099999988,False,-4.092349592159976,35.47597999584439
2026-08-22,continuous,98,4.092349592159976,0.5999999735,True,2.53725702729463,38.01323702313902
2026-08-22,continuous,99,4.092349592159976,0.6799998912,True,1.7910056581890075,39.80424268132803
2026-08-22,continuous,100,4.092349592159976,0.59,True,2.6447676262552533,42.44901030758328
2026-08-22,continuous,101,4.244901030758328,0.9200000000000002,True,0.3432833007482817,42.79229360833156
2026-08-22,continuous,102,4.244901030758328,0.8699999913,True,0.5898949127543234,43.38218852108589
2026-08-22,continuous,103,4.244901030758328,0.55,True,3.2299837843133825,46.61217230539927
2026-08-22,continuous,104,4.661217230539927,0.5399999654,True,3.6927203870032494,50.30489269240252
2026-08-22,continuous,105,4.661217230539927,0.93,True,0.32628520613779416,50.631177898540315
2026-08-22,continuous,106,4.661217230539927,0.77,True,1.2948498254707663,51.92602772401108
2026-08-22,continuous,107,5.192602772401108,0.5399999676,True,4.113695844037863,56.03972356804894
2026-08-22,continuous,108,5.192602772401108,0.6741350244,True,2.3343116771429258,58.37403524519187
2026-08-22,continuous,109,5.192602772401108,0.7299999681,True,1.7861133796929882,60.160148624884854
2026-08-22,continuous,110,6.016014862488486,0.9299999907000001,True,0.42112110053434265,60.5812697254192
2026-08-22,continuous,111,6.016014862488486,0.6199999885,True,3.4291286389994977,64.01039836441869
2026-08-22,continuous,112,6.016014862488486,0.8599999828,False,-6.016014862488486,57.9943835019302
2026-08-22,continuous,113,6.016014862488486,0.73,True,2.0693442903710384,60.063727792301236
2026-08-22,continuous,114,6.016014862488486,0.5950113288,False,-6.016014862488486,54.04771292981275
2026-08-22,continuous,115,6.016014862488486,0.7499998875,False,-6.016014862488486,48.03169806732426
2026-08-22,continuous,116,4.803169806732426,0.6899999987,True,2.006889657531808,50.038587724856065
2026-08-22,continuous,117,4.803169806732426,0.97,True,0.13815302846168517,50.17674075331775
2026-08-22,continuous,118,4.803169806732426,0.6899999972,False,-4.803169806732426,45.373570946585325
2026-08-22,continuous,119,4.803169806732426,0.5,False,-4.803169806732426,40.5704011398529
2026-08-22,continuous,120,4.05704011398529,0.8241152669,True,0.8052531545579543,41.37565429441085
2026-08-22,continuous,121,4.05704011398529,0.5,True,3.773047306006319,45.14870160041717
2026-08-22,continuous,122,4.05704011398529,0.54,False,-4.05704011398529,41.09166148643188
2026-08-22,continuous,123,4.05704011398529,0.8400000000000001,False,-4.05704011398529,37.034621372446594
2026-08-22,continuous,124,3.7034621372446597,0.7399999896,False,-3.7034621372446597,33.33115923520194
2026-08-22,continuous,125,3.7034621372446597,0.611641308,True,2.186890705700064,35.518049940902
2026-08-22,continuous,126,3.7034621372446597,0.59,True,2.3934408693752363,37.911490810277236
2026-08-22,continuous,127,3.7034621372446597,0.8099998887,True,0.80790399125001,38.719394801527244
2026-08-22,continuous,128,3.8719394801527245,0.9,True,0.40010041294911464,39.11949521447636
2026-08-22,continuous,129,3.8719394801527245,0.9199999877,True,0.31312211463682615,39.432617329113185
2026-08-22,continuous,130,3.8719394801527245,0.56,True,2.8292814915687408,42.26189882068193
2026-08-22,continuous,131,4.226189882068193,0.97,True,0.12155742031928096,42.38345624100121
2026-08-22,continuous,132,4.226189882068193,0.9099999991999999,True,0.3887165896531497,42.77217283065436
2026-08-22,continuous,133,4.226189882068193,0.95,True,0.20686087317491683,42.97903370382928
2026-08-22,continuous,134,4.297903370382929,0.5299998781,False,-4.297903370382929,38.681130333446355
2026-08-22,continuous,135,4.297903370382929,0.7799999984,True,1.1273731253582358,39.80850345880459
2026-08-22,continuous,136,4.297903370382929,0.879999945,True,0.5450525749436188,40.353556033748205
2026-08-22,continuous,137,4.297903370382929,0.8400000000000001,True,0.7613428827535469,41.11489891650175
2026-08-22,continuous,138,4.111489891650176,0.9299998159000001,True,0.2878051063138326,41.402704022815584
2026-08-22,continuous,139,4.111489891650176,0.86,True,0.6224604463870381,42.02516446920262
2026-08-22,continuous,140,4.111489891650176,0.4899999649,False,-4.111489891650176,37.91367457755245
2026-08-22,continuous,141,4.111489891650176,0.6999999483,False,-4.111489891650176,33.802184685902276
2026-08-22,continuous,142,3.3802184685902277,0.66,True,1.6194319390427725,35.421616624945045
2026-08-22,continuous,143,3.3802184685902277,0.8899999990000002,True,0.38853522794260426,35.81015185288765
2026-08-22,continuous,144,3.3802184685902277,0.8136474999999999,False,-3.3802184685902277,32.42993338429742
2026-08-22,continuous,145,3.3802184685902277,0.9399999996,True,0.20065552328195557,32.63058890757937
2026-08-22,continuous,146,3.3802184685902277,0.6199999864,True,1.9267246383165235,34.557313545895894
2026-08-22,continuous,147,3.3802184685902277,0.69,False,-3.3802184685902277,31.177095077305665
2026-08-22,continuous,148,3.3802184685902277,0.8299999993,True,0.6438705331751164,31.820965610480783
2026-08-22,continuous,149,3.3802184685902277,0.58,True,2.276402299709212,34.097367910189995
2026-08-22,continuous,150,3.3802184685902277,0.8899999169000001,True,0.38853555377248056,34.48590346396247
2026-08-22,continuous,151,3.4485903463962475,0.6499999814,True,1.7269480761952747,36.21285154015775
2026-08-22,continuous,152,3.4485903463962475,0.85,True,0.5659745333203259,36.77882607347808
2026-08-22,continuous,153,3.4485903463962475,0.54,False,-3.4485903463962475,33.330235727081835
2026-08-22,continuous,154,3.4485903463962475,0.95,True,0.16879942221834263,33.49903514930018
2026-08-22,continuous,155,3.4485903463962475,0.6699999196,True,1.5796608390622942,35.07869598836247
2026-08-22,continuous,156,3.4485903463962475,0.9099999999999999,True,0.3171945186740284,35.3958905070365
2026-08-22,continuous,157,3.53958905070365,0.77,True,0.9832702570720916,36.37916076410859
2026-08-22,continuous,158,3.53958905070365,0.78,True,0.9284614356076499,37.30762219971624
2026-08-22,continuous,159,3.53958905070365,0.849999983,True,0.5809091040111964,37.88853130372744
2026-08-22,continuous,160,3.788853130372744,0.95,True,0.18545439006561326,38.073985693793055
2026-08-22,continuous,161,3.788853130372744,0.8899999973,True,0.4355052650862994,38.509490958879354
2026-08-22,continuous,162,3.788853130372744,0.5,True,3.523633411246651,42.033124370126004
2026-08-22,continuous,163,4.203312437012601,0.99,True,0.03948566228708855,42.072610032413095
2026-08-22,continuous,164,4.203312437012601,0.61,True,2.499248230990935,44.57185826340403
2026-08-22,continuous,165,4.203312437012601,0.5599999776,True,3.071420724265688,47.64327898766972
2026-08-22,continuous,166,4.764327898766972,0.8299999999999998,True,0.9075183624036857,48.5507973500734
2026-08-22,continuous,167,4.764327898766972,0.52,True,4.089992257710723,52.64078960778413
2026-08-22,continuous,168,4.764327898766972,0.7114624472,False,-4.764327898766972,47.87646170901716
2026-08-22,continuous,169,4.764327898766972,0.719999856,True,1.7230998208390071,49.59956152985617
2026-08-22,continuous,170,4.764327898766972,0.55,False,-4.764327898766972,44.835233631089196
2026-08-22,continuous,171,4.764327898766972,0.7799999333,False,-4.764327898766972,40.070905732322224
2026-08-22,continuous,172,4.007090573232222,0.66,True,1.9197606655394372,41.99066639786166
2026-08-22,continuous,173,4.007090573232222,0.85,True,0.6576342764304655,42.64830067429212
2026-08-22,continuous,174,4.007090573232222,0.8,True,0.9316485582764914,43.579949232568616
2026-08-22,continuous,175,4.357994923256862,0.629999991,True,2.3802954142726382,45.960244646841254
2026-08-22,continuous,176,4.357994923256862,0.5499999633,False,-4.357994923256862,41.60224972358439
2026-08-22,continuous,177,4.357994923256862,0.75,False,-4.357994923256862,37.24425480032753
2026-08-22,continuous,178,3.724425480032753,0.7799999984,True,0.9769454619484085,38.22120026227594
2026-08-22,continuous,179,3.724425480032753,0.54,False,-3.724425480032753,34.49677478224319
2026-08-22,continuous,180,3.724425480032753,0.63,True,2.034245726475032,36.53102050871823
2026-08-22,continuous,181,3.724425480032753,0.8799999640999999,True,0.4723250282676342,37.00334553698586
2026-08-22,continuous,182,3.724425480032753,0.489999946,False,-3.724425480032753,33.27892005695311
2026-08-22,continuous,183,3.724425480032753,0.549999956,False,-3.724425480032753,29.55449457692036
2026-08-22,continuous,184,2.955449457692036,0.9299999985999999,True,0.20688146648750683,29.761376043407864
2026-08-22,continuous,185,2.955449457692036,0.7199999923,True,1.068887594690853,30.830263638098717
2026-08-22,continuous,186,2.955449457692036,0.5799999942,False,-2.955449457692036,27.87481418040668
2026-08-22,continuous,187,2.955449457692036,0.5499999741,True,2.2488285954121614,30.12364277581884
2026-08-22,continuous,188,2.955449457692036,0.66,False,-2.955449457692036,27.168193318126804
2026-08-22,continuous,189,2.955449457692036,0.8299999924,True,0.562959740275568,27.73115305840237
2026-08-22,continuous,190,2.955449457692036,0.75,True,0.9161893318845313,28.6473423902869
2026-08-22,continuous,191,2.955449457692036,0.8299999087,False,-2.955449457692036,25.691892932594865
2026-08-22,continuous,192,2.955449457692036,0.51,True,2.640781015431884,28.33267394802675
2026-08-22,continuous,193,2.955449457692036,0.96,True,0.11452366648556658,28.447197614512316
2026-08-22,continuous,194,2.955449457692036,0.6699999196,True,1.3537727886475892,29.800970403159905
2026-08-22,continuous,195,2.9800970403159908,0.8399996472,True,0.5279042900302529,30.32887469319016
2026-08-22,continuous,196,2.9800970403159908,0.9200000000000002,True,0.24099915195598848,30.569873845146148
2026-08-22,continuous,197,2.9800970403159908,0.6499999025,True,1.4923415420714685,32.06221538721762
2026-08-22,continuous,198,3.206221538721762,0.5799998802,False,-3.206221538721762,28.855993848495856
2026-08-22,continuous,199,3.206221538721762,0.6199999324,False,-3.206221538721762,25.649772309774093
2026-08-22,continuous,200,2.5649772309774095,0.7399999414,True,0.8381238964196311,26.487896206193724
2026-08-22,continuous,201,2.5649772309774095,0.659999997,True,1.228857289815023,27.716753496008746
2026-08-22,continuous,202,2.5649772309774095,0.5699999335,False,-2.5649772309774095,25.151776265031337
2026-08-22,continuous,203,2.5649772309774095,0.52,False,-2.5649772309774095,22.58679903405393
2026-08-22,continuous,204,2.258679903405393,0.9099999925999999,True,0.20774892856770188,22.794547962621632
2026-08-22,continuous,205,2.258679903405393,0.5099999255,False,-2.258679903405393,20.535868059216238
2026-08-22,continuous,206,2.258679903405393,0.9,True,0.2333969233518905,20.769264982568128
2026-08-22,continuous,207,2.258679903405393,0.8733624454,True,0.3045829850151051,21.073847967583234
2026-08-22,continuous,208,2.258679903405393,0.96,True,0.08752384625695912,21.161371813840194
2026-08-22,continuous,209,2.1161371813840195,0.6899999586,True,0.8841774890919925,22.045549302932187
2026-08-22,continuous,210,2.1161371813840195,0.6899999917,True,0.8841773522697791,22.929726655201968
2026-08-22,continuous,211,2.1161371813840195,0.51375,False,-2.1161371813840195,20.81358947381795
2026-08-22,continuous,212,2.1161371813840195,0.9399999999999998,True,0.12561750502258373,20.93920697884053
2026-08-22,continuous,213,2.1161371813840195,0.9299999993,True,0.14812960428967284,21.087336583130202
2026-08-22,continuous,214,2.1161371813840195,0.6799999966,True,0.9261212279704735,22.013457811100675
2026-08-22,continuous,215,2.2013457811100676,0.5099998317,True,1.9669685255786298,23.980426336679304
2026-08-22,continuous,216,2.2013457811100676,0.5799994896,False,-2.2013457811100676,21.779080555569237
2026-08-22,continuous,217,2.2013457811100676,0.79,True,0.5442061152541722,22.32328667082341
2026-08-22,continuous,218,2.2013457811100676,0.6699999724,True,1.0083479172495908,23.331634588073
2026-08-22,continuous,219,2.2013457811100676,0.64,True,1.1515790117432043,24.483213599816207
2026-08-22,continuous,220,2.448321359981621,0.8599999931,True,0.37066448760240733,24.853878087418614
2026-08-22,continuous,221,2.448321359981621,0.9199999816,True,0.19799473339283769,25.051872820811454
2026-08-22,continuous,222,2.448321359981621,0.75,True,0.7589796215943027,25.810852442405757
2026-08-22,continuous,223,2.581085244240576,0.849999915,True,0.42360191954413173,26.23445436194989
2026-08-22,continuous,224,2.581085244240576,0.9,True,0.26671214190485937,26.501166503854748
2026-08-22,continuous,225,2.581085244240576,0.78,True,0.677038514066182,27.17820501792093
2026-08-22,continuous,226,2.7178205017920933,0.8299999967,True,0.5176957004611042,27.695900718382035
2026-08-22,continuous,227,2.7178205017920933,0.6,False,-2.7178205017920933,24.97808021658994
2026-08-22,continuous,228,2.7178205017920933,0.8635725433999999,True,0.3993067721888773,25.377386988778817
2026-08-22,continuous,229,2.7178205017920933,0.5835758482,True,1.8036086888202771,27.180995677599093
2026-08-22,continuous,230,2.7178205017920933,0.5499999807,False,-2.7178205017920933,24.463175175807
2026-08-22,continuous,231,2.7178205017920933,0.85,True,0.4460423058823499,24.90921748168935
2026-08-22,continuous,232,2.7178205017920933,0.8199999836,True,0.5548331738432424,25.464050655532592
2026-08-22,continuous,233,2.7178205017920933,0.4699999999999999,False,-2.7178205017920933,22.7462301537405
2026-08-22,continuous,234,2.7178205017920933,0.9,True,0.2808414518518495,23.027071605592347
2026-08-22,continuous,235,2.7178205017920933,0.7899999521,True,0.6718867053849604,23.698958310977307
2026-08-22,continuous,236,2.7178205017920933,0.9075215728,False,-2.7178205017920933,20.981137809185213
2026-08-22,continuous,237,2.7178205017920933,0.61,True,1.6159893377049053,22.59712714689012
2026-08-22,continuous,238,2.7178205017920933,0.8,True,0.6318932666666615,23.229020413556782
2026-08-22,continuous,239,2.7178205017920933,0.8,False,-2.7178205017920933,20.511199911764688
2026-08-22,continuous,240,2.7178205017920933,0.7899995803,True,0.6718882111568281,21.183088122921518
2026-08-22,continuous,241,2.7178205017920933,0.8099999757,True,0.5928876030788363,21.775975726000354
2026-08-22,continuous,242,2.7178205017920933,0.78,True,0.7129052239316185,22.48888094993197
2026-08-22,continuous,243,2.2488880949931973,0.65,True,1.126173961415824,23.615054911347794
2026-08-22,continuous,244,2.2488880949931973,0.7599999763,True,0.6604630105568388,24.275517921904633
2026-08-22,continuous,245,2.2488880949931973,0.9200000000000002,True,0.18186660246466702,24.4573845243693
2026-08-22,continuous,246,2.44573845243693,0.99,True,0.02297511879561993,24.48035964316492
2026-08-22,continuous,247,2.44573845243693,0.5799999954,True,1.6470783751056803,26.127438018270603
2026-08-22,continuous,248,2.44573845243693,0.849999915,True,0.40138910772782405,26.528827125998426
2026-08-22,continuous,249,2.6528827125998427,0.9230531012000001,True,0.20566738851195063,26.734494514510377
2026-08-22,continuous,250,2.6528827125998427,0.77,True,0.7369501457468911,27.47144466025727
2026-08-22,continuous,251,2.6528827125998427,0.7,True,1.0573632525933658,28.528807912850635
2026-08-22,continuous,252,2.8528807912850636,0.96,True,0.1105491306622964,28.63935704351293
2026-08-22,continuous,253,2.8528807912850636,0.9395302349,True,0.1707631251833788,28.810120168696308
2026-08-22,continuous,254,2.8528807912850636,0.85,True,0.46820808280501974,29.27832825150133
2026-08-22,continuous,255,2.927832825150133,0.8899999999,True,0.3365362902458433,29.61486454174717
2026-08-22,continuous,256,2.927832825150133,0.66,True,1.4026980898673818,31.017562631614553
2026-08-22,continuous,257,2.927832825150133,0.9099999999999999,True,0.26929627193963307,31.286858903554187
2026-08-22,continuous,258,3.1286858903554187,0.6199999609,False,-3.1286858903554187,28.15817301319877
2026-08-22,continuous,259,3.1286858903554187,0.9,True,0.3232975420033931,28.48147055520216
2026-08-22,continuous,260,3.1286858903554187,0.8699999965,True,0.4347794664937595,28.91625002169592
2026-08-22,continuous,261,3.1286858903554187,0.6799999637,False,-3.1286858903554187,25.787564131340503
2026-08-22,continuous,262,3.1286858903554187,0.8499999982999998,True,0.5134725735575734,26.301036704898078
2026-08-22,continuous,263,3.1286858903554187,0.78,False,-3.1286858903554187,23.17235081454266
2026-08-22,continuous,264,3.1286858903554187,0.8299999999999998,True,0.5959581195966172,23.768308934139277
2026-08-22,continuous,265,3.1286858903554187,0.8099999757,True,0.6825171408841255,24.450826075023404
2026-08-22,continuous,266,3.1286858903554187,0.51,False,-3.1286858903554187,21.322140184667987
2026-08-22,continuous,267,3.1286858903554187,0.54,False,-3.1286858903554187,18.193454294312566
2026-08-22,continuous,268,1.8193454294312568,0.9299999562,True,0.1273542657454931,18.320808560058058
2026-08-22,continuous,269,1.8193454294312568,0.8799999648,True,0.23072615636838747,18.551534716426445
2026-08-22,continuous,270,1.8193454294312568,0.67,True,0.8333688243170934,19.38490354074354
2026-08-22,continuous,271,1.938490354074354,0.52,False,-1.938490354074354,17.446413186669187
2026-08-22,continuous,272,1.938490354074354,0.87,True,0.2693833147213671,17.715796501390553
2026-08-22,continuous,273,1.938490354074354,0.84,True,0.3433897198646001,18.059186221255153
2026-08-22,continuous,274,1.938490354074354,0.62,False,-1.938490354074354,16.1206958671808
2026-08-22,continuous,275,1.938490354074354,0.6699999196,False,-1.938490354074354,14.182205513106446
2026-08-22,continuous,276,1.4182205513106447,0.8,False,-1.4182205513106447,12.763984961795801
2026-08-22,continuous,277,1.4182205513106447,0.8,False,-1.4182205513106447,11.345764410485156
2026-08-22,continuous,278,1.1345764410485157,0.91,True,0.10435609683050633,11.450120507315662
2026-08-22,continuous,279,1.1345764410485157,0.67,True,0.5197037459071483,11.96982425322281
2026-08-22,continuous,280,1.1345764410485157,0.8,True,0.26378902254377984,12.23361327576659
2026-08-22,continuous,281,1.223361327576659,0.5699999059,True,0.8582848819693564,13.091898157735946
2026-08-24,independent,0,5.0,0.7,True,1.9928571428571429,51.99285714285714
2026-08-24,independent,1,5.0,0.9399999624000002,False,-5.0,46.99285714285714
2026-08-24,independent,2,5.0,0.48,True,5.0375,52.03035714285714
2026-08-24,independent,3,5.0,0.8440578321000001,True,0.8591011814094385,52.88945832426658
2026-08-24,independent,4,5.0,0.859999986,True,0.7569768322065995,53.646435156473174
2026-08-24,independent,5,5.364643515647318,0.9299999907000001,True,0.3755250997417474,54.021960256214925
2026-08-24,independent,6,5.364643515647318,0.7,False,-5.364643515647318,48.65731674056761
2026-08-24,independent,7,5.364643515647318,0.64,False,-5.364643515647318,43.29267322492029
2026-08-24,independent,8,4.329267322492029,0.56,True,3.1634574792209613,46.45613070414125
2026-08-24,independent,9,4.329267322492029,0.6699999625,False,-4.329267322492029,42.12686338164922
2026-08-24,independent,10,4.329267322492029,0.8,True,1.0065546524793965,43.13341803412862
2026-08-24,independent,11,4.329267322492029,0.8499999952999999,True,0.7105091926473633,43.84392722677598
2026-08-24,independent,12,4.329267322492029,0.719999856,False,-4.329267322492029,39.51465990428395
2026-08-24,independent,13,4.329267322492029,0.8,True,1.0065546524793965,40.52121455676335
2026-08-24,independent,14,4.329267322492029,0.8599999991,False,-4.329267322492029,36.19194723427132
2026-08-24,independent,15,4.329267322492029,0.7299999903,True,1.4891494221600257,37.68109665643134
2026-08-24,independent,16,4.329267322492029,0.75,True,1.3420728699725293,39.02316952640387
2026-08-24,independent,17,4.329267322492029,0.4600000000000001,True,4.726430542077165,43.74960006848104
2026-08-24,independent,18,4.374960006848104,0.64,True,2.288650953582415,46.03825102206345
2026-08-24,independent,19,4.374960006848104,0.8800000000000001,True,0.5548244735957364,46.593075495659185
2026-08-24,independent,20,4.374960006848104,0.8299999557,False,-4.374960006848104,42.21811548881108
2026-08-24,independent,21,4.374960006848104,0.6099999802,False,-4.374960006848104,37.843155481962974
2026-08-24,independent,22,3.7843155481962976,0.9,True,0.39104593998028386,38.234201421943254
2026-08-24,independent,23,3.7843155481962976,0.9299999814,True,0.26490216406005324,38.49910358600331
2026-08-24,independent,24,3.7843155481962976,0.64,False,-3.7843155481962976,34.71478803780701
2026-08-24,independent,25,3.7843155481962976,0.7199997408,True,1.3686625496383578,36.08345058744537
2026-08-24,independent,26,3.7843155481962976,0.8201190403,True,0.7719311948938529,36.85538178233922
2026-08-24,independent,27,3.7843155481962976,0.9,True,0.39104593998028386,37.2464277223195
2026-08-24,independent,28,3.7246427722319506,0.649999883,True,1.8651874551797112,39.11161517749921
2026-08-24,independent,29,3.7246427722319506,0.8,False,-3.7246427722319506,35.38697240526726
2026-08-24,independent,30,3.7246427722319506,0.5799999954,True,2.50835430052802,37.89532670579528
2026-08-24,independent,31,3.7246427722319506,0.6899999425,False,-3.7246427722319506,34.170683933563325
2026-08-24,independent,32,3.7246427722319506,0.8299999087,True,0.7094775943624934,34.88016152792582
2026-08-24,independent,33,3.7246427722319506,0.9299999953,True,0.2607250128797001,35.140886540805525
2026-08-24,independent,34,3.7246427722319506,0.7,True,1.4845361906467347,36.62542273145226
2026-08-24,independent,35,3.662542273145226,0.9699999998,True,0.10534528878665377,36.73076802023891
2026-08-24,independent,36,3.662542273145226,0.8299999999999998,True,0.6976481125111578,37.42841613275007
2026-08-24,independent,37,3.662542273145226,0.74,True,1.196760434657454,38.62517656740753
2026-08-24,independent,38,3.862517656740753,0.8199999836,True,0.7885189360746729,39.4136955034822
2026-08-24,independent,39,3.862517656740753,0.919999919,True,0.3123604673110489,39.726055970793254
2026-08-24,independent,40,3.862517656740753,0.77,False,-3.862517656740753,35.863538314052505
2026-08-24,independent,41,3.862517656740753,0.8199999836,True,0.7885189360746729,36.65205725012718
2026-08-24,independent,42,3.862517656740753,0.8799999859,True,0.4898375318729216,37.1418947820001
2026-08-24,independent,43,3.862517656740753,0.9399999999999998,True,0.22928562260227106,37.37118040460237
2026-08-24,independent,44,3.737118040460237,0.8699999999999999,True,0.5193305414846475,37.89051094608702
2026-08-24,independent,45,3.737118040460237,0.62,True,2.1301572830623354,40.02066822914936
2026-08-24,independent,46,3.737118040460237,0.59,False,-3.737118040460237,36.28355018868912
2026-08-24,independent,47,3.737118040460237,0.6372141457,True,1.978721627841803,38.26227181653092
2026-08-24,independent,48,3.737118040460237,0.9200000000000002,True,0.3022191110980883,38.56449092762901
2026-08-24,independent,49,3.737118040460237,0.7,True,1.4895084761262944,40.053999403755306
2026-08-24,independent,50,4.005399940375531,0.69,True,1.6735605837829939,41.7275599875383
2026-08-24,independent,51,4.005399940375531,0.9800000000000001,True,0.07602085601120863,41.80358084354951
2026-08-24,independent,52,4.005399940375531,0.9199999963,True,0.323914967983702,42.127495811533215
2026-08-24,independent,53,4.2127495811533215,0.5299999785,False,-4.2127495811533215,37.91474623037989
2026-08-24,independent,54,4.2127495811533215,0.7199999692,True,1.5236113312910462,39.438357561670934
2026-08-24,independent,55,4.2127495811533215,0.579999985,True,2.8370691167627253,42.27542667843366
2026-08-24,independent,56,4.2127495811533215,0.699999755,True,1.679083577703207,43.95451025613687
2026-08-24,independent,57,4.395451025613688,0.9200000000000002,True,0.3554582133757151,44.30996846951258
2026-08-24,independent,58,4.395451025613688,0.9800000000000001,True,0.08342386640450422,44.393392335917085
2026-08-24,independent,59,4.395451025613688,0.6699999946,False,-4.395451025613688,39.997941310303396
2026-08-24,independent,60,4.395451025613688,0.64,False,-4.395451025613688,35.60249028468971
2026-08-24,independent,61,3.560249028468971,0.5599999993,False,-3.560249028468971,32.042241256220734
2026-08-24,independent,62,3.560249028468971,0.8,True,0.8277578991190355,32.86999915533977
2026-08-24,independent,63,3.560249028468971,0.71,True,1.3523931872930728,34.222392342632844
2026-08-24,independent,64,3.560249028468971,0.9299997985000001,False,-3.560249028468971,30.662143314163874
2026-08-24,independent,65,3.560249028468971,0.66,False,-3.560249028468971,27.101894285694904
2026-08-24,independent,66,2.7101894285694907,0.99,True,0.02545935523807735,27.12735364093298
2026-08-24,independent,67,2.7101894285694907,0.8699999913,False,-2.7101894285694907,24.417164212363488
2026-08-24,independent,68,2.7101894285694907,0.919999998,True,0.21917184670094192,24.63633605906443
2026-08-24,independent,69,2.7101894285694907,0.72,True,0.9801851766659662,25.616521235730396
2026-08-24,independent,70,2.7101894285694907,0.9199999967,False,-2.7101894285694907,22.906331807160903
2026-08-24,independent,71,2.7101894285694907,0.6499999604,True,1.357179711622373,24.263511518783275
2026-08-24,independent,72,2.7101894285694907,0.8699999998999999,True,0.37662287609627765,24.640134394879553
2026-08-24,independent,73,2.7101894285694907,0.68,False,-2.7101894285694907,21.92994496631006
2026-08-24,independent,74,2.7101894285694907,0.9199994480000001,True,0.21917348453497631,22.149118450845037
2026-08-24,independent,75,2.7101894285694907,0.75,True,0.8401587228565423,22.98927717370158
2026-08-24,independent,76,2.7101894285694907,0.8400000000000001,False,-2.7101894285694907,20.279087745132088
2026-08-24,independent,77,2.7101894285694907,0.58,False,-2.7101894285694907,17.568898316562596
2026-08-24,independent,78,1.7568898316562596,0.87486,True,0.23371418282481998,17.802612499387415
2026-08-24,independent,79,1.7568898316562596,0.53,True,1.4489368781451906,19.251549377532605
2026-08-24,independent,80,1.7568898316562596,0.57,True,1.2325969187356811,20.484146296268285
2026-08-24,independent,81,2.0484146296268286,0.85,True,0.33618098921522693,20.82032728548351
2026-08-24,independent,82,2.0484146296268286,0.9200000000000002,True,0.16565440048286503,20.985981685966376
2026-08-24,independent,83,2.0484146296268286,0.78,True,0.5373149143867297,21.523296600353106
2026-08-24,independent,84,2.152329660035311,0.75,True,0.6672221946109465,22.190518794964053
2026-08-24,independent,85,2.152329660035311,0.5871666667,True,1.4073596728561277,23.59787846782018
2026-08-24,independent,86,2.152329660035311,0.96,True,0.08340277432636843,23.68128124214655
2026-08-24,independent,87,2.368128124214655,0.9200000000000002,True,0.1915094917843153,23.872790733930866
2026-08-24,independent,88,2.368128124214655,0.8599999010999999,False,-2.368128124214655,21.504662609716213
2026-08-24,independent,89,2.368128124214655,0.7799999813,True,0.6211782910441904,22.125840900760405
2026-08-24,independent,90,2.368128124214655,0.859999914,True,0.35852383954498346,22.484364740305388
2026-08-24,independent,91,2.368128124214655,0.66,True,1.134548655873748,23.618913396179135
2026-08-24,independent,92,2.3618913396179138,0.8699999983,True,0.32822145661141644,23.94713485279055
2026-08-24,independent,93,2.3618913396179138,0.7880299177,True,0.5908465783715943,24.537981431162144
2026-08-24,independent,94,2.3618913396179138,0.8899999555000001,True,0.27148493693355663,24.809466368095702
2026-08-24,independent,95,2.4809466368095703,0.8,True,0.5768200930582249,25.386286461153926
2026-08-24,independent,96,2.4809466368095703,0.73,True,0.8533776719217573,26.23966413307568
2026-08-24,independent,97,2.4809466368095703,0.9800000000000001,True,0.04708735453536505,26.286751487611046
2026-08-24,independent,98,2.6286751487611046,0.9,True,0.2716297653719807,26.558381252983025
2026-08-24,independent,99,2.6286751487611046,0.9800000000000001,True,0.049891181394853344,26.608272434377877
2026-08-24,independent,100,2.6286751487611046,0.8299999087,True,0.5007154336537691,27.108987868031647
2026-08-24,independent,101,2.710898786803165,0.8699999993,True,0.37672145442873856,27.485709322460387
2026-08-24,independent,102,2.710898786803165,0.8299992198,True,0.5163800820042498,28.002089404464638
2026-08-24,independent,103,2.710898786803165,0.7099998687,True,1.0297603789204102,29.03184978338505
2026-08-24,independent,104,2.903184978338505,0.5599999776,False,-2.903184978338505,26.128664805046544
2026-08-24,independent,105,2.903184978338505,0.55,True,2.2090598426084807,28.337724647655023
2026-08-24,independent,106,2.903184978338505,0.76,True,0.8526195883752029,29.190344236030224
2026-08-24,independent,107,2.903184978338505,0.7899999997,True,0.717711426955458,29.90805566298568
2026-08-24,independent,108,2.9908055662985684,0.8299999912,True,0.5696944452070692,30.47775010819275
2026-08-24,independent,109,2.9908055662985684,0.6099998597,True,1.778304620704833,32.25605472889758
2026-08-24,independent,110,2.9908055662985684,0.7399999911,False,-2.9908055662985684,29.265249162599012
2026-08-24,independent,111,2.9908055662985684,0.9399996992,True,0.17754025602498025,29.442789418623992
2026-08-24,independent,112,2.9908055662985684,0.5005,False,-2.9908055662985684,26.451983852325423
2026-08-24,independent,113,2.9908055662985684,0.9,True,0.30904990851751857,26.761033760842942
2026-08-24,independent,114,2.9908055662985684,0.8100000000000002,True,0.6524386957592058,27.413472456602147
2026-08-24,independent,115,2.9908055662985684,0.6299999181,True,1.6335500903996467,29.047022547001795
2026-08-24,independent,116,2.9047022547001795,0.8199999836,False,-2.9047022547001795,26.142320292301616
2026-08-24,independent,117,2.9047022547001795,0.75,False,-2.9047022547001795,23.237618037601436
2026-08-24,independent,118,2.3237618037601435,0.6099999994,False,-2.3237618037601435,20.913856233841294
2026-08-24,independent,119,2.3237618037601435,0.66,True,1.1132931550741776,22.027149388915472
2026-08-24,independent,120,2.3237618037601435,0.6,True,1.4407323183312892,23.46788170724676
2026-08-24,independent,121,2.3237618037601435,0.9399999996,False,-2.3237618037601435,21.14411990348662
2026-08-24,independent,122,2.3237618037601435,0.759999997,True,0.682452162013047,21.826572065499665
2026-08-24,independent,123,2.3237618037601435,0.71,False,-2.3237618037601435,19.502810261739523
2026-08-24,independent,124,2.3237618037601435,0.859999656,True,0.3518077340573346,19.854617995796858
2026-08-24,independent,125,2.3237618037601435,0.8,True,0.5402746193742332,20.39489261517109
2026-08-24,independent,126,2.3237618037601435,0.9,True,0.2401220530552147,20.635014668226304
2026-08-24,independent,127,2.0635014668226304,0.68,True,0.9030853478329627,21.538100016059268
2026-08-24,independent,128,2.0635014668226304,0.96,True,0.07996068183937706,21.618060697898645
2026-08-24,independent,129,2.0635014668226304,0.8599999869999999,True,0.31240455812709145,21.930465256025737
2026-08-24,independent,130,2.1930465256025737,0.97,True,0.06307834851990905,21.993543604545646
2026-08-24,independent,131,2.1930465256025737,0.7799999436,False,-2.1930465256025737,19.800497078943074
2026-08-24,independent,132,2.1930465256025737,0.8299999999999998,True,0.41773572975634615,20.21823280869942
2026-08-24,independent,133,2.1930465256025737,0.82,True,0.447702424860818,20.665935233560237
2026-08-24,independent,134,2.1930465256025737,0.9399999981,True,0.13018297899051545,20.796118212550752
2026-08-24,independent,135,2.0796118212550754,0.7099999915,False,-2.0796118212550754,18.716506391295678
2026-08-24,independent,136,2.0796118212550754,0.58,False,-2.0796118212550754,16.636894570040603
2026-08-24,independent,137,1.6636894570040603,0.6299999767,False,-1.6636894570040603,14.973205113036542
2026-08-24,independent,138,1.6636894570040603,0.9399999624,True,0.09875950381923036,15.071964616855773
2026-08-24,independent,139,1.6636894570040603,0.94,True,0.09875943797960271,15.170724054835375
2026-08-24,independent,140,1.6636894570040603,0.9,True,0.1719145772237528,15.342638632059128
2026-08-24,independent,141,1.534263863205913,0.9,True,0.15854059919794425,15.501179231257073
2026-08-24,independent,142,1.534263863205913,0.719999856,True,0.5548924935443822,16.056071724801456
2026-08-24,independent,143,1.534263863205913,0.6699999976,True,0.7027844548194843,16.75885617962094
2026-08-24,independent,144,1.675885617962094,0.88,True,0.21253276700519302,16.97138894662613
2026-08-24,independent,145,1.675885617962094,0.68,True,0.7334464116257633,17.704835358251895
2026-08-24,independent,146,1.675885617962094,0.7399998964,False,-1.675885617962094,16.0289497402898
2026-08-24,independent,147,1.675885617962094,0.4,True,2.3378604370571203,18.36681017734692
2026-08-24,independent,148,1.675885617962094,0.889999911,True,0.19263287030887663,18.559443047655797
2026-08-24,independent,149,1.675885617962094,0.76,True,0.4921811446436044,19.051624192299403
2026-08-24,independent,150,1.9051624192299403,0.9699999981,True,0.05479797419283849,19.10642216649224
2026-08-24,independent,151,1.9051624192299403,0.48,False,-1.9051624192299403,17.2012597472623
2026-08-24,independent,152,1.9051624192299403,0.3299999312,False,-1.9051624192299403,15.296097328032358
2026-08-24,independent,153,1.5296097328032359,0.9099999993,True,0.14069047882405503,15.436787806856413
2026-08-24,independent,154,1.5296097328032359,0.95,True,0.07487037113194786,15.51165817798836
2026-08-24,independent,155,1.5296097328032359,0.84,True,0.2709594383822877,15.782617616370649
2026-08-24,independent,156,1.5782617616370649,0.7699999969,True,0.4384288269135405,16.22104644328419
2026-08-24,independent,157,1.5782617616370649,0.6899999586,True,0.6594390636912718,16.880485506975464
2026-08-24,independent,158,1.5782617616370649,0.92,True,0.12763334246282332,17.008118849438286
2026-08-24,independent,159,1.7008118849438287,0.97,True,0.04892025937106474,17.057039108809352
2026-08-24,independent,160,1.7008118849438287,0.4799999827,True,1.7135680928498458,18.7706072016592
2026-08-24,independent,161,1.7008118849438287,0.63,True,0.9289672533478911,19.69957445500709
2026-08-24,independent,162,1.9699574455007092,0.5,True,1.832060424315659,21.531634879322752
2026-08-24,independent,163,1.9699574455007092,0.4299999939,True,2.4285452740688855,23.960180153391637
2026-08-24,independent,164,1.9699574455007092,0.6099998597,True,1.1713180112411499,25.131498164632788
2026-08-24,independent,165,2.513149816463279,0.7099999976,False,-2.513149816463279,22.61834834816951
2026-08-24,independent,166,2.513149816463279,0.6,False,-2.513149816463279,20.10519853170623
2026-08-24,independent,167,2.010519853170623,0.899999595,True,0.20775465305311663,20.312953184759344
2026-08-24,independent,168,2.010519853170623,0.9399999864999999,True,0.11934790921297263,20.432301093972317
2026-08-24,independent,169,2.010519853170623,0.8199999836,True,0.41044031806881986,20.842741412041136
2026-08-24,independent,170,2.0842741412041135,0.9399999996,True,0.12372606160003188,20.966467473641167
2026-08-24,independent,171,2.0842741412041135,0.73,False,-2.0842741412041135,18.882193332437055
2026-08-24,independent,172,2.0842741412041135,0.7,False,-2.0842741412041135,16.797919191232943
2026-08-24,independent,173,1.6797919191232944,0.81,True,0.36644349643097024,17.164362687663914
2026-08-24,independent,174,1.6797919191232944,0.83,True,0.3199700029077022,17.484332690571616
2026-08-24,independent,175,1.6797919191232944,0.479999952,False,-1.6797919191232944,15.804540771448321
2026-08-24,independent,176,1.6797919191232944,0.8,False,-1.6797919191232944,14.124748852325027
2026-08-24,independent,177,1.4124748852325029,0.81,False,-1.4124748852325029,12.712273967092525
2026-08-24,independent,178,1.4124748852325029,0.8699999913,True,0.19628531811566205,12.908559285208186
2026-08-24,independent,179,1.4124748852325029,0.79,True,0.34918524694418696,13.257744532152373
2026-08-24,independent,180,1.4124748852325029,0.7399999905,False,-1.4124748852325029,11.84526964691987
2026-08-24,independent,181,1.4124748852325029,0.6916996014,True,0.5854910273201047,12.430760674239975
2026-08-24,independent,182,1.4124748852325029,0.6099994621,True,0.8398455724804689,13.270606246720444
2026-08-24,independent,183,1.4124748852325029,0.69,False,-1.4124748852325029,11.858131361487942
2026-08-24,independent,184,1.4124748852325029,0.62,False,-1.4124748852325029,10.44565647625544
2026-08-24,independent,185,1.044565647625544,0.699999972,True,0.416334077921958,10.861990554177398
2026-08-24,independent,186,1.044565647625544,0.73,False,-1.044565647625544,9.817424906551853
2026-08-24,independent,187,1.044565647625544,0.72,True,0.3777845758912386,10.195209482443092
2026-08-24,independent,188,1.044565647625544,0.759999999,False,-1.044565647625544,9.150643834817547
2026-08-24,independent,189,1.044565647625544,0.92,True,0.0844735697645004,9.235117404582047
2026-08-24,independent,190,1.044565647625544,0.61,True,0.6210884596619423,9.85620586424399
2026-08-24,independent,191,1.044565647625544,0.9,True,0.1079384502546395,9.964144314498629
2026-08-24,independent,192,0.996414431449863,0.85,True,0.1635291919850071,10.127673506483637
2026-08-24,independent,193,0.996414431449863,0.86,True,0.15085251043578157,10.278526016919418
2026-08-24,independent,194,0.996414431449863,0.6,False,-0.996414431449863,9.282111585469556
2026-08-24,independent,195,0.996414431449863,0.91,True,0.09164822847511375,9.37375981394467
2026-08-24,independent,196,0.996414431449863,0.5699999555,True,0.6990635148802414,10.072823328824912
2026-08-24,independent,197,0.996414431449863,0.8299999975,True,0.18979894506431824,10.26262227388923
2026-08-24,independent,198,1.026262227388923,0.6435586218,True,0.5286172053492826,10.791239479238513
2026-08-24,independent,199,1.026262227388923,0.8199999836,False,-1.026262227388923,9.76497725184959
2026-08-24,independent,200,1.026262227388923,0.9199999985,True,0.08299338181941511,9.847970633669005
2026-08-24,independent,201,1.026262227388923,0.74,True,0.3353381170035698,10.183308750672575
2026-08-24,independent,202,1.026262227388923,0.93,True,0.07183835591722444,10.2551471065898
2026-08-24,independent,203,1.02551471065898,0.74,True,0.3350938608612722,10.590240967451072
2026-08-24,independent,204,1.02551471065898,0.91,True,0.09432481459577649,10.684565782046848
2026-08-24,independent,205,1.02551471065898,0.899999892,True,0.10596998059860085,10.79053576264545
2026-08-24,independent,206,1.079053576264545,0.64,False,-1.079053576264545,9.711482186380904
2026-08-24,independent,207,1.079053576264545,0.8799996128,True,0.13684411438640998,9.848326300767313
2026-08-24,independent,208,1.079053576264545,0.98,True,0.02047999644747006,9.868806297214784
2026-08-24,independent,209,1.079053576264545,0.75,False,-1.079053576264545,8.789752720950238
2026-08-24,independent,210,1.079053576264545,0.75,False,-1.079053576264545,7.710699144685693
2026-08-24,independent,211,0.7710699144685693,0.95,True,0.0377418431818826,7.748440987867576
2026-08-24,independent,212,0.7710699144685693,0.53,False,-0.7710699144685693,6.977371073399007
2026-08-24,independent,213,0.7710699144685693,0.61,False,-0.7710699144685693,6.2063011589304375
2026-08-24,independent,214,0.6206301158930438,0.61,True,0.3690205623514869,6.575321721281925
2026-08-24,independent,215,0.6206301158930438,0.7099999702,False,-0.6206301158930438,5.954691605388881
2026-08-24,independent,216,0.6206301158930438,0.8699999913,True,0.08624619170497592,6.040937797093856
2026-08-24,independent,217,0.6206301158930438,0.5699994984,False,-0.6206301158930438,5.420307681200812
2026-08-24,independent,218,0.6206301158930438,0.9099999993,True,0.05708433092773296,5.477392012128545
2026-08-24,independent,219,0.6206301158930438,0.63,True,0.338982258537772,5.8163742706663175
2026-08-24,independent,220,0.6206301158930438,0.8,True,0.14429650194513266,5.96067077261145
2026-08-24,independent,221,0.596067077261145,0.7,False,-0.596067077261145,5.364603695350305
2026-08-24,independent,222,0.596067077261145,0.7,False,-0.596067077261145,4.76853661808916
2026-08-24,independent,223,0.4768536618089161,0.71,True,0.18113722899980944,4.94967384708897
2026-08-24,independent,224,0.4768536618089161,0.96,True,0.018478079395095527,4.968151926484066
2026-08-24,independent,225,0.4768536618089161,0.8199999836,True,0.09734794128815956,5.065499867772226
2026-08-24,independent,226,0.5065499867772226,0.7299999994,True,0.1742393178999439,5.239739185672169
2026-08-24,independent,227,0.5065499867772226,0.81,True,0.11050294155991996,5.3502421272320895
2026-08-24,independent,228,0.5065499867772226,0.75,False,-0.5065499867772226,4.843692140454867
2026-08-24,independent,229,0.5065499867772226,0.86,False,-0.5065499867772226,4.337142153677645
2026-08-24,independent,230,0.4337142153677645,0.77,True,0.12048242943787636,4.457624583115521
2026-08-24,independent,231,0.4337142153677645,0.8699999913,True,0.06027132490977577,4.517895908025297
2026-08-24,independent,232,0.4337142153677645,0.63,False,-0.4337142153677645,4.084181692657532
2026-08-24,independent,233,0.4337142153677645,0.8,True,0.10083855507300521,4.185020247730537
2026-08-24,independent,234,0.4337142153677645,0.5699999776,False,-0.4337142153677645,3.7513060323627725
2026-08-24,independent,235,0.4337142153677645,0.7290196078,True,0.14992886836075725,3.9012349007235296
2026-08-24,independent,236,0.4337142153677645,0.96,True,0.016806425845500902,3.9180413265690306
2026-08-24,independent,237,0.4337142153677645,0.87,True,0.06027132027352037,3.978312646842551
2026-08-24,independent,238,0.3978312646842551,0.899999595,True,0.04110941567566099,4.0194220625182115
2026-08-24,independent,239,0.3978312646842551,0.7299999087,True,0.13684311895266862,4.15626518147088
2026-08-24,independent,240,0.3978312646842551,0.92,True,0.03217244140490059,4.188437622875781
2026-08-24,independent,241,0.4188437622875781,0.8899999986,True,0.04814350280309525,4.236581125678876
2026-08-24,independent,242,0.4188437622875781,0.5899999543,True,0.27068670632527925,4.507267832004156
2026-08-24,independent,243,0.4188437622875781,0.6799999946,True,0.18330574522068765,4.690573577224844
2026-08-24,independent,244,0.46905735772248436,0.595,True,0.2969251324137375,4.987498709638581
2026-08-24,independent,245,0.46905735772248436,0.92,True,0.03793246458103564,5.025431174219617
2026-08-24,independent,246,0.46905735772248436,0.6699998831,False,-0.46905735772248436,4.556373816497132
2026-08-24,independent,247,0.46905735772248436,0.5799998231,True,0.3158860982320042,4.8722599147291366
2026-08-24,independent,248,0.46905735772248436,0.8099999766,True,0.10232400952045802,4.974583924249594
2026-08-24,independent,249,0.46905735772248436,0.7599999088,True,0.13775480867166567,5.11233873292126
2026-08-24,independent,250,0.511233873292126,0.78,True,0.13410057753278076,5.246439310454041
2026-08-24,independent,251,0.511233873292126,0.92,True,0.041343261057537085,5.287782571511578
2026-08-24,independent,252,0.511233873292126,0.9,True,0.05282750024018632,5.3406100717517635
2026-08-24,independent,253,0.5340610071751763,0.64,False,-0.5340610071751763,4.806549064576587
2026-08-24,independent,254,0.5340610071751763,0.91,True,0.04912187505556292,4.85567093963215
2026-08-24,independent,255,0.5340610071751763,0.94,True,0.03170277042593068,4.88737371005808
2026-08-24,independent,256,0.5340610071751763,0.85,False,-0.5340610071751763,4.353312702882904
2026-08-24,independent,257,0.5340610071751763,0.8,True,0.12416918416822846,4.477481887051132
2026-08-24,independent,258,0.5340610071751763,0.4499999022,False,-0.5340610071751763,3.943420879875956
2026-08-24,independent,259,0.5340610071751763,0.58,True,0.35966246448728256,4.303083344363238
2026-08-24,independent,260,0.5340610071751763,0.81,True,0.11650441971339949,4.4195877640766374
2026-08-24,independent,261,0.5340610071751763,0.6199998512,True,0.30441496635185916,4.724002730428497
2026-08-24,independent,262,0.4724002730428497,0.73,True,0.16249275145350617,4.886495481882003
2026-08-24,independent,263,0.4724002730428497,0.8699999913,True,0.06564735333816443,4.952142835220167
2026-08-24,independent,264,0.4724002730428497,0.9399999807,True,0.028042493889493227,4.98018532910966
2026-08-24,independent,265,0.49801853291096604,0.91,True,0.04580675956554709,5.025992088675207
2026-08-24,independent,266,0.49801853291096604,0.7799999813,True,0.13063410633010475,5.156626195005312
2026-08-24,independent,267,0.49801853291096604,0.85,True,0.0817336298130351,5.238359824818347
2026-08-24,independent,268,0.5238359824818347,0.69,True,0.2188723387674101,5.457232163585757
2026-08-24,independent,269,0.5238359824818347,0.9399999996,True,0.031095795776374138,5.488327959362131
2026-08-24,independent,270,0.5238359824818347,0.6199998512,False,-0.5238359824818347,4.964491976880296
2026-08-24,independent,271,0.5238359824818347,0.6199999297,False,-0.5238359824818347,4.440655994398462
2026-08-24,independent,272,0.4440655994398462,0.95,True,0.021735842498897734,4.46239183689736
2026-08-24,independent,273,0.4440655994398462,0.5399999784,True,0.3517986665918651,4.8141905034892245
2026-08-24,independent,274,0.4440655994398462,0.51,True,0.3967856738524273,5.210976177341652
2026-08-24,independent,275,0.5210976177341652,0.92,True,0.042140937781980255,5.253117115123632
2026-08-24,independent,276,0.5210976177341652,0.88,False,-0.5210976177341652,4.732019497389467
2026-08-24,independent,277,0.5210976177341652,0.599999985,False,-0.5210976177341652,4.210921879655301
2026-08-24,independent,278,0.42109218796553016,0.4899999275,True,0.40760016876572236,4.618522048421024
2026-08-24,independent,279,0.42109218796553016,0.859999914,True,0.06375144422638307,4.682273492647407
2026-08-24,independent,280,0.42109218796553016,0.9199999939,True,0.03405354497958479,4.716327037626992
2026-08-24,independent,281,0.4716327037626992,0.77,False,-0.4716327037626992,4.244694333864293
2026-08-24,independent,282,0.4716327037626992,0.6,True,0.2924122763328736,4.537106610197166
2026-08-24,independent,283,0.4716327037626992,0.5899999262,False,-0.4716327037626992,4.065473906434467
2026-08-24,independent,284,0.4716327037626992,0.3699999272,False,-0.4716327037626992,3.5938412026717677
2026-08-24,independent,285,0.3593841202671768,0.66,True,0.17217766489163833,3.766018867563406
2026-08-24,independent,286,0.3593841202671768,0.6699999839,True,0.16461939483795113,3.930638262401357
2026-08-24,independent,287,0.3593841202671768,0.689999999,True,0.15016006138755703,4.0807983237889145
2026-08-24,continuous,0,1.223361327576659,0.7,True,0.4875968719912684,13.579495029727214
2026-08-24,continuous,1,1.223361327576659,0.9399999624,False,-1.223361327576659,12.356133702150554
2026-08-24,continuous,2,1.223361327576659,0.48,True,1.2325365375334838,13.588670239684038
2026-08-24,continuous,3,1.223361327576659,0.8440578321,True,0.21019823236234564,13.798868472046385
2026-08-24,continuous,4,1.223361327576659,0.859999986,True,0.18521123647860788,13.984079708524993
2026-08-24,continuous,5,1.3984079708524995,0.9299999907,True,0.09788857194375498,14.081968280468748
2026-08-24,continuous,6,1.3984079708524995,0.7,False,-1.3984079708524995,12.683560309616249
2026-08-24,continuous,7,1.3984079708524995,0.64,False,-1.3984079708524995,11.28515233876375
2026-08-24,continuous,8,1.128515233876375,0.56,True,0.8246222030396655,12.109774541803414
2026-08-24,continuous,9,1.128515233876375,0.6699999625,False,-1.128515233876375,10.98125930792704
2026-08-24,continuous,10,1.128515233876375,0.8,True,0.26237979187625715,11.243639099803296
2026-08-24,continuous,11,1.128515233876375,0.8499999953,True,0.1852092716811506,11.428848371484447
2026-08-24,continuous,12,1.128515233876375,0.719999856,False,-1.128515233876375,10.300333137608073
2026-08-24,continuous,13,1.128515233876375,0.8,True,0.26237979187625715,10.56271292948433
2026-08-24,continuous,14,1.128515233876375,0.8599999991,False,-1.128515233876375,9.434197695607956
2026-08-24,continuous,15,1.128515233876375,0.7299999903,True,0.3881783413315393,9.822376036939495
2026-08-24,continuous,16,1.128515233876375,0.75,True,0.34983972250167633,10.17221575944117
2026-08-24,continuous,17,1.128515233876375,0.46,True,1.232044240114599,11.40425999955577
2026-08-24,continuous,18,1.140425999955577,0.64,True,0.5965853512267613,12.00084535078253
2026-08-24,continuous,19,1.140425999955577,0.88,True,0.1446267518125483,12.145472102595079
2026-08-24,continuous,20,1.140425999955577,0.8299999557,False,-1.140425999955577,11.005046102639502
2026-08-24,continuous,21,1.140425999955577,0.6099999802,False,-1.140425999955577,9.864620102683926
2026-08-24,continuous,22,0.9864620102683926,0.9,True,0.10193440772773385,9.96655451041166
2026-08-24,continuous,23,0.9864620102683926,0.9299999814,True,0.06905236044802807,10.035606870859688
2026-08-24,continuous,24,0.9864620102683926,0.64,False,-0.9864620102683926,9.049144860591296
2026-08-24,continuous,25,0.9864620102683926,0.7199997408,True,0.35677088575206856,9.405915746343364
2026-08-24,continuous,26,0.9864620102683926,0.8201190403,True,0.2012202176604469,9.607135964003811
2026-08-24,continuous,27,0.9864620102683926,0.9,True,0.10193440772773385,9.709070371731546
2026-08-24,continuous,28,0.9709070371731546,0.649999883,True,0.48620062019958327,10.195270991931128
2026-08-24,continuous,29,0.9709070371731546,0.8,False,-0.9709070371731546,9.224363954757974
2026-08-24,continuous,30,0.9709070371731546,0.5799999954,True,0.6538556825536391,9.878219637311613
2026-08-24,continuous,31,0.9709070371731546,0.6899999425,False,-0.9709070371731546,8.907312600138459
2026-08-24,continuous,32,0.9709070371731546,0.8299999087,True,0.18494036373599607,9.092252963874454
2026-08-24,continuous,33,0.9709070371731546,0.9299999953,True,0.06796349750885534,9.16021646138331
2026-08-24,continuous,34,0.9709070371731546,0.7,True,0.38697580481615734,9.547192266199467
2026-08-24,continuous,35,0.9547192266199467,0.9699999998,True,0.027460481036872677,9.574652747236339
2026-08-24,continuous,36,0.9547192266199467,0.83,True,0.18185675870917298,9.756509505945512
2026-08-24,continuous,37,0.9547192266199467,0.74,True,0.31196095810365293,10.068470464049165
2026-08-24,continuous,38,1.0068470464049166,0.8199999836,True,0.20554416377504692,10.274014627824211
2026-08-24,continuous,39,1.0068470464049166,0.919999919,True,0.08142337249305107,10.355438000317262
2026-08-24,continuous,40,1.0068470464049166,0.77,False,-1.0068470464049166,9.348590953912346
2026-08-24,continuous,41,1.0068470464049166,0.8199999836,True,0.20554416377504692,9.554135117687393
2026-08-24,continuous,42,1.0068470464049166,0.8799999859,True,0.12768652884312956,9.681821646530523
2026-08-24,continuous,43,1.0068470464049166,0.94,True,0.05976815445680249,9.741589800987326
2026-08-24,continuous,44,0.9741589800987326,0.87,True,0.13537450654475489,9.87696430753208
2026-08-24,continuous,45,0.9741589800987326,0.62,True,0.5552706186562776,10.43223492618836
2026-08-24,continuous,46,0.9741589800987326,0.59,False,-0.9741589800987326,9.458075946089627
2026-08-24,continuous,47,0.9741589800987326,0.6372141457,True,0.5157957072825793,9.973871653372207
2026-08-24,continuous,48,0.9741589800987326,0.92,True,0.07877981317320175,10.05265146654541
2026-08-24,continuous,49,0.9741589800987326,0.7,True,0.3882719363536377,10.440923402899047
2026-08-24,continuous,50,1.0440923402899047,0.69,True,0.43624901696460805,10.877172419863655
2026-08-24,continuous,51,1.0440923402899047,0.98,True,0.01981644645856362,10.896988866322218
2026-08-24,continuous,52,1.0440923402899047,0.9199999963,True,0.08443529785076218,10.98142416417298
2026-08-24,continuous,53,1.098142416417298,0.5299999785,False,-1.098142416417298,9.883281747755682
2026-08-24,continuous,54,1.098142416417298,0.7199999692,True,0.397161567948378,10.28044331570406
2026-08-24,continuous,55,1.098142416417298,0.579999985,True,0.7395421625255443,11.019985478229604
2026-08-24,continuous,56,1.098142416417298,0.699999755,True,0.4376887023227252,11.45767418055233
2026-08-24,continuous,57,1.145767418055233,0.92,True,0.09265771293837959,11.550331893490709
2026-08-24,continuous,58,1.145767418055233,0.98,True,0.021746197934517823,11.572078091425226
2026-08-24,continuous,59,1.145767418055233,0.6699999946,False,-1.145767418055233,10.426310673369994
2026-08-24,continuous,60,1.145767418055233,0.64,False,-1.145767418055233,9.280543255314761
2026-08-24,continuous,61,0.9280543255314762,0.5599999993,False,-0.9280543255314762,8.352488929783284
2026-08-24,continuous,62,0.9280543255314762,0.8,True,0.21577263068606814,8.568261560469352
2026-08-24,continuous,63,0.9280543255314762,0.71,True,0.3525299318251256,8.920791492294478
2026-08-24,continuous,64,0.9280543255314762,0.9299997985,False,-0.9280543255314762,7.9927371667630025
2026-08-24,continuous,65,0.9280543255314762,0.66,False,-0.9280543255314762,7.064682841231527
2026-08-24,continuous,66,0.7064682841231527,0.99,True,0.006636520244793334,7.07131936147632
2026-08-24,continuous,67,0.7064682841231527,0.8699999913,False,-0.7064682841231527,6.364851077353167
2026-08-24,continuous,68,0.7064682841231527,0.919999998,True,0.05713178452941005,6.421982861882578
2026-08-24,continuous,69,0.7064682841231527,0.72,True,0.2555060294245403,6.677488891307118
2026-08-24,continuous,70,0.7064682841231527,0.9199999967,False,-0.7064682841231527,5.9710206071839655
2026-08-24,continuous,71,0.7064682841231527,0.6499999604,True,0.35377764078383817,6.324798247967804
2026-08-24,continuous,72,0.7064682841231527,0.8699999999,True,0.09817473060460717,6.422972978572411
2026-08-24,continuous,73,0.7064682841231527,0.68,False,-0.7064682841231527,5.716504694449259
2026-08-24,continuous,74,0.7064682841231527,0.919999448,True,0.05713221146554528,5.773636905914804
2026-08-24,continuous,75,0.7064682841231527,0.75,True,0.21900516807817735,5.9926420739929815
2026-08-24,continuous,76,0.7064682841231527,0.84,False,-0.7064682841231527,5.286173789869829
2026-08-24,continuous,77,0.7064682841231527,0.58,False,-0.7064682841231527,4.579705505746676
2026-08-24,continuous,78,0.4579705505746676,0.87486,True,0.06092255248838669,4.6406280582350625
2026-08-24,continuous,79,0.4579705505746676,0.53,True,0.37769608991733433,5.018324148152397
2026-08-24,continuous,80,0.4579705505746676,0.57,True,0.32130249679791156,5.339626644950308
2026-08-24,continuous,81,0.5339626644950308,0.85,True,0.08763269611418456,5.4272593410644925
2026-08-24,continuous,82,0.5339626644950308,0.92,True,0.04318132852003287,5.470440669584526
2026-08-24,continuous,83,0.5339626644950308,0.78,True,0.1400625143021581,5.610503183886683
2026-08-24,continuous,84,0.5610503183886684,0.75,True,0.1739255987004872,5.78442878258717
2026-08-24,continuous,85,0.5610503183886684,0.5871666667,True,0.36685811063457097,6.151286893221741
2026-08-24,continuous,86,0.5610503183886684,0.96,True,0.021740699837560933,6.1730275930593015
2026-08-24,continuous,87,0.6173027593059301,0.92,True,0.04992100575256646,6.222948598811868
2026-08-24,continuous,88,0.6173027593059301,0.8599999011,False,-0.6173027593059301,5.605645839505938
2026-08-24,continuous,89,0.6173027593059301,0.7799999813,True,0.16192327989419344,5.7675691194001315
2026-08-24,continuous,90,0.6173027593059301,0.859999914,True,0.09345683333813312,5.861025952738265
2026-08-24,continuous,91,0.6173027593059301,0.66,True,0.29574414014020467,6.156770092878469
2026-08-24,continuous,92,0.615677009287847,0.8699999983,True,0.0855578753353269,6.242327968213796
2026-08-24,continuous,93,0.615677009287847,0.7880299177,True,0.1540166764736215,6.396344644687417
2026-08-24,continuous,94,0.615677009287847,0.8899999555,True,0.07076829963947091,6.467112944326888
2026-08-24,continuous,95,0.6467112944326888,0.8,True,0.15036037595560012,6.617473320282488
2026-08-24,continuous,96,0.6467112944326888,0.73,True,0.22245096716718915,6.839924287449677
2026-08-24,continuous,97,0.6467112944326888,0.98,True,0.012274316404538863,6.852198603854216
2026-08-24,continuous,98,0.6852198603854216,0.9,True,0.07080605223982686,6.923004656094043
2026-08-24,continuous,99,0.6852198603854216,0.98,True,0.013005193268539715,6.936009849362582
2026-08-24,continuous,100,0.6852198603854216,0.8299999087,True,0.13052208436739118,7.066531933729974
2026-08-24,continuous,101,0.7066531933729974,0.8699999993,True,0.0982004271351343,7.164732360865108
2026-08-24,continuous,102,0.7066531933729974,0.8299992198,True,0.13460540678201588,7.299337767647124
2026-08-24,continuous,103,0.7066531933729974,0.7099998687,True,0.26842885603679006,7.567766623683914
2026-08-24,continuous,104,0.7567766623683915,0.5599999776,False,-0.7567766623683915,6.8109899613155225
2026-08-24,continuous,105,0.7567766623683915,0.55,True,0.5758382421839489,7.386828203499471
2026-08-24,continuous,106,0.7567766623683915,0.76,True,0.22225335663240128,7.609081560131872
2026-08-24,continuous,107,0.7567766623683915,0.7899999997,True,0.18708668661748543,7.796168246749358
2026-08-24,continuous,108,0.7796168246749358,0.8299999912,True,0.14850292490158692,7.944671171650945
2026-08-24,continuous,109,0.7796168246749358,0.6099998597,True,0.46355276896668235,8.408223940617628
2026-08-24,continuous,110,0.7796168246749358,0.7399999911,False,-0.7796168246749358,7.6286071159426925
2026-08-24,continuous,111,0.7796168246749358,0.9399996992,True,0.04627962854351348,7.674886744486206
2026-08-24,continuous,112,0.7796168246749358,0.5005,False,-0.7796168246749358,6.89526991981127
2026-08-24,continuous,113,0.7796168246749358,0.9,True,0.08056040521640999,6.97583032502768
2026-08-24,continuous,114,0.7796168246749358,0.81,True,0.1700719665679766,7.1459022915956565
2026-08-24,continuous,115,0.7796168246749358,0.6299999181,True,0.42581943432751074,7.571721725923167
2026-08-24,continuous,116,0.7571721725923167,0.8199999836,False,-0.7571721725923167,6.81454955333085
2026-08-24,continuous,117,0.7571721725923167,0.75,False,-0.7571721725923167,6.057377380738533
2026-08-24,continuous,118,0.6057377380738533,0.6099999994,False,-0.6057377380738533,5.45163964266468
2026-08-24,continuous,119,0.6057377380738533,0.66,True,0.2902034436044733,5.741843086269153
2026-08-24,continuous,120,0.6057377380738533,0.6,True,0.37555739760578916,6.117400483874942
2026-08-24,continuous,121,0.6057377380738533,0.9399999996,False,-0.6057377380738533,5.511662745801089
2026-08-24,continuous,122,0.6057377380738533,0.759999997,True,0.17789561231813045,5.6895583581192195
2026-08-24,continuous,123,0.6057377380738533,0.71,False,-0.6057377380738533,5.083820620045366
2026-08-24,continuous,124,0.6057377380738533,0.859999656,True,0.09170613817644707,5.175526758221814
2026-08-24,continuous,125,0.6057377380738533,0.8,True,0.14083402410217086,5.316360782323985
2026-08-24,continuous,126,0.6057377380738533,0.9,True,0.06259289960096481,5.3789536819249495
2026-08-24,continuous,127,0.537895368192495,0.68,True,0.2354083258442448,5.614362007769194
2026-08-24,continuous,128,0.537895368192495,0.96,True,0.020843445517459213,5.635205453286654
2026-08-24,continuous,129,0.537895368192495,0.859999987,True,0.08143486569822225,5.716640318984876
2026-08-24,continuous,130,0.5716640318984876,0.97,True,0.016442707721616285,5.733083026706492
2026-08-24,continuous,131,0.5716640318984876,0.7799999436,False,-0.5716640318984876,5.161418994808004
2026-08-24,continuous,132,0.5716640318984876,0.83,True,0.10889166679897698,5.270310661606981
2026-08-24,continuous,133,0.5716640318984876,0.82,True,0.11670312065830098,5.387013782265282
2026-08-24,continuous,134,0.5716640318984876,0.9399999981,True,0.03393495112185358,5.420948733387136
2026-08-24,continuous,135,0.5420948733387136,0.7099999915,False,-0.5420948733387136,4.878853860048422
2026-08-24,continuous,136,0.5420948733387136,0.58,False,-0.5420948733387136,4.336758986709708
2026-08-24,continuous,137,0.43367589867097084,0.6299999767,False,-0.43367589867097084,3.9030830880387373
2026-08-24,continuous,138,0.43367589867097084,0.9399999624,True,0.02574375667934486,3.928826844718082
2026-08-24,continuous,139,0.43367589867097084,0.94,True,0.025743739516851244,3.9545705842349332
2026-08-24,continuous,140,0.43367589867097084,0.9,True,0.044813176196000296,3.9993837604309337
2026-08-24,continuous,141,0.3999383760430934,0.9,True,0.04132696552445296,4.040710725955386
2026-08-24,continuous,142,0.3999383760430934,0.719999856,True,0.14464448265301985,4.1853552086084065
2026-08-24,continuous,143,0.3999383760430934,0.6699999976,True,0.18319565513426483,4.368550863742671
2026-08-24,continuous,144,0.4368550863742671,0.88,True,0.05540116777200938,4.4239520315146805
2026-08-24,continuous,145,0.4368550863742671,0.68,True,0.19118834368379684,4.615140375198477
2026-08-24,continuous,146,0.4368550863742671,0.7399998964,False,-0.4368550863742671,4.17828528882421
2026-08-24,continuous,147,0.4368550863742671,0.4,True,0.6094128454921024,4.787698134316312
2026-08-24,continuous,148,0.4368550863742671,0.889999911,True,0.050213838161364724,4.837911972477676
2026-08-24,continuous,149,0.4368550863742671,0.76,True,0.12829744115623212,4.9662094136339086
2026-08-24,continuous,150,0.49662094136339086,0.9699999981,True,0.014284252751245207,4.980493666385153
2026-08-24,continuous,151,0.49662094136339086,0.48,False,-0.49662094136339086,4.4838727250217625
2026-08-24,continuous,152,0.49662094136339086,0.3299999312,False,-0.49662094136339086,3.9872517836583716
2026-08-24,continuous,153,0.3987251783658372,0.9099999993,True,0.03667395353237629,4.023925737190748
2026-08-24,continuous,154,0.3987251783658372,0.95,True,0.019516548204222557,4.0434422853949705
2026-08-24,continuous,155,0.3987251783658372,0.84,True,0.07063131731051979,4.11407360270549
2026-08-24,continuous,156,0.411407360270549,0.7699999969,True,0.11428576091200482,4.228359363617495
2026-08-24,continuous,157,0.411407360270549,0.6899999586,True,0.17189676075729188,4.4002561243747875
2026-08-24,continuous,158,0.411407360270549,0.92,True,0.03327033435231392,4.433526458727101
2026-08-24,continuous,159,0.44335264587271017,0.97,True,0.012752101876132585,4.446278560603234
2026-08-24,continuous,160,0.44335264587271017,0.4799999827,True,0.44667782167639514,4.892956382279628
2026-08-24,continuous,161,0.44335264587271017,0.63,True,0.2421549927695231,5.135111375049151
2026-08-24,continuous,162,0.5135111375049152,0.5,True,0.47756535787957094,5.612676732928722
2026-08-24,continuous,163,0.5135111375049152,0.4299999939,True,0.6330517692235349,6.245728502152256
2026-08-24,continuous,164,0.5135111375049152,0.6099998597,True,0.3053288514968692,6.551057353649125
2026-08-24,continuous,165,0.6551057353649126,0.7099999976,False,-0.6551057353649126,5.895951618284212
2026-08-24,continuous,166,0.6551057353649126,0.6,False,-0.6551057353649126,5.2408458829193
2026-08-24,continuous,167,0.5240845882919299,0.899999595,True,0.05415565115627594,5.295001534075576
2026-08-24,continuous,168,0.5240845882919299,0.9399999865,True,0.031110560666557725,5.326112094742133
2026-08-24,continuous,169,0.5240845882919299,0.8199999836,True,0.10698996320493001,5.433102057947063
2026-08-24,continuous,170,0.5433102057947063,0.9399999996,True,0.0322518188280391,5.465353876775102
2026-08-24,continuous,171,0.5433102057947063,0.73,False,-0.5433102057947063,4.922043670980395
2026-08-24,continuous,172,0.5433102057947063,0.7,False,-0.5433102057947063,4.378733465185689
2026-08-24,continuous,173,0.4378733465185689,0.81,True,0.09552125966645811,4.4742547248521465
2026-08-24,continuous,174,0.4378733465185689,0.83,True,0.08340695913805511,4.557661683990202
2026-08-24,continuous,175,0.4378733465185689,0.479999952,False,-0.4378733465185689,4.119788337471633
2026-08-24,continuous,176,0.4378733465185689,0.8,False,-0.4378733465185689,3.6819149909530635
2026-08-24,continuous,177,0.36819149909530635,0.81,False,-0.36819149909530635,3.313723491857757
2026-08-24,continuous,178,0.36819149909530635,0.8699999913,True,0.05116592605149824,3.3648894179092554
2026-08-24,continuous,179,0.36819149909530635,0.79,True,0.09102253135862443,3.45591194926788
2026-08-24,continuous,180,0.36819149909530635,0.7399999905,False,-0.36819149909530635,3.0877204501725735
2026-08-24,continuous,181,0.36819149909530635,0.6916996014,True,0.1526206386461559,3.240341088818729
2026-08-24,continuous,182,0.36819149909530635,0.6099994621,True,0.2189235387992327,3.4592646276179617
2026-08-24,continuous,183,0.36819149909530635,0.69,False,-0.36819149909530635,3.0910731285226554
2026-08-24,continuous,184,0.36819149909530635,0.62,False,-0.36819149909530635,2.722881629427349
2026-08-24,continuous,185,0.2722881629427349,0.699999972,True,0.10852629655734734,2.8314079259846965
2026-08-24,continuous,186,0.2722881629427349,0.73,False,-0.2722881629427349,2.5591197630419615
2026-08-24,continuous,187,0.2722881629427349,0.72,True,0.09847755226428916,2.657597315306251
2026-08-24,continuous,188,0.2722881629427349,0.759999999,False,-0.2722881629427349,2.385309152363516
2026-08-24,continuous,189,0.2722881629427349,0.92,True,0.02201982535102114,2.407328977714537
2026-08-24,continuous,190,0.2722881629427349,0.61,True,0.1618998634415245,2.5692288411560615
2026-08-24,continuous,191,0.2722881629427349,0.9,True,0.02813644350408259,2.5973652846601443
2026-08-24,continuous,192,0.2597365284660144,0.85,True,0.04262734790706947,2.6399926325672136
2026-08-24,continuous,193,0.2597365284660144,0.86,True,0.039322902332877996,2.6793155349000917
2026-08-24,continuous,194,0.2597365284660144,0.6,False,-0.2597365284660144,2.4195790064340774
2026-08-24,continuous,195,0.2597365284660144,0.91,True,0.023890052123742202,2.44346905855782
2026-08-24,continuous,196,0.2597365284660144,0.5699999555,True,0.18222571331894663,2.6256947718767663
2026-08-24,continuous,197,0.2597365284660144,0.8299999975,True,0.04947511551572538,2.675169887392492
2026-08-24,continuous,198,0.2675169887392492,0.6435586218,True,0.1377952721991839,2.8129651595916756
2026-08-24,continuous,199,0.2675169887392492,0.8199999836,False,-0.2675169887392492,2.5454481708524264
2026-08-24,continuous,200,0.2675169887392492,0.9199999985,True,0.021633983008518858,2.5670821538609454
2026-08-24,continuous,201,0.2675169887392492,0.74,True,0.0874129836177709,2.6544951374787162
2026-08-24,continuous,202,0.2675169887392492,0.93,True,0.018726189211747398,2.6732213266904634
2026-08-24,continuous,203,0.26732213266904636,0.74,True,0.08734931308023706,2.7605706397707004
2026-08-24,continuous,204,0.26732213266904636,0.91,True,0.02458776099384525,2.7851584007645456
2026-08-24,continuous,205,0.26732213266904636,0.899999892,True,0.02762332019041661,2.812781720954962
2026-08-24,continuous,206,0.2812781720954962,0.64,False,-0.2812781720954962,2.531503548859466
2026-08-24,continuous,207,0.2812781720954962,0.8799996128,True,0.03567131716470001,2.5671748660241662
2026-08-24,continuous,208,0.2812781720954962,0.98,True,0.005338544898955369,2.5725134109231216
2026-08-24,continuous,209,0.2812781720954962,0.75,False,-0.2812781720954962,2.2912352388276256
2026-08-24,continuous,210,0.2812781720954962,0.75,False,-0.2812781720954962,2.009957066732129
2026-08-24,continuous,211,0.20099570667321293,0.95,True,0.009838210905583579,2.0197952776377126
2026-08-24,continuous,212,0.20099570667321293,0.53,False,-0.20099570667321293,1.8187995709644997
2026-08-24,continuous,213,0.20099570667321293,0.61,False,-0.20099570667321293,1.6178038642912869
2026-08-24,continuous,214,0.1617803864291287,0.61,True,0.09619302648827045,1.7139968907795573
2026-08-24,continuous,215,0.1617803864291287,0.7099999702,False,-0.1617803864291287,1.5522165043504286
2026-08-24,continuous,216,0.1617803864291287,0.8699999913,True,0.02248189680901063,1.5746984011594392
2026-08-24,continuous,217,0.1617803864291287,0.5699994984,False,-0.1617803864291287,1.4129180147303104
2026-08-24,continuous,218,0.1617803864291287,0.9099999993,True,0.014880240065772822,1.4277982547960832
2026-08-24,continuous,219,0.1617803864291287,0.63,True,0.08836290630200505,1.5161611610980883
2026-08-24,continuous,220,0.1617803864291287,0.8,True,0.03761393984477241,1.5537751009428606
2026-08-24,continuous,221,0.15537751009428608,0.7,False,-0.15537751009428608,1.3983975908485746
2026-08-24,continuous,222,0.15537751009428608,0.7,False,-0.15537751009428608,1.2430200807542886
2026-08-24,continuous,223,0.12430200807542886,0.71,True,0.04721725574358193,1.2902373364978705
2026-08-24,continuous,224,0.12430200807542886,0.96,True,0.0048167028129228765,1.2950540393107934
2026-08-24,continuous,225,0.12430200807542886,0.8199999836,True,0.025375803004688034,1.3204298423154814
2026-08-24,continuous,226,0.13204298423154814,0.7299999994,True,0.04541916909790852,1.3658490114133899
2026-08-24,continuous,227,0.13204298423154814,0.81,True,0.02880493248606733,1.3946539438994572
2026-08-24,continuous,228,0.13204298423154814,0.75,False,-0.13204298423154814,1.2626109596679091
2026-08-24,continuous,229,0.13204298423154814,0.86,False,-0.13204298423154814,1.1305679754363611
2026-08-24,continuous,230,0.11305679754363612,0.77,True,0.031406297395563325,1.1619742728319244
2026-08-24,continuous,231,0.11305679754363612,0.8699999913,True,0.01571099755684347,1.177685270388768
2026-08-24,continuous,232,0.11305679754363612,0.63,False,-0.11305679754363612,1.0646284728451318
2026-08-24,continuous,233,0.11305679754363612,0.8,True,0.02628570542889539,1.0909141782740273
2026-08-24,continuous,234,0.11305679754363612,0.5699999776,False,-0.11305679754363612,0.9778573807303912
2026-08-27,independent,0,5.0,0.7,True,1.9928571428571429,51.99285714285714
2026-08-27,independent,1,5.0,0.5,False,-5.0,46.99285714285714
2026-08-27,independent,2,5.0,0.9099999999999999,True,0.4598901098901098,47.45274725274725
2026-08-27,independent,3,5.0,0.6799999946,False,-5.0,42.45274725274725
2026-08-27,independent,4,5.0,0.8100000000000002,False,-5.0,37.45274725274725
2026-08-27,independent,5,3.7452747252747254,0.809999998,False,-3.7452747252747254,33.707472527472525
2026-08-27,independent,6,3.7452747252747254,0.7299998102,True,1.2882731357865038,34.99574566325903
2026-08-27,independent,7,3.7452747252747254,0.8358333332999999,True,0.6841194243113384,35.67986508757037
2026-08-27,independent,8,3.7452747252747254,0.54,False,-3.7452747252747254,31.934590362295644
2026-08-27,independent,9,3.7452747252747254,0.93,True,0.26216923076923015,32.196759593064876
2026-08-27,independent,10,3.7452747252747254,0.5499999725,True,2.849813903059556,35.04657349612443
2026-08-27,independent,11,3.7452747252747254,0.64,True,1.9592468406593408,37.00582033678377
2026-08-27,independent,12,3.7005820336783772,0.8,True,0.8603853228302224,37.866205659613996
2026-08-27,independent,13,3.7005820336783772,0.7199999965,False,-3.7005820336783772,34.165623625935616
2026-08-27,independent,14,3.7005820336783772,0.56,True,2.704068157466414,36.86969178340203
2026-08-27,independent,15,3.7005820336783772,0.67,False,-3.7005820336783772,33.16910974972365
2026-08-27,independent,16,3.7005820336783772,0.8499999405,True,0.6073310995365184,33.77644084926017
2026-08-27,independent,17,3.7005820336783772,0.9,True,0.3823934768134321,34.1588343260736
2026-08-27,independent,18,3.7005820336783772,0.9,True,0.3823934768134321,34.541227802887036
2026-08-27,independent,19,3.454122780288704,0.74,False,-3.454122780288704,31.087105022598333
2026-08-27,independent,20,3.454122780288704,0.9,True,0.35692602062983253,31.444031043228165
2026-08-27,independent,21,3.454122780288704,0.8,True,0.8030835464171234,32.247114589645285
2026-08-27,independent,22,3.454122780288704,0.869999984,True,0.4800040266831214,32.727118616328404
2026-08-27,independent,23,3.272711861632841,0.8199999836,False,-3.272711861632841,29.45440675469556
2026-08-27,independent,24,3.272711861632841,0.699999972,True,1.3044096159149272,30.75881637061049
2026-08-27,independent,25,3.272711861632841,0.61,False,-3.272711861632841,27.486104508977647
2026-08-27,independent,26,3.272711861632841,0.9,True,0.33818022570206,27.824284734679708
2026-08-27,independent,27,3.272711861632841,0.7599999088,True,0.9611442799357074,28.785429014615413
2026-08-27,independent,28,3.272711861632841,0.53,True,2.699061046640971,31.484490061256384
2026-08-27,independent,29,3.1484490061256385,0.6,True,1.9520383837978963,33.43652844505428
2026-08-27,independent,30,3.1484490061256385,0.53,True,2.5965793595802196,36.0331078046345
2026-08-27,independent,31,3.1484490061256385,0.63,False,-3.1484490061256385,32.88465879850886
2026-08-27,independent,32,3.1484490061256385,0.699999755,True,1.25488328218509,34.13954208069395
2026-08-27,independent,33,3.1484490061256385,0.7299998102,False,-3.1484490061256385,30.99109307456831
2026-08-27,independent,34,3.1484490061256385,0.9399996992,True,0.1868982888516326,31.177991363419945
2026-08-27,independent,35,3.1484490061256385,0.75,True,0.9760191918989481,32.15401055531889
2026-08-27,independent,36,3.1484490061256385,0.61,False,-3.1484490061256385,29.005561549193253
2026-08-27,independent,37,3.1484490061256385,0.8699999913,True,0.4375258783001901,29.44308742749344
2026-08-27,independent,38,3.1484490061256385,0.66,True,1.508393296571101,30.95148072406454
2026-08-27,independent,39,3.1484490061256385,0.8799999531000001,False,-3.1484490061256385,27.803031717938904
2026-08-27,independent,40,3.1484490061256385,0.69,True,1.3155041282116255,29.11853584615053
2026-08-27,independent,41,3.1484490061256385,0.7899999242,True,0.7783447744830827,29.89688062063361
2026-08-27,independent,42,3.1484490061256385,0.869999996,True,0.43752586011830313,30.334406480751912
2026-08-27,independent,43,3.0334406480751914,0.6599998733,True,1.45329465831387,31.78770113906578
2026-08-27,independent,44,3.0334406480751914,0.7,False,-3.0334406480751914,28.75426049099059
2026-08-27,independent,45,3.0334406480751914,0.68,False,-3.0334406480751914,25.720819842915397
2026-08-27,independent,46,2.5720819842915397,0.7099994391,True,0.9770315505261339,26.697851393441532
2026-08-27,independent,47,2.5720819842915397,0.6199999864,True,1.4660868156759734,28.163938209117504
2026-08-27,independent,48,2.5720819842915397,0.78,True,0.6746768897257039,28.838615098843206
2026-08-27,independent,49,2.883861509884321,0.9,True,0.29799902268804634,29.136614121531252
2026-08-27,independent,50,2.883861509884321,0.7701265773,True,0.8005417757694697,29.937155897300723
2026-08-27,independent,51,2.883861509884321,0.859999914,True,0.4366035311466116,30.373759428447336
2026-08-27,independent,52,3.037375942844734,0.9199999877,True,0.24563131294940918,30.619390741396746
2026-08-27,independent,53,3.037375942844734,0.8400000000000001,True,0.5380494527324954,31.15744019412924
2026-08-27,independent,54,3.037375942844734,0.9299999651,True,0.21261642998238298,31.370056624111623
2026-08-27,independent,55,3.1370056624111626,0.74,False,-3.1370056624111626,28.23305096170046
2026-08-27,independent,56,3.1370056624111626,0.7099999606,True,1.1916205479553539,29.424671509655813
2026-08-27,independent,57,3.1370056624111626,0.7599999088,True,0.9212894920263756,30.345961001682188
2026-08-27,independent,58,3.1370056624111626,0.8199999945,False,-3.1370056624111626,27.208955339271025
2026-08-27,independent,59,3.1370056624111626,0.62,True,1.7880932275743628,28.997048566845386
2026-08-27,independent,60,3.1370056624111626,0.58,True,2.1126110547203454,31.109659621565733
2026-08-27,independent,61,3.1370056624111626,0.96,True,0.12155896941843275,31.231218590984167
2026-08-27,independent,62,3.1231218590984167,0.8400000000000001,True,0.5532387293260049,31.78445732031017
2026-08-27,independent,63,3.1231218590984167,0.8644051374,True,0.4556147491168082,32.24007206942698
2026-08-27,independent,64,3.1231218590984167,0.76,True,0.917211577566798,33.157283646993776
2026-08-27,independent,65,3.315728364699378,0.9399999999999998,False,-3.315728364699378,29.841555282294397
2026-08-27,independent,66,3.315728364699378,0.6199998512,True,1.8899663615411426,31.73152164383554
2026-08-27,independent,67,3.315728364699378,0.52,True,2.8464252730803885,34.57794691691593
2026-08-27,independent,68,3.315728364699378,0.95,True,0.1622961778510748,34.740243094767
2026-08-27,independent,69,3.4740243094767003,0.9399999806,True,0.20622406717861028,34.94646716194561
2026-08-27,independent,70,3.4740243094767003,0.8299999087,True,0.6617392755674611,35.608206437513076
2026-08-27,independent,71,3.4740243094767003,0.86,False,-3.4740243094767003,32.13418212803637
2026-08-27,independent,72,3.4740243094767003,0.78,True,0.9112632996396577,33.04544542767603
2026-08-27,independent,73,3.4740243094767003,0.7599999483,True,1.0202663758651764,34.065711803541205
2026-08-27,independent,74,3.4740243094767003,0.9399999981,True,0.20622400319066647,34.271935806731875
2026-08-27,independent,75,3.4271935806731877,0.55,False,-3.4271935806731877,30.84474222605869
2026-08-27,independent,76,3.4271935806731877,0.93,True,0.2399035506471226,31.084645776705813
2026-08-27,independent,77,3.4271935806731877,0.9,True,0.35414333666956255,31.438789113375375
2026-08-27,independent,78,3.4271935806731877,0.96,True,0.13280375125108623,31.57159286462646
2026-08-27,independent,79,3.157159286462646,0.68,True,1.3817214759577694,32.95331434058423
2026-08-27,independent,80,3.157159286462646,0.8099999740999999,True,0.6887285676574266,33.642042908241656
2026-08-27,independent,81,3.157159286462646,0.9200000000000002,True,0.2553180988182832,33.89736100705994
2026-08-27,independent,82,3.3897361007059943,0.71,True,1.2876222906484605,35.1849832977084
2026-08-27,independent,83,3.3897361007059943,0.65,False,-3.3897361007059943,31.795247197002404
2026-08-27,independent,84,3.3897361007059943,0.8599995355999999,True,0.5131922588817561,32.30843945588416
2026-08-27,independent,85,3.3897361007059943,0.69,True,1.4163201707732438,33.72475962665741
2026-08-27,independent,86,3.3897361007059943,0.62,True,1.9321495774024169,35.65690920405983
2026-08-27,independent,87,3.565690920405983,0.55,True,2.7131666367089164,38.37007584076875
2026-08-27,independent,88,3.565690920405983,0.7899999866,True,0.88149302911764,39.25156886988639
2026-08-27,independent,89,3.565690920405983,0.8899999911,True,0.40985417339152524,39.661423043277914
2026-08-27,independent,90,3.9661423043277915,0.9199999959999999,True,0.3207402211728247,39.98216326445074
2026-08-27,independent,91,3.9661423043277915,0.529999965,True,3.2709453675522586,43.253108632003
2026-08-27,independent,92,3.9661423043277915,0.5722,False,-3.9661423043277915,39.28696632767521
2026-08-27,independent,93,3.9661423043277915,0.65,True,1.986122030859532,41.27308835853474
2026-08-27,independent,94,3.9661423043277915,0.96,True,0.15368801429270218,41.42677637282745
2026-08-27,independent,95,3.9661423043277915,0.97,True,0.11407770133066529,41.54085407415811
2026-08-27,independent,96,4.154085407415812,0.7199999654,False,-4.154085407415812,37.3867686667423
2026-08-27,independent,97,4.154085407415812,0.8100000000000002,False,-4.154085407415812,33.232683259326485
2026-08-27,independent,98,3.3232683259326485,0.75,False,-3.3232683259326485,29.909414933393837
2026-08-27,independent,99,3.3232683259326485,0.8,True,0.7726598857793405,30.682074819173177
2026-08-27,independent,100,3.3232683259326485,0.5899999947,True,2.1477326109177826,32.82980743009096
2026-08-27,independent,101,3.3232683259326485,0.96,True,0.12877664762989033,32.95858407772085
2026-08-27,independent,102,3.2958584077720854,0.9299999907000001,True,0.23071012150263007,33.18929419922348
2026-08-27,independent,103,3.2958584077720854,0.95,True,0.16132359574884417,33.35061779497233
2026-08-27,independent,104,3.2958584077720854,0.9099999975000002,True,0.30314654632006655,33.653764341292394
2026-08-27,independent,105,3.3653764341292396,0.7899999826,True,0.831972261418075,34.48573660271047
2026-08-27,independent,106,3.3653764341292396,0.6499999025,False,-3.3653764341292396,31.12036016858123
2026-08-27,independent,107,3.3653764341292396,0.71,True,1.2783690482882482,32.39872921686948
2026-08-27,independent,108,3.3653764341292396,0.5699999918,True,2.3610773351464514,34.75980655201593
2026-08-27,independent,109,3.3653764341292396,0.57,False,-3.3653764341292396,31.394430117886692
2026-08-27,independent,110,3.3653764341292396,0.9,True,0.34775556486002124,31.742185682746715
2026-08-27,independent,111,3.3653764341292396,0.8099996274000001,True,0.7341524143448609,32.47633809709158
2026-08-27,independent,112,3.3653764341292396,0.9699999980000001,True,0.09679794738701217,32.57313604447859
2026-08-27,independent,113,3.257313604447859,0.8399999931,True,0.5770098681254653,33.15014591260405
2026-08-27,independent,114,3.257313604447859,0.8,True,0.7573254130341269,33.90747132563818
2026-08-27,independent,115,3.257313604447859,0.6299999764,True,1.7791138488398632,35.68658517447804
2026-08-27,independent,116,3.5686585174478043,0.62,True,2.0341353549452488,37.72072052942329
2026-08-27,independent,117,3.5686585174478043,0.95,True,0.17467644322244513,37.895396972645734
2026-08-27,independent,118,3.5686585174478043,0.8099999893,True,0.7784963010798254,38.67389327372556
2026-08-27,independent,119,3.8673893273725564,0.95,True,0.18929853023455143,38.86319180396011
2026-08-27,independent,120,3.8673893273725564,0.8,True,0.8991680186141191,39.76235982257423
2026-08-27,independent,121,3.8673893273725564,0.65,True,1.9366695785534873,41.69902940112772
2026-08-27,independent,122,4.169902940112772,0.7453866667,False,-4.169902940112772,37.52912646101495
2026-08-27,independent,123,4.169902940112772,0.99,True,0.039171815498029554,37.56829827651298
2026-08-27,independent,124,4.169902940112772,0.74,True,1.3625439607017142,38.93084223721469
2026-08-27,independent,125,4.169902940112772,0.9800000000000001,True,0.07914305580213993,39.00998529301683
2026-08-27,independent,126,3.9009985293016833,0.9299999628,True,0.27307005309106525,39.2830553461079
2026-08-27,independent,127,3.9009985293016833,0.66,True,1.8689329317654426,41.15198827787334
2026-08-27,independent,128,3.9009985293016833,0.4699999999999999,False,-3.9009985293016833,37.25098974857166
2026-08-27,independent,129,3.9009985293016833,0.7699999645,False,-3.9009985293016833,33.34999121926998
2026-08-27,independent,130,3.334999121926998,0.74,True,1.0897334968674979,34.439724716137476
2026-08-27,independent,131,3.334999121926998,0.7,True,1.3292353643109036,35.76896008044838
2026-08-27,independent,132,3.334999121926998,0.7899999802,False,-3.334999121926998,32.43396095852138
2026-08-27,independent,133,3.334999121926998,0.7185849057,False,-3.334999121926998,29.098961836594384
2026-08-27,independent,134,2.9098961836594386,0.8299999999999998,True,0.5542826345018769,29.65324447109626
2026-08-27,independent,135,2.9098961836594386,0.99,True,0.02733538839195264,29.680579859488216
2026-08-27,independent,136,2.9098961836594386,0.8899994126000002,False,-2.9098961836594386,26.770683675828778
2026-08-27,independent,137,2.9098961836594386,0.9,True,0.30068927231147513,27.071372948140255
2026-08-27,independent,138,2.9098961836594386,0.48999998040000003,True,2.8166609554241107,29.888033903564367
2026-08-27,independent,139,2.9098961836594386,0.86,False,-2.9098961836594386,26.97813771990493
2026-08-27,independent,140,2.9098961836594386,0.65,True,1.4571864735094568,28.435324193414385
2026-08-27,independent,141,2.9098961836594386,0.7599999088,False,-2.9098961836594386,25.525428009754947
2026-08-27,independent,142,2.9098961836594386,0.8,True,0.6765508627008192,26.201978872455765
2026-08-27,independent,143,2.9098961836594386,0.9800000000000001,True,0.05522864185312781,26.25720751430889
2026-08-27,independent,144,2.9098961836594386,0.6699999922,True,1.3329062242837872,27.590113738592677
2026-08-27,independent,145,2.759011373859268,0.9200000000000002,True,0.22312005023383616,27.813233788826512
2026-08-27,independent,146,2.759011373859268,0.8299999999999998,True,0.5255418050688564,28.338775593895367
2026-08-27,independent,147,2.759011373859268,0.79,True,0.6820695206515378,29.020845114546905
2026-08-27,independent,148,2.9020845114546905,0.9699999879,True,0.08347236240902915,29.104317476955934
2026-08-27,independent,149,2.9020845114546905,0.7,True,1.1566879695655123,30.261005446521448
2026-08-27,independent,150,2.9020845114546905,0.8,True,0.6747346489132153,30.935740095434664
2026-08-27,independent,151,3.0935740095434667,0.63,False,-3.0935740095434667,27.842166085891197
2026-08-27,independent,152,3.0935740095434667,0.55,False,-3.0935740095434667,24.74859207634773
2026-08-27,independent,153,2.4748592076347733,0.8199999945,True,0.5052334717021341,25.253825548049864
2026-08-27,independent,154,2.4748592076347733,0.7199999965,True,0.8950740956340572,26.148899643683922
2026-08-27,independent,155,2.4748592076347733,0.63,False,-2.4748592076347733,23.67404043604915
2026-08-27,independent,156,2.4748592076347733,0.73,False,-2.4748592076347733,21.19918122841438
2026-08-27,independent,157,2.119918122841438,0.75,True,0.6571746180808459,21.856355846495223
2026-08-27,independent,158,2.119918122841438,0.8799998309999999,False,-2.119918122841438,19.736437723653786
2026-08-27,independent,159,2.119918122841438,0.9399999999999998,True,0.12584194814314115,19.862279671796927
2026-08-27,independent,160,2.119918122841438,0.72,True,0.7667037210943204,20.628983392891246
2026-08-27,independent,161,2.119918122841438,0.65,False,-2.119918122841438,18.50906527004981
2026-08-27,independent,162,2.119918122841438,0.6199998512,False,-2.119918122841438,16.389147147208373
2026-08-27,independent,163,1.6389147147208374,0.96,True,0.06350794519543256,16.452655092403806
2026-08-27,independent,164,1.6389147147208374,0.8699999851,True,0.22775266105023553,16.68040775345404
2026-08-27,independent,165,1.6389147147208374,0.67,False,-1.6389147147208374,15.041493038733204
2026-08-27,independent,166,1.6389147147208374,0.84,True,0.29032203517912,15.331815073912324
2026-08-27,independent,167,1.6389147147208374,0.7599999696,True,0.48132345433331636,15.81313852824564
2026-08-27,independent,168,1.6389147147208374,0.699999748,True,0.6532253630227967,16.466363891268436
2026-08-27,independent,169,1.6466363891268436,0.6899999586,True,0.6880077722718626,17.1543716635403
2026-08-27,independent,170,1.6466363891268436,0.5699998233,True,1.1552462574337599,18.30961792097406
2026-08-27,independent,171,1.6466363891268436,0.81,True,0.35921067896137415,18.668828599935434
2026-08-27,independent,172,1.8668828599935434,0.94,True,0.1108213442421699,18.779649944177603
2026-08-27,independent,173,1.8668828599935434,0.3899999902,False,-1.8668828599935434,16.91276708418406
2026-08-27,independent,174,1.8668828599935434,0.9,True,0.19291122886599937,17.10567831305006
2026-08-27,independent,175,1.8668828599935434,0.75,False,-1.8668828599935434,15.238795453056516
2026-08-27,independent,176,1.8668828599935434,0.74,True,0.6100165885762688,15.848812041632785
2026-08-27,independent,177,1.8668828599935434,0.8272089169,False,-1.8668828599935434,13.981929181639241
2026-08-27,independent,178,1.8668828599935434,0.86,True,0.28263738182692943,14.264566563466172
2026-08-27,independent,179,1.8668828599935434,0.8099998912,True,0.40725732662855724,14.671823890094728
2026-08-27,independent,180,1.8668828599935434,0.88,True,0.23675468997190868,14.908578580066637
2026-08-27,independent,181,1.4908578580066638,0.929999998,True,0.10436005326661232,15.012938633333249
2026-08-27,independent,182,1.4908578580066638,0.7,True,0.594213346262656,15.607151979595905
2026-08-27,independent,183,1.4908578580066638,0.9299999485,True,0.10436013261872873,15.711512112214633
2026-08-27,independent,184,1.5711512112214634,0.6199999949,False,-1.5711512112214634,14.14036090099317
2026-08-27,independent,185,1.5711512112214634,0.4599999595,False,-1.5711512112214634,12.569209689771705
2026-08-27,independent,186,1.2569209689771705,0.95,True,0.06152297374467203,12.630732663516378
2026-08-27,independent,187,1.2569209689771705,0.72,True,0.4545864171134102,13.085319080629787
2026-08-27,independent,188,1.2569209689771705,0.64,True,0.6575267818961824,13.74284586252597
2026-08-27,independent,189,1.374284586252597,0.62,True,0.7833422141639803,14.52618807668995
2026-08-27,independent,190,1.374284586252597,0.9199999967,True,0.11113780195829064,14.637325878648241
2026-08-27,independent,191,1.374284586252597,0.9590493167,True,0.05457325232856032,14.691899130976802
2026-08-27,independent,192,1.4691899130976802,0.569999961,True,1.0307528767274432,15.722652007704244
2026-08-27,independent,193,1.4691899130976802,0.7599998024,True,0.43147834717581,16.154130354880053
2026-08-27,independent,194,1.4691899130976802,0.66,False,-1.4691899130976802,14.684940441782373
2026-08-27,independent,195,1.4691899130976802,0.869999942,True,0.20416684090033363,14.889107282682707
2026-08-27,independent,196,1.4691899130976802,0.66,True,0.7038755310931613,15.592982813775867
2026-08-27,independent,197,1.4691899130976802,0.96,True,0.0569311091325352,15.649913922908402
2026-08-27,independent,198,1.5649913922908403,0.84,True,0.27722704663437764,15.92714096954278
2026-08-27,independent,199,1.5649913922908403,0.7099999503,True,0.5944764512419528,16.521617420784732
2026-08-27,independent,200,1.5649913922908403,0.9,True,0.16171577720338673,16.68333319798812
2026-08-27,independent,201,1.668333319798812,0.96,True,0.06464791614220407,16.747981114130322
2026-08-27,independent,202,1.668333319798812,0.93,True,0.11678333238591657,16.86476444651624
2026-08-27,independent,203,1.668333319798812,0.73,True,0.5738609542486047,17.438625400764845
2026-08-27,independent,204,1.7438625400764847,0.75,True,0.5405973874237103,17.979222788188554
2026-08-27,independent,205,1.7438625400764847,0.8199999836,True,0.3560031971276188,18.335225985316175
2026-08-27,independent,206,1.7438625400764847,0.57,False,-1.7438625400764847,16.59136344523969
2026-08-27,independent,207,1.7438625400764847,0.71,False,-1.7438625400764847,14.847500905163205
2026-08-27,independent,208,1.4847500905163207,0.46999997,True,1.557092356920836,16.404593262084042
2026-08-27,independent,209,1.4847500905163207,0.8399999493,True,0.2630129723940925,16.667606234478136
2026-08-27,independent,210,1.4847500905163207,0.69,True,0.6203673204287758,17.287973554906912
2026-08-27,independent,211,1.7287973554906912,0.67,False,-1.7287973554906912,15.559176199416221
2026-08-27,independent,212,1.7287973554906912,0.6799998912,False,-1.7287973554906912,13.83037884392553
2026-08-27,independent,213,1.383037884392553,0.92,True,0.11184567239000631,13.942224516315536
2026-08-27,independent,214,1.383037884392553,0.52,True,1.1872848299862224,15.129509346301758
2026-08-27,independent,215,1.383037884392553,0.7799999837,True,0.3627815102891362,15.492290856590893
2026-08-27,independent,216,1.5492290856590893,0.7299998102,True,0.5328928739899832,16.025183730580878
2026-08-27,independent,217,1.5492290856590893,0.92,False,-1.5492290856590893,14.475954644921789
2026-08-27,independent,218,1.5492290856590893,0.55,False,-1.5492290856590893,12.9267255592627
2026-08-27,independent,219,1.29267255592627,0.53,False,-1.29267255592627,11.63405300333643
2026-08-27,independent,220,1.29267255592627,0.9399997744,True,0.07673555015454211,11.710788553490971
2026-08-27,independent,221,1.29267255592627,0.5199999834,True,1.1097097448902837,12.820498298381255
2026-08-27,independent,222,1.29267255592627,0.77,True,0.35909436326315464,13.17959266164441
2026-08-27,independent,223,1.317959266164441,0.5799999831,True,0.8875774570314748,14.067170118675884
2026-08-27,independent,224,1.317959266164441,0.6999999606,True,0.5253010060705745,14.592471124746458
2026-08-27,independent,225,1.317959266164441,0.54,False,-1.317959266164441,13.274511858582017
2026-08-27,independent,226,1.317959266164441,0.7299998102,True,0.4533423156390748,13.727854174221092
2026-08-27,independent,227,1.317959266164441,0.8099999932,True,0.28751038595197753,14.015364560173069
2026-08-27,independent,228,1.317959266164441,0.6299999811,False,-1.317959266164441,12.697405294008627
2026-08-27,independent,229,1.317959266164441,0.69,True,0.5506777629495774,13.248083056958205
2026-08-27,independent,230,1.317959266164441,0.7199995392,False,-1.317959266164441,11.930123790793763
2026-08-27,independent,231,1.317959266164441,0.5699999059,False,-1.317959266164441,10.612164524629321
2026-08-27,independent,232,1.0612164524629322,0.96,True,0.04112213753293869,10.65328666216226
2026-08-27,independent,233,1.0612164524629322,0.84,True,0.18798691443629098,10.841273576598551
2026-08-27,independent,234,1.0612164524629322,0.5799994896,True,0.7146758876419486,11.5559494642405
2026-08-27,independent,235,1.15559494642405,0.7099999138,False,-1.15559494642405,10.40035451781645
2026-08-27,independent,236,1.15559494642405,0.8399999664,True,0.2047054416857529,10.605059959502203
2026-08-27,independent,237,1.15559494642405,0.8399999395,True,0.2047054826572976,10.8097654421595
2026-08-27,independent,238,1.15559494642405,0.98,True,0.0219327204117219,10.831698162571223
2026-08-27,independent,239,1.0831698162571224,0.64,True,0.5666332101295072,11.398331372700731
2026-08-27,independent,240,1.0831698162571224,0.4499997975,False,-1.0831698162571224,10.31516155644361
2026-08-27,independent,241,1.0831698162571224,0.96,True,0.04197283037996356,10.357134386823573
2026-08-27,independent,242,1.0831698162571224,0.88,True,0.13736562669806246,10.494500013521636
2026-08-27,independent,243,1.0831698162571224,0.669999949,True,0.4961565571463278,10.990656570667964
2026-08-27,independent,244,1.0990656570667965,0.64,True,0.574948721853068,11.565605292521031
2026-08-27,independent,245,1.0990656570667965,0.7002293473,True,0.43757791144286334,12.003183203963895
2026-08-27,independent,246,1.0990656570667965,0.67,False,-1.0990656570667965,10.904117546897098
2026-08-27,independent,247,1.0990656570667965,0.69,True,0.45921830280051806,11.363335849697616
2026-08-27,independent,248,1.0990656570667965,0.6799997109,True,0.4810034913224673,11.844339341020083
2026-08-27,independent,249,1.0990656570667965,0.85,True,0.18037606960096267,12.024715410621045
2026-08-27,independent,250,1.2024715410621045,0.6299999979,False,-1.2024715410621045,10.82224386955894
2026-08-27,independent,251,1.2024715410621045,0.9599998618,True,0.04659593991242361,10.868839809471364
2026-08-27,independent,252,1.2024715410621045,0.6099999672,True,0.7149778493027713,11.583817658774135
2026-08-27,independent,253,1.2024715410621045,0.85,True,0.1973467999743103,11.781164458748446
2026-08-27,independent,254,1.1781164458748445,0.5799999498,False,-1.1781164458748445,10.603048012873602
2026-08-27,independent,255,1.1781164458748445,0.7499998875,True,0.3652163173508936,10.968264330224496
2026-08-27,independent,256,1.1781164458748445,0.889999911,True,0.13541732806498535,11.103681658289482
2026-08-27,independent,257,1.1781164458748445,0.64,True,0.6163021657482781,11.71998382403776
2026-08-27,independent,258,1.171998382403776,0.6899999586,True,0.48969159281814845,12.209675416855909
2026-08-27,independent,259,1.171998382403776,0.5,False,-1.171998382403776,11.037677034452132
2026-08-27,independent,260,1.171998382403776,0.84,True,0.2076111420258119,11.245288176477944
2026-08-27,independent,261,1.171998382403776,0.93,True,0.08203988676826414,11.327328063246208
2026-08-27,independent,262,1.171998382403776,0.78,True,0.30742419107668284,11.63475225432289
2026-08-27,independent,263,1.163475225432289,0.6099999353,False,-1.163475225432289,10.4712770288906
2026-08-27,independent,264,1.163475225432289,0.9699999981,True,0.03346490815361322,10.504741937044214
2026-08-27,independent,265,1.163475225432289,0.7899995339,True,0.28762955686855574,10.79237149391277
2026-08-27,independent,266,1.163475225432289,0.9,True,0.12022577329466981,10.91259726720744
2026-08-27,independent,267,1.091259726720744,0.76,False,-1.091259726720744,9.821337540486695
2026-08-27,independent,268,1.091259726720744,0.9699999981,True,0.03138778181793959,9.852725322304634
2026-08-27,independent,269,1.091259726720744,0.58,True,0.7349069814777976,10.587632303782431
2026-08-27,independent,270,1.091259726720744,0.78,True,0.28624582062444137,10.873878124406872
2026-08-27,independent,271,1.0873878124406873,0.54,False,-1.0873878124406873,9.786490311966185
2026-08-27,independent,272,1.0873878124406873,0.6799999937,True,0.4758920916933441,10.26238240365953
2026-08-27,independent,273,1.0873878124406873,0.5899999953,True,0.7027474253212187,10.965129828980748
2026-08-27,independent,274,1.0873878124406873,0.64,True,0.5688397493830346,11.533969578363783
2026-08-27,independent,275,1.1533969578363783,0.5899998466,True,0.7454076930753692,12.279377271439152
2026-08-27,independent,276,1.1533969578363783,0.75,True,0.35755305692927736,12.636930328368429
2026-08-27,independent,277,1.1533969578363783,0.67,True,0.5283246662089319,13.16525499457736
2026-08-27,independent,278,1.316525499457736,0.89,True,0.15132647033092847,13.316581464908289
2026-08-27,independent,279,1.316525499457736,0.8399999944,True,0.23321309819258274,13.549794563100871
2026-08-27,independent,280,1.316525499457736,0.6899999295,False,-1.316525499457736,12.233269063643135
2026-08-27,independent,281,1.316525499457736,0.529999965,False,-1.316525499457736,10.9167435641854
2026-08-27,independent,282,1.09167435641854,0.7799999769,True,0.2863546197313657,11.203098183916765
2026-08-27,independent,283,1.09167435641854,0.78,True,0.2863545811836325,11.489452765100397
2026-08-27,independent,284,1.09167435641854,0.8599999312,True,0.16527451444915425,11.654727279549551
2026-08-31,independent,0,5.0,0.64,False,-5.0,45.0
2026-08-31,independent,1,5.0,0.89,True,0.5747191011235953,45.5747191011236
2026-08-31,independent,2,5.0,0.9199999920999999,True,0.4043478694884217,45.97906697061202
2026-08-31,independent,3,5.0,0.9299999907000001,True,0.35000005,46.329067020612015
2026-08-31,independent,4,4.632906702061201,0.75,True,1.4362010776389726,47.765268098250985
2026-08-31,independent,5,4.632906702061201,0.69,True,1.9357492785568762,49.70101737680786
2026-08-31,independent,6,4.632906702061201,0.7599999088,True,1.3606122275427766,51.061629604350635
2026-08-31,independent,7,5.106162960435064,0.99,True,0.04796698538590574,51.10959658973654
2026-08-31,independent,8,5.106162960435064,0.7099999432,True,1.9396232821519592,53.049219871888496
2026-08-31,independent,9,5.106162960435064,0.7099999016,True,1.939623674033085,54.98884354592158
2026-08-31,independent,10,5.498884354592159,0.596,False,-5.498884354592159,49.489959191329426
2026-08-31,independent,11,5.498884354592159,0.779999846,True,1.442400959781436,50.93236015111086
2026-08-31,independent,12,5.498884354592159,0.6699999196,True,2.5188182419401506,53.451178393051016
2026-08-31,independent,13,5.498884354592159,0.7899999866,True,1.3594078496139381,54.810586242664954
2026-08-31,independent,14,5.481058624266495,0.69,True,2.2901292773565665,57.100715520021524
2026-08-31,independent,15,5.481058624266495,0.55,False,-5.481058624266495,51.61965689575503
2026-08-31,independent,16,5.481058624266495,0.75,False,-5.481058624266495,46.13859827148853
2026-08-31,independent,17,4.613859827148853,0.56,False,-4.613859827148853,41.52473844433968
2026-08-31,independent,18,4.613859827148853,0.4299999871,False,-4.613859827148853,36.91087861719083
2026-08-31,independent,19,3.691087861719083,0.7199999611,True,1.3349437009075624,38.2458223180984
2026-08-31,independent,20,3.691087861719083,0.99,True,0.03467385567069484,38.280496173769095
2026-08-31,independent,21,3.691087861719083,0.949999962,True,0.18066918197727488,38.46116535574637
2026-08-31,independent,22,3.846116535574637,0.8299992198,True,0.7326197428344406,39.193785098580804
2026-08-31,independent,23,3.846116535574637,0.67,True,1.7617509921908294,40.95553609077163
2026-08-31,independent,24,3.846116535574637,0.5599998432,False,-3.846116535574637,37.10941955519699
2026-08-31,independent,25,3.846116535574637,0.55,False,-3.846116535574637,33.263303019622356
2026-08-31,independent,26,3.3263303019622357,0.9,True,0.3437207978694308,33.607023817491786
2026-08-31,independent,27,3.3263303019622357,0.71,True,1.2635370175200213,34.87056083501181
2026-08-31,independent,28,3.3263303019622357,0.6199999645,False,-3.3263303019622357,31.54423053304957
2026-08-31,independent,29,3.3263303019622357,0.95,True,0.1628151147802568,31.70704564782983
2026-08-31,independent,30,3.3263303019622357,0.9,True,0.3437207978694308,32.05076644569926
2026-08-31,independent,31,3.3263303019622357,0.4099998767,False,-3.3263303019622357,28.724436143737023
2026-08-31,independent,32,3.3263303019622357,0.719999856,False,-3.3263303019622357,25.398105841774786
2026-08-31,independent,33,2.539810584177479,0.8599999989,True,0.3845155128850015,25.78262135465979
2026-08-31,independent,34,2.539810584177479,0.6773125,True,1.125323346210274,26.90794470087006
2026-08-31,independent,35,2.539810584177479,0.9099999992999999,True,0.23360675572812842,27.14155145659819
2026-08-31,independent,36,2.714155145659819,0.48,False,-2.714155145659819,24.42739631093837
2026-08-31,independent,37,2.714155145659819,0.75,True,0.841388095154544,25.268784406092912
2026-08-31,independent,38,2.714155145659819,0.8799998102,True,0.3442048394001091,25.612989245493022
2026-08-31,independent,39,2.714155145659819,0.7699998691,False,-2.714155145659819,22.898834099833202
2026-08-31,independent,40,2.714155145659819,0.64,True,1.4198424105732932,24.318676510406494
2026-08-31,independent,41,2.714155145659819,0.8099999757,True,0.5920880123000261,24.91076452270652
2026-08-31,independent,42,2.714155145659819,0.68,True,1.1878420166887675,26.098606539395284
2026-08-31,independent,43,2.6098606539395286,0.8799998102,True,0.33097837781396733,26.42958491720925
2026-08-31,independent,44,2.6098606539395286,0.95,True,0.12774581095598744,26.557330728165237
2026-08-31,independent,45,2.6098606539395286,0.5899998466,True,1.6866788108671393,28.244009539032376
2026-08-31,independent,46,2.824400953903238,0.629999937,True,1.5426613189006648,29.78667085793304
2026-08-31,independent,47,2.824400953903238,0.52,False,-2.824400953903238,26.962269904029803
2026-08-31,independent,48,2.824400953903238,0.75,False,-2.824400953903238,24.137868950126567
2026-08-31,independent,49,2.413786895012657,0.8,True,0.5612054530904426,24.699074403217008
2026-08-31,independent,50,2.413786895012657,0.8100000000000002,True,0.5265631411712792,25.225637544388288
2026-08-31,independent,51,2.413786895012657,0.6699999196,True,1.1056589066537823,26.33129645104207
2026-08-31,independent,52,2.633129645104207,0.8400000000000001,True,0.46644010856131646,26.797736559603386
2026-08-31,independent,53,2.633129645104207,0.64,False,-2.633129645104207,24.164606914499178
2026-08-31,independent,54,2.633129645104207,0.97,True,0.07573640937980139,24.240343323878978
2026-08-31,independent,55,2.633129645104207,0.7407612253,True,0.8569922802969995,25.097335604175978
2026-08-31,independent,56,2.633129645104207,0.73,True,0.9057244573776247,26.0030600615536
2026-08-31,independent,57,2.6003060061553604,0.85,True,0.4267561033631449,26.429816164916748
2026-08-31,independent,58,2.6003060061553604,0.5799999267,False,-2.6003060061553604,23.829510158761387
2026-08-31,independent,59,2.6003060061553604,0.7199999856,False,-2.6003060061553604,21.229204152606027
2026-08-31,independent,60,2.122920415260603,0.69,True,0.887011530028452,22.11621568263448
2026-08-31,independent,61,2.122920415260603,0.9699999981000001,True,0.06106132314740984,22.17727700578189
2026-08-31,independent,62,2.122920415260603,0.9,True,0.2193684429102622,22.39664544869215
2026-08-31,independent,63,2.2396645448692154,0.78,True,0.587481238308002,22.984126687000153
2026-08-31,independent,64,2.2396645448692154,0.7399999936,True,0.7318255472480315,23.715952234248185
2026-08-31,independent,65,2.2396645448692154,0.92355,False,-2.2396645448692154,21.47628768937897
2026-08-31,independent,66,2.2396645448692154,0.5799999379,True,1.5082986107562169,22.984586300135188
2026-08-31,independent,67,2.2396645448692154,0.95,True,0.10962568561728264,23.09421198575247
2026-08-31,independent,68,2.2396645448692154,0.7899999921,True,0.5536791220782759,23.647891107830745
2026-08-31,independent,69,2.3647891107830747,0.9099999999999999,True,0.21750862480499267,23.865399732635737
2026-08-31,independent,70,2.3647891107830747,0.8899998861,True,0.2718182106609201,24.13721794329666
2026-08-31,independent,71,2.3647891107830747,0.9299997768000001,True,0.16553580530433767,24.302753748600995
2026-08-31,independent,72,2.4302753748601,0.8513131172999999,False,-2.4302753748601,21.872478373740897
2026-08-31,independent,73,2.4302753748601,0.6199999502,True,1.3852572564792647,23.25773563022016
2026-08-31,independent,74,2.4302753748601,0.7699999943,True,0.6751115836540276,23.93284721387419
2026-08-31,independent,75,2.4302753748601,0.64,False,-2.4302753748601,21.50257183901409
2026-08-31,independent,76,2.4302753748601,0.7299999876,True,0.8359481986562524,22.338520037670342
2026-08-31,independent,77,2.4302753748601,0.9200000000000002,False,-2.4302753748601,19.908244662810244
2026-08-31,independent,78,2.4302753748601,0.64,True,1.27133780547369,21.179582468283932
2026-08-31,independent,79,2.4302753748601,0.8800000000000001,True,0.3082031043572579,21.48778557264119
2026-08-31,independent,80,2.4302753748601,0.8799998309999999,True,0.3082035975990632,21.795989170240254
2026-08-31,independent,81,2.1795989170240255,0.8299999087,True,0.4151744719933645,22.21116364223362
2026-08-31,independent,82,2.1795989170240255,0.62,False,-2.1795989170240255,20.03156472520959
2026-08-31,independent,83,2.1795989170240255,0.9099999999999999,True,0.2004751970933087,20.2320399223029
2026-08-31,independent,84,2.1795989170240255,0.71,True,0.8279406027061688,21.059980525009067
2026-08-31,independent,85,2.1795989170240255,0.5899999947,False,-2.1795989170240255,18.88038160798504
2026-08-31,independent,86,2.1795989170240255,0.5199999958,True,1.8711018710224347,20.751483479007476
2026-08-31,independent,87,2.1795989170240255,0.7399999651,True,0.7121988023451212,21.463682281352597
2026-08-31,independent,88,2.1795989170240255,0.96,True,0.08445945803468112,21.548141739387276
2026-08-31,independent,89,2.154814173938728,0.5899999902,False,-2.154814173938728,19.393327565448548
2026-08-31,independent,90,2.154814173938728,0.7099999953,False,-2.154814173938728,17.23851339150982
2026-08-31,independent,91,1.723851339150982,0.5199999949,True,1.4798601029240608,18.71837349443388
2026-08-31,independent,92,1.723851339150982,0.9499998219,True,0.0843783029736475,18.802751797407527
2026-08-31,independent,93,1.723851339150982,0.98,True,0.03271799480429435,18.83546979221182
2026-08-31,independent,94,1.8835469792211823,0.91,True,0.1732449254514428,19.008714717663263
2026-08-31,independent,95,1.8835469792211823,0.669999967,False,-1.8835469792211823,17.12516773844208
2026-08-31,independent,96,1.8835469792211823,0.96,True,0.07298744544482093,17.1981551838869
2026-08-31,independent,97,1.8835469792211823,0.63,True,1.0287754215079503,18.226930605394852
2026-08-31,independent,98,1.8835469792211823,0.71,True,0.7154825637971169,18.94241316919197
2026-08-31,independent,99,1.894241316919197,0.56,True,1.3841491908630987,20.326562360055068
2026-08-31,independent,100,1.894241316919197,0.99,True,0.0177943881286351,20.344356748183703
2026-08-31,independent,101,1.894241316919197,0.63,True,1.0346165669077707,21.378973315091475
2026-08-31,independent,102,2.1378973315091474,0.42000000000000004,False,-2.1378973315091474,19.241075983582327
2026-08-31,independent,103,2.1378973315091474,0.61,True,1.2711727248169964,20.512248708399323
2026-08-31,independent,104,2.1378973315091474,0.9399999999999998,True,0.12690922457256473,20.639157932971887
2026-08-31,independent,105,2.1378973315091474,0.97,True,0.06149209850423215,20.70065003147612
2026-08-31,independent,106,2.070065003147612,0.9,False,-2.070065003147612,18.630585028328507
2026-08-31,independent,107,2.070065003147612,0.6999998225,False,-2.070065003147612,16.560520025180896
2026-08-31,independent,108,1.6560520025180896,0.7099999395,False,-1.6560520025180896,14.904468022662806
2026-08-31,independent,109,1.6560520025180896,0.86,True,0.25071857061378516,15.155186593276591
2026-08-31,independent,110,1.6560520025180896,0.56,True,1.2101008561257183,16.36528744940231
2026-08-31,independent,111,1.6560520025180896,0.9299998159,True,0.11592396800339955,16.48121141740571
2026-08-31,independent,112,1.648121141740571,0.56,False,-1.648121141740571,14.833090275665139
2026-08-31,independent,113,1.648121141740571,0.9,False,-1.648121141740571,13.184969133924568
2026-08-31,independent,114,1.318496913392457,0.8599999549,True,0.19961437491630502,13.384583508840873
2026-08-31,independent,115,1.318496913392457,0.58,False,-1.318496913392457,12.066086595448416
2026-08-31,independent,116,1.318496913392457,0.78,True,0.3458518826667907,12.411938478115207
2026-08-31,independent,117,1.318496913392457,0.469999984,True,1.382738660328074,13.794677138443282
2026-08-31,independent,118,1.318496913392457,0.719999856,True,0.47685672428870907,14.27153386273199
2026-08-31,independent,119,1.427153386273199,0.9,True,0.14747251658156382,14.419006379313554
2026-08-31,independent,120,1.427153386273199,0.98,True,0.02708678875987925,14.446093168073434
2026-08-31,independent,121,1.427153386273199,0.96,True,0.055302193718086555,14.50139536179152
2026-08-31,independent,122,1.450139536179152,0.64,True,0.758604244863719,15.259999606655239
2026-08-31,independent,123,1.450139536179152,0.9699999999,True,0.04171019917364167,15.30170980582888
2026-08-31,independent,124,1.450139536179152,0.67,True,0.6642504830647487,15.965960288893628
2026-08-31,independent,125,1.5965960288893628,0.5799999371,True,1.0752251205377983,17.041185409431428
2026-08-31,independent,126,1.5965960288893628,0.89,True,0.18351884691615927,17.224704256347586
2026-08-31,independent,127,1.5965960288893628,0.7099999432,False,-1.5965960288893628,15.628108227458224
2026-08-31,independent,128,1.5965960288893628,0.94,True,0.09477665788513451,15.722884885343358
2026-08-31,independent,129,1.5965960288893628,0.66,False,-1.5965960288893628,14.126288856453996
2026-08-31,independent,130,1.5965960288893628,0.5,False,-1.5965960288893628,12.529692827564634
2026-08-31,independent,131,1.2529692827564636,0.699999972,False,-1.2529692827564636,11.27672354480817
2026-08-31,independent,132,1.2529692827564636,0.7899999826,True,0.3097530716298604,11.58647661643803
2026-08-31,independent,133,1.2529692827564636,0.8099996274,True,0.273333590473547,11.859810206911577
2026-08-31,independent,134,1.2529692827564636,0.5299999345,True,1.0333453160407398,12.893155522952316
2026-08-31,independent,135,1.2893155522952318,0.63,False,-1.2893155522952318,11.603839970657084
2026-08-31,independent,136,1.2893155522952318,0.72,True,0.466302458080109,12.070142428737194
2026-08-31,independent,137,1.2893155522952318,0.78,False,-1.2893155522952318,10.780826876441962
2026-08-31,independent,138,1.2893155522952318,0.9699999981,True,0.03708443944094627,10.817911315882908
2026-08-31,independent,139,1.2893155522952318,0.9299999817,False,-1.2893155522952318,9.528595763587676
2026-08-31,independent,140,1.2893155522952318,0.8699999913,True,0.17917041639440012,9.707766179982077
2026-08-31,independent,141,1.2893155522952318,0.5573416561,False,-1.2893155522952318,8.418450627686845
2026-08-31,independent,142,1.2893155522952318,0.5699999555,True,0.9045568122350266,9.323007439921872
2026-08-31,independent,143,1.2893155522952318,0.79,False,-1.2893155522952318,8.03369188762664
2026-08-31,independent,144,1.2893155522952318,0.81,True,0.28126180011181146,8.314953687738452
2026-08-31,independent,145,1.2893155522952318,0.88,True,0.16350865413198637,8.478462341870438
2026-08-31,independent,146,1.2893155522952318,0.7899999573,False,-1.2893155522952318,7.189146789575206
2026-08-31,independent,147,1.2893155522952318,0.6199998512,True,0.7349103289619922,7.924057118537198
2026-08-31,independent,148,1.2893155522952318,0.66,False,-1.2893155522952318,6.634741566241966
2026-08-31,independent,149,1.2893155522952318,0.62,True,0.7349098648082821,7.369651431050248
2026-08-31,independent,150,1.2893155522952318,0.59999994,True,0.7993758422669741,8.169027273317223
2026-08-31,independent,151,1.2893155522952318,0.9399999624,True,0.0765360167878874,8.24556329010511
2026-08-31,independent,152,0.8245563290105111,0.5399999268,False,-0.8245563290105111,7.4210069610946
2026-08-31,independent,153,0.8245563290105111,0.84,True,0.14606426399614778,7.567071225090747
2026-08-31,independent,154,0.8245563290105111,0.83,True,0.15706307905609856,7.724134304146846
2026-08-31,independent,155,0.8245563290105111,0.6099999909,False,-0.8245563290105111,6.899577975136335
2026-08-31,independent,156,0.8245563290105111,0.9199999963,True,0.06668151517652382,6.966259490312859
2026-08-31,independent,157,0.8245563290105111,0.6,True,0.511224923986517,7.477484414299376
2026-08-31,independent,158,0.8245563290105111,0.76,True,0.24215917451992905,7.719643588819305
2026-08-31,independent,159,0.7719643588819305,0.79,True,0.19084131555650755,7.910484904375813
2026-08-31,independent,160,0.7719643588819305,0.8899999885,True,0.08873254291034231,7.9992174472861555
2026-08-31,independent,161,0.7719643588819305,0.8,True,0.1794817134400488,8.178699160726204
2026-08-31,independent,162,0.8178699160726204,0.31,False,-0.8178699160726204,7.3608292446535835
2026-08-31,independent,163,0.8178699160726204,0.94,True,0.04855015033707682,7.40937939499066
2026-08-31,independent,164,0.8178699160726204,0.92,True,0.06614078451717703,7.475520179507837
2026-08-31,independent,165,0.8178699160726204,0.7799999799,True,0.21453359542182773,7.690053774929665
2026-08-31,independent,166,0.7690053774929666,0.71,True,0.29211373283077907,7.982167507760444
2026-08-31,independent,167,0.7690053774929666,0.77,True,0.2136237016178513,8.195791209378296
2026-08-31,independent,168,0.7690053774929666,0.96,True,0.029798958377852503,8.225590167756149
2026-08-31,independent,169,0.8225590167756149,0.96,True,0.03187416190005513,8.257464329656203
2026-08-31,independent,170,0.8225590167756149,0.61,True,0.48908550063035333,8.746549830286556
2026-08-31,independent,171,0.8225590167756149,0.7599999408,True,0.24157267385819578,8.988122504144751
2026-08-31,independent,172,0.8988122504144752,0.7399997262,True,0.29369339382652687,9.281815897971278
2026-08-31,independent,173,0.8988122504144752,0.8599999962,True,0.13607599848541382,9.417891896456691
2026-08-31,independent,174,0.8988122504144752,0.9,False,-0.8988122504144752,8.519079646042217
2026-08-31,independent,175,0.8988122504144752,0.95,True,0.04399449436239273,8.56307414040461
2026-08-31,independent,176,0.8988122504144752,0.77,False,-0.8988122504144752,7.664261889990134
2026-08-31,independent,177,0.8988122504144752,0.8099999759,False,-0.8988122504144752,6.7654496395756585
2026-08-31,independent,178,0.6765449639575659,0.77,True,0.18793891920847183,6.95338855878413
2026-08-31,independent,179,0.6765449639575659,0.8699999801,False,-0.6765449639575659,6.276843594826564
2026-08-31,independent,180,0.6765449639575659,0.9699999981,True,0.019459387347261676,6.296302982173826
2026-08-31,independent,181,0.6765449639575659,0.75,True,0.20972893882684546,6.506031921000671
2026-08-31,independent,182,0.6765449639575659,0.87,True,0.09401642085341345,6.600048341854085
2026-08-31,independent,183,0.6600048341854086,0.74,False,-0.6600048341854086,5.940043507668676
2026-08-31,independent,184,0.6600048341854086,0.7299999679,True,0.22702361760895676,6.167067125277633
2026-08-31,independent,185,0.6600048341854086,0.8299999967,True,0.12571899605438616,6.2927861213320195
2026-08-31,independent,186,0.6600048341854086,0.5299999339,False,-0.6600048341854086,5.632781287146611
2026-08-31,independent,187,0.6600048341854086,0.68,True,0.2888491744905552,5.921630461637166
2026-08-31,independent,188,0.6600048341854086,0.54,False,-0.6600048341854086,5.261625627451758
2026-08-31,independent,189,0.6600048341854086,0.77,True,0.1833442000418946,5.444969827493653
2026-08-31,independent,190,0.6600048341854086,0.5438176471,True,0.514890939277849,5.959860766771501
2026-08-31,independent,191,0.6600048341854086,0.7799999984,True,0.1731243465813085,6.1329851133528095
2026-08-31,independent,192,0.613298511335281,0.8799999648,True,0.07777742804513968,6.2107625413979495
2026-08-31,independent,193,0.613298511335281,0.699999993,False,-0.613298511335281,5.597464030062668
2026-08-31,independent,194,0.613298511335281,0.849999915,True,0.10065317572710462,5.698117205789773
2026-08-31,independent,195,0.613298511335281,0.8199999789,True,0.12520266521226703,5.82331987100204
2026-08-31,independent,196,0.613298511335281,0.6375,True,0.32432668334730447,6.147646554349344
2026-08-31,independent,197,0.6147646554349344,0.76,False,-0.6147646554349344,5.532881898914409
2026-08-31,independent,198,0.6147646554349344,0.7299999783,True,0.21146222188357233,5.744344120797981
2026-08-31,independent,199,0.6147646554349344,0.81,True,0.13410977113006523,5.8784538919280465
2026-08-31,independent,200,0.6147646554349344,0.63,True,0.3357785998970808,6.214232491825127
2026-08-31,independent,201,0.6214232491825128,0.96,True,0.024080150905822408,6.23831264273095
2026-08-31,independent,202,0.6214232491825128,0.7199999856,True,0.22474809117444317,6.463060733905393
2026-08-31,independent,203,0.6214232491825128,0.8,True,0.1444809054349342,6.607541639340327
2026-08-31,independent,204,0.6607541639340327,0.77,True,0.1835523580071293,6.791093997347456
2026-08-31,independent,205,0.6607541639340327,0.82,True,0.13489054517385007,6.925984542521307
2026-08-31,independent,206,0.6607541639340327,0.7799999962,True,0.17332090376234324,7.09930544628365
2026-08-31,independent,207,0.709930544628365,0.849999915,True,0.11651220823435782,7.215817654518008
2026-08-31,independent,208,0.709930544628365,0.7299999974,False,-0.709930544628365,6.505887109889644
2026-08-31,independent,209,0.709930544628365,0.9,True,0.07335948961159768,6.579246599501241
2026-08-31,independent,210,0.709930544628365,0.73,True,0.24419665720024983,6.82344325670149
2026-08-31,independent,211,0.709930544628365,0.8899999768,True,0.08160214823158765,6.9050454049330785
2026-08-31,independent,212,0.6905045404933079,0.9099999836,True,0.06351125451917546,6.968556659452254
2026-08-31,independent,213,0.6905045404933079,0.64,True,0.36122018774556175,7.329776847197816
2026-08-31,independent,214,0.6905045404933079,0.6099999855,False,-0.6905045404933079,6.639272306704508
2026-08-31,independent,215,0.6905045404933079,0.6799999597,True,0.3021973372187953,6.941469643923304
2026-08-31,independent,216,0.6905045404933079,0.64,True,0.36122018774556175,7.302689831668865
2026-08-31,independent,217,0.6905045404933079,0.9399999985,True,0.04098952594070712,7.343679357609572
2026-08-31,independent,218,0.7343679357609573,0.6099998597,False,-0.7343679357609573,6.609311421848615
2026-08-31,independent,219,0.7343679357609573,0.789999985,True,0.1815469250908247,6.790858346939439
2026-08-31,independent,220,0.7343679357609573,0.9299999907,True,0.05140576284694653,6.842264109786385
2026-08-31,independent,221,0.7343679357609573,0.9299999907,True,0.05140576284694653,6.893669872633332
2026-08-31,independent,222,0.6893669872633332,0.8199999836,True,0.14073176401232707,7.034401636645659
2026-09-05,independent,0,5.0,0.86,True,0.7569767441860464,50.75697674418605
2026-09-05,independent,1,5.0,0.63,True,2.7309523809523806,53.48792912513843
2026-09-05,independent,2,5.0,0.97,True,0.14381443298969065,53.63174355812812
2026-09-05,independent,3,5.363174355812813,0.9800000000000001,True,0.10179086022256915,53.73353441835069
2026-09-05,independent,4,5.363174355812813,0.75,True,1.6625840503019722,55.396118468652666
2026-09-05,independent,5,5.363174355812813,0.8400000000000001,True,0.9500480287439835,56.34616649739665
2026-09-05,independent,6,5.634616649739666,0.95,True,0.2757996570662047,56.621966154462854
2026-09-05,independent,7,5.634616649739666,0.5699999793,True,3.953128751811689,60.57509490627454
2026-09-05,independent,8,5.634616649739666,0.8400000000000001,True,0.9981320922395974,61.573226998514144
2026-09-05,independent,9,6.157322699851415,0.96,True,0.2385962546192427,61.81182325313339
2026-09-05,independent,10,6.157322699851415,0.89,True,0.7077461934773027,62.519569446610696
2026-09-05,independent,11,6.157322699851415,0.8599995355999999,True,0.9321936136392851,63.45176306024998
2026-09-05,independent,12,6.345176306024999,0.8132895445000001,True,1.3547217134339204,64.8064847736839
2026-09-05,independent,13,6.345176306024999,0.75,True,1.96700465486775,66.77348942855166
2026-09-05,independent,14,6.345176306024999,0.6699999196,True,2.9064706215534817,69.67996005010514
2026-09-05,independent,15,6.967996005010514,0.65,True,3.4893579994321873,73.16931804953732
2026-09-05,independent,16,6.967996005010514,0.849999983,True,1.1435712615337592,74.31288931107109
2026-09-05,independent,17,6.967996005010514,0.8299999557,True,1.3272777280301604,75.64016703910124
2026-09-05,independent,18,7.5640167039101245,0.9299999907000001,True,0.5294812449138757,76.16964828401512
2026-09-05,independent,19,7.5640167039101245,0.9399999906,True,0.44901298130164036,76.61866126531676
2026-09-05,independent,20,7.5640167039101245,0.8400537634,False,-7.5640167039101245,69.05464456140663
2026-09-05,independent,21,7.5640167039101245,0.6499999724,True,3.7878272858768613,72.84247184728349
2026-09-05,independent,22,7.5640167039101245,0.85,True,1.2413886237593688,74.08386047104285
2026-09-05,independent,23,7.5640167039101245,0.8800000000000001,True,0.9592548456322377,75.0431153166751
2026-09-05,independent,24,7.50431153166751,0.8400000000000001,True,1.3293351856096725,76.37245050228478
2026-09-05,independent,25,7.50431153166751,0.7699999893,True,2.0846393942918517,78.45708989657663
2026-09-05,independent,26,7.50431153166751,0.6,True,4.652673149633857,83.10976304621049
2026-09-05,independent,27,8.310976304621049,0.53,True,6.854203288207283,89.96396633441778
2026-09-05,independent,28,8.310976304621049,0.67,False,-8.310976304621049,81.65299002979673
2026-09-05,independent,29,8.310976304621049,0.8799999859,True,1.0539830448167065,82.70697307461343
2026-09-05,independent,30,8.310976304621049,0.8974605020999998,True,0.8831019324713478,83.59007500708478
2026-09-05,independent,31,8.310976304621049,0.8972907886,True,0.884730863999526,84.4748058710843
2026-09-05,independent,32,8.44748058710843,0.95,True,0.4134819445268863,84.88828781561119
2026-09-05,independent,33,8.44748058710843,0.7186543639,True,3.075602938361079,87.96389075397227
2026-09-05,independent,34,8.44748058710843,0.71,True,3.20885283710302,91.17274359107529
2026-09-05,independent,35,9.11727435910753,0.4,True,12.718597730955,103.89134132203029
2026-09-05,independent,36,9.11727435910753,0.5299999609,True,7.519172165843358,111.41051348787364
2026-09-05,independent,37,9.11727435910753,0.6899999952,True,3.8094351546601493,115.2199486425338
2026-09-05,independent,38,11.52199486425338,0.98,True,0.21868275966848386,115.43863140220228
2026-09-05,independent,39,11.52199486425338,0.82,False,-11.52199486425338,103.9166365379489
2026-09-05,independent,40,11.52199486425338,0.6891082917999999,True,4.834285435678465,108.75092197362737
2026-09-05,independent,41,11.52199486425338,0.7699999877,True,3.2007206138087803,111.95164258743615
2026-09-05,independent,42,11.52199486425338,0.7299999942,True,3.9632506788363258,115.91489326627249
2026-09-05,independent,43,11.591489326627249,0.5299999456431957,True,9.55970017032924,125.47459343660172
2026-09-05,independent,44,11.591489326627249,0.77,True,3.2200254116435945,128.6946188482453
2026-09-05,independent,45,11.591489326627249,0.85,True,1.9023679541935328,130.59698680243883
2026-09-05,independent,46,13.059698680243883,0.72,True,4.723257689354873,135.32024449179372
2026-09-05,independent,47,13.059698680243883,0.9299999907000001,True,0.9141790382140587,136.23442353000777
2026-09-05,independent,48,13.059698680243883,0.9399999624,True,0.775246459764273,137.00966998977205
2026-09-05,independent,49,13.700966998977206,0.95,True,0.6706262794236211,137.68029626919568
2026-09-05,independent,50,13.700966998977206,0.5799999861,True,9.22689312959778,146.90718939879346
2026-09-05,independent,51,13.700966998977206,0.5199999623395241,True,11.761754983005211,158.66894438179867
2026-09-05,independent,52,15.866894438179868,0.55,True,12.073264222505955,170.7422086043046
2026-09-05,independent,53,15.866894438179868,0.8299999967000001,True,3.0223567100548325,173.76456531435943
2026-09-05,independent,54,15.866894438179868,0.85,True,2.604037381324816,176.36860269568425
2026-09-05,independent,55,17.636860269568427,0.5878691472,False,-17.636860269568427,158.73174242611583
2026-09-05,independent,56,17.636860269568427,0.63,True,9.633085109140469,168.3648275352563
2026-09-05,independent,57,17.636860269568427,0.8550124063,True,2.781394864240005,171.1462223994963
2026-09-05,independent,58,17.636860269568427,0.75,True,5.467426683566213,176.6136490830625
2026-09-05,independent,59,17.66136490830625,0.67,True,8.089959537849532,184.70360862091204
2026-09-05,independent,60,17.66136490830625,0.6,True,10.950046243149878,195.6536548640619
2026-09-05,independent,61,17.66136490830625,0.969999996,True,0.5079919058494733,196.16164676991139
2026-09-05,independent,62,19.61616467699114,0.7799999978,False,-19.61616467699114,176.54548209292025
2026-09-05,independent,63,19.61616467699114,0.529999965,True,16.17778638687077,192.72326847979102
2026-09-05,independent,64,19.61616467699114,0.7299998102,True,6.7474297172360655,199.47069819702708
2026-09-05,independent,65,19.61616467699114,0.84,True,3.4748634570670043,202.9455616540941
2026-09-05,independent,66,20.29455616540941,0.8899999982,True,2.3327338583071784,205.27829551240126
2026-09-05,independent,67,20.29455616540941,0.5355519607686381,True,16.368090835196174,221.64638634759743
2026-09-05,independent,68,20.29455616540941,0.73,True,6.980771305663425,228.62715765326087
2026-09-05,independent,69,22.862715765326087,0.8299992197999999,True,4.354958251931285,232.98211590519216
2026-09-05,independent,70,22.862715765326087,0.7199999923,True,8.268682517610658,241.25079842280283
2026-09-05,independent,71,22.862715765326087,0.7599999595,True,6.714420120893401,247.96521854369624
2026-09-05,independent,72,24.796521854369626,0.5499999725,True,18.86790099834911,266.8331195420453
2026-09-05,independent,73,24.796521854369626,0.91,True,2.2807350320997113,269.113854574145
2026-09-05,independent,74,24.796521854369626,0.6,True,15.373843549709171,284.4876981238542
2026-09-05,independent,75,28.44876981238542,0.59,True,18.385620219428077,302.8733183432823
2026-09-05,independent,76,28.44876981238542,0.64,False,-28.44876981238542,274.42454853089686
2026-09-05,independent,77,28.44876981238542,0.5646239822592011,True,20.401007794095406,294.82555632499225
2026-09-05,independent,78,28.44876981238542,0.5499999967000001,True,21.646927864049875,316.4724841890421
2026-09-05,independent,79,28.44876981238542,0.5399999554,False,-28.44876981238542,288.0237143766567
2026-09-05,independent,80,28.44876981238542,0.5899999663,True,18.385622780798215,306.4093371574549
2026-09-05,independent,81,28.44876981238542,0.61,False,-28.44876981238542,277.9605673450695
2026-09-05,independent,82,28.44876981238542,0.8,False,-28.44876981238542,249.51179753268406
2026-09-05,independent,83,24.951179753268406,0.93,True,1.7465825827287844,251.25838011541285
2026-09-05,independent,84,24.951179753268406,0.8,True,5.801149292634903,257.05952940804775
2026-09-05,independent,85,24.951179753268406,0.7299999942,True,8.582522493713686,265.6420519017614
2026-09-05,independent,86,26.564205190176143,0.66,True,12.726669213838932,278.36872111560035
2026-09-05,independent,87,26.564205190176143,0.6699999842,True,12.167992769333994,290.53671388493433
2026-09-05,independent,88,26.564205190176143,0.5967199849447999,True,16.69613286894293,307.23284675387725
2026-09-05,independent,89,30.723284675387728,0.73,False,-30.723284675387728,276.5095620784895
2026-09-05,independent,90,30.723284675387728,0.6299999943,True,16.78076589732606,293.29032797581556
2026-09-05,independent,91,30.723284675387728,0.8101055389603993,True,6.697632114484631,299.9879600903002
2026-09-05,independent,92,30.723284675387728,0.95,True,1.5038239341110835,301.4917840244113
2026-09-05,independent,93,30.14917840244113,0.6099999756,False,-30.14917840244113,271.34260562197016
2026-09-05,independent,94,30.14917840244113,0.5899998466,True,19.484557652413617,290.8271632743838
2026-09-05,independent,95,30.14917840244113,0.8799995072,True,3.823481831151516,294.6506451055353
2026-09-05,independent,96,30.14917840244113,0.759999998,True,8.85433775422501,303.50498285976033
2026-09-05,independent,97,30.350498285976034,0.91,True,2.7915787983914218,306.29656165815175
2026-09-05,independent,98,30.350498285976034,0.78,True,7.9611691657829455,314.2577308239347
2026-09-05,independent,99,30.350498285976034,0.91,True,2.7915787983914218,317.0493096223261
2026-09-05,independent,100,31.704930962232613,0.9299999907000001,True,2.2193454844055927,319.2686551067317
2026-09-05,independent,101,31.704930962232613,0.8099999766001603,True,6.916373028180868,326.1850281349126
2026-09-05,independent,102,31.704930962232613,0.81,True,6.916371976575924,333.10140011148854
2026-09-05,independent,103,33.31014001114885,0.7599999696,True,9.782663802139048,342.8840639136276
2026-09-05,independent,104,33.31014001114885,0.469999901391054,False,-33.31014001114885,309.5739239024787
2026-09-05,independent,105,33.31014001114885,0.74,True,10.88431331715648,320.4582372196352
2026-09-05,independent,106,33.31014001114885,0.6,False,-33.31014001114885,287.1480972084863
2026-09-05,independent,107,33.31014001114885,0.92,True,2.693776540032034,289.84187374851837
2026-09-05,independent,108,33.31014001114885,0.7799999552999999,False,-33.31014001114885,256.5317337373695
2026-09-05,independent,109,33.31014001114885,0.8,True,7.744607552592106,264.27634128996164
2026-09-05,independent,110,33.31014001114885,0.859999914,True,5.043003868947573,269.3193451589092
2026-09-05,independent,111,33.31014001114885,0.7599999955999999,False,-33.31014001114885,236.00920514776033
2026-09-05,independent,112,33.31014001114885,0.5,False,-33.31014001114885,202.69906513661147
2026-09-05,independent,113,20.269906513661148,0.5696960784,False,-20.269906513661148,182.42915862295033
2026-09-05,independent,114,20.269906513661148,0.72,True,7.330949522440784,189.76010814539111
2026-09-05,independent,115,20.269906513661148,0.9,True,2.0945570064116508,191.85466515180278
2026-09-05,independent,116,20.269906513661148,0.85,True,3.326649363124392,195.18131451492718
2026-09-05,independent,117,19.51813145149272,0.6599999409,True,9.350961803604395,204.5322763185316
2026-09-05,independent,118,19.51813145149272,0.8699999913,True,2.7123474413840136,207.2446237599156
2026-09-05,independent,119,19.51813145149272,0.6899999917000001,True,8.1551848055273,215.39980856544292
2026-09-05,independent,120,21.539980856544293,0.78,True,5.650102670832004,221.04991123627494
2026-09-05,independent,121,21.539980856544293,0.6499999860999999,True,10.786560303362602,231.83647153963753
2026-09-05,independent,122,21.539980856544293,0.6899999586,True,8.999967656337283,240.8364391959748
2026-09-05,independent,123,24.08364391959748,0.7899999920999999,False,-24.08364391959748,216.75279527637733
2026-09-05,independent,124,24.08364391959748,0.8699999532,False,-24.08364391959748,192.66915135677985
2026-09-05,independent,125,19.266915135677987,0.8799999648,True,2.4433959612169724,195.1125473179968
2026-09-05,independent,126,19.266915135677987,0.88,True,2.4433951467518926,197.5559424647487
2026-09-05,independent,127,19.266915135677987,0.84,False,-19.266915135677987,178.28902732907073
2026-09-05,independent,128,19.266915135677987,0.5999999851624,True,11.945488122630218,190.23451545170096
2026-09-05,independent,129,19.266915135677987,0.87,True,2.6774368274752507,192.9119522791762
2026-09-05,independent,130,19.266915135677987,0.91,True,1.7721327437980738,194.68408502297427
2026-09-05,independent,131,19.46840850229743,0.74,True,6.361434021426378,201.04551904440066
2026-09-05,independent,132,19.46840850229743,0.9299999907000001,True,1.3627887898449051,202.40830783424556
2026-09-05,independent,133,19.46840850229743,0.74,False,-19.46840850229743,182.93989933194814
2026-09-05,independent,134,19.46840850229743,0.7,True,7.759551388772833,190.69945072072096
2026-09-05,independent,135,19.46840850229743,0.5691518317822825,True,13.705961635945464,204.40541235666643
2026-09-05,independent,136,19.46840850229743,0.472131114,False,-19.46840850229743,184.937003854369
2026-09-05,independent,137,19.46840850229743,0.8699999921282401,True,2.705437645686673,187.6424415000557
2026-09-05,independent,138,19.46840850229743,0.5190528041137289,True,16.776418613109044,204.41886011316473
2026-09-05,independent,139,19.46840850229743,0.7799999995,True,5.106713322020795,209.52557343518552
2026-09-05,independent,140,20.952557343518553,0.7,False,-20.952557343518553,188.57301609166697
2026-09-05,independent,141,20.952557343518553,0.9399999624,True,1.2437802970249954,189.81679638869196
2026-09-05,independent,142,20.952557343518553,0.8899999959,True,2.4083670854026415,192.2251634740946
2026-09-05,independent,143,20.952557343518553,0.94,True,1.2437794678386542,193.46894294193325
2026-09-05,independent,144,19.346894294193326,0.7099999432,True,7.34909694444083,200.81803988637407
2026-09-05,independent,145,19.346894294193326,0.87,True,2.688551172606865,203.50659105898094
2026-09-05,independent,146,19.346894294193326,0.53999996905472,True,15.327041500262784,218.83363255924374
2026-09-05,independent,147,21.883363255924376,0.59,False,-21.883363255924376,196.95026930331937
2026-09-05,independent,148,21.883363255924376,0.8399999944,True,3.8764816525695287,200.8267509558889
2026-09-05,independent,149,21.883363255924376,0.77,False,-21.883363255924376,178.94338769996455
2026-09-05,independent,150,21.883363255924376,0.89,True,2.515357372001194,181.45874507196575
2026-09-05,independent,151,21.883363255924376,0.94,True,1.2990336911495532,182.7577787631153
2026-09-05,independent,152,21.883363255924376,0.85,False,-21.883363255924376,160.87441550719095
2026-09-05,independent,153,21.883363255924376,0.6899999753999999,False,-21.883363255924376,138.99105225126658
2026-09-05,independent,154,13.89910522512666,0.9,False,-13.89910522512666,125.09194702613992
2026-09-05,independent,155,13.89910522512666,0.5699999968,True,9.751319740519495,134.8432667666594
2026-09-05,independent,156,13.89910522512666,0.579999994,True,9.360328680436988,144.2035954470964
2026-09-05,independent,157,13.89910522512666,0.74,False,-13.89910522512666,130.30449022196976
2026-09-05,independent,158,13.89910522512666,0.54,True,11.011180028350342,141.3156702503201
2026-09-05,independent,159,13.89910522512666,0.92,True,1.1240145964667632,142.43968484678686
2026-09-05,independent,160,13.89910522512666,0.66,True,6.658934957856134,149.098619804643
2026-09-05,independent,161,14.9098619804643,0.7199999855999999,True,5.392400468106037,154.49102027274904
2026-09-05,independent,162,14.9098619804643,0.8699992344,True,2.071970707678066,156.56299098042712
2026-09-05,independent,163,14.9098619804643,0.67,False,-14.9098619804643,141.6531289999628
2026-09-05,independent,164,14.9098619804643,0.92,True,1.205754055811459,142.85888305577427
2026-09-05,independent,165,14.9098619804643,0.9399999976,True,0.8850748233115941,143.74395787908585
2026-09-05,independent,166,14.9098619804643,0.75,False,-14.9098619804643,128.83409589862157
2026-09-05,independent,167,14.9098619804643,0.95,True,0.7297985074648314,129.5638944060864
2026-09-05,independent,168,14.9098619804643,0.61586,True,8.648964333603853,138.21285873969026
2026-09-05,independent,169,14.9098619804643,0.77,True,4.141843477430276,142.35470221712055
2026-09-05,independent,170,14.235470221712056,0.6199999999,True,8.11421802981994,150.46892024694048
2026-09-05,independent,171,14.235470221712056,0.6099999786,True,8.464271334204424,158.9331915811449
2026-09-05,independent,172,14.235470221712056,0.9699999861,True,0.4094534112361774,159.34264499238108
2026-09-05,independent,173,15.93426449923811,0.7,True,6.350942564696332,165.69358755707742
2026-09-05,independent,174,15.93426449923811,0.91,True,1.465602130314538,167.15918968739197
2026-09-05,independent,175,15.93426449923811,0.6199999864,False,-15.93426449923811,151.22492518815386
2026-09-05,independent,176,15.93426449923811,0.84,True,2.8226411398650386,154.0475663280189
2026-09-05,independent,177,15.93426449923811,0.6199999229,True,9.082533736820432,163.13010006483933
2026-09-05,independent,178,15.93426449923811,0.56999999698672,True,11.179144651902815,174.30924471674214
2026-09-05,independent,179,17.430924471674214,0.6899999586,True,7.283096373665683,181.5923410904078
2026-09-05,independent,180,17.430924471674214,0.78,False,-17.430924471674214,164.1614166187336
2026-09-05,independent,181,17.430924471674214,0.7899999920999999,True,4.309189508133637,168.47060612686724
2026-09-05,independent,182,17.430924471674214,0.8699999913,True,2.422297621532195,170.89290374839942
2026-09-05,independent,183,17.430924471674214,0.9699999950999999,True,0.5013637882980599,171.39426753669747
2026-09-05,independent,184,17.13942675366975,0.699999993,False,-17.13942675366975,154.25484078302773
2026-09-05,independent,185,17.13942675366975,0.75,True,5.313222293637623,159.56806307666537
2026-09-05,independent,186,17.13942675366975,0.5799999727,True,11.542518690081158,171.11058176674652
2026-09-05,independent,187,17.13942675366975,0.5599999421,True,12.524026920802733,183.63460868754925
2026-09-05,independent,188,18.363460868754924,0.5599998432,False,-18.363460868754924,165.27114781879433
2026-09-05,independent,189,18.363460868754924,0.8,False,-18.363460868754924,146.90768695003942
2026-09-05,independent,190,14.690768695003943,0.8999998471,True,1.518048677475828,148.42573562751525
2026-09-05,independent,191,14.690768695003943,0.7099999846,True,5.58042339912996,154.0061590266452
2026-09-05,independent,192,14.690768695003943,0.97,True,0.42254891401093797,154.42870794065615
2026-09-05,independent,193,15.442870794065616,0.8899999733,False,-15.442870794065616,138.98583714659054
2026-09-05,independent,194,15.442870794065616,0.95,True,0.7558878862358432,139.7417250328264
2026-09-05,independent,195,15.442870794065616,0.9599995063,True,0.5984189369102196,140.3401439697366
2026-09-05,independent,196,15.442870794065616,0.8982035207,True,1.6276798654528237,141.96782383518942
2026-09-05,independent,197,14.196782383518944,0.9699999992000001,True,0.4083404529786134,142.37616428816804
2026-09-05,independent,198,14.196782383518944,0.6107967183348586,True,8.413034546530852,150.78919883469888
2026-09-05,independent,199,14.196782383518944,0.6488888888999998,True,7.144093162097738,157.9332919967966
2026-09-05,independent,200,15.793329199679661,0.5299999982,False,-15.793329199679661,142.13996279711694
2026-09-05,independent,201,15.793329199679661,0.645,False,-15.793329199679661,126.34663359743728
2026-09-05,independent,202,12.634663359743728,0.901998,True,1.2766621645290694,127.62329576196635
2026-09-05,independent,203,12.634663359743728,0.7699998690999998,True,3.50981362362312,131.13310938558948
2026-09-05,independent,204,12.634663359743728,0.7699999877,False,-12.634663359743728,118.49844602584575
2026-09-05,independent,205,12.634663359743728,0.57,True,8.864213820283362,127.36265984612912
2026-09-05,independent,206,12.634663359743728,0.84,True,2.2381403665831763,129.6008002127123
2026-09-05,independent,207,12.634663359743728,0.7299998102,True,4.345982225608281,133.94678243832058
2026-09-05,independent,208,13.39467824383206,0.71,True,5.088091158255644,139.03487359657623
2026-09-05,independent,209,13.39467824383206,0.8999999658,True,1.3841172778270339,140.41899087440328
2026-09-05,independent,210,13.39467824383206,0.83,True,2.551444132951625,142.9704350073549
2026-09-05,independent,211,14.29704350073549,0.5299998781,False,-14.29704350073549,128.6733915066194
2026-09-05,independent,212,14.29704350073549,0.7199999855999999,False,-14.29704350073549,114.3763480058839
2026-09-05,independent,213,11.437634800588391,0.73,True,3.9342330115448543,118.31058101742875
2026-09-05,independent,214,11.437634800588391,0.7299999679,True,3.934233652279939,122.24481466970869
2026-09-05,independent,215,11.437634800588391,0.6,False,-11.437634800588391,110.80717986912029
2026-09-05,independent,216,11.437634800588391,0.61,False,-11.437634800588391,99.36954506853189
2026-09-05,independent,217,9.93695450685319,0.5699999059,True,6.971560759521329,106.34110582805322
2026-09-05,independent,218,9.93695450685319,0.68,False,-9.93695450685319,96.40415132120003
2026-09-05,independent,219,9.93695450685319,0.6899999586,True,4.1519196214606815,100.55607094266071
2026-09-05,independent,220,9.93695450685319,0.65,False,-9.93695450685319,90.61911643580751
2026-09-05,independent,221,9.93695450685319,0.9,True,1.0268186323748292,91.64593506818234
2026-09-05,independent,222,9.93695450685319,0.74,True,3.246967026698787,94.89290209488112
2026-09-05,independent,223,9.93695450685319,0.8,True,2.310341922843366,97.20324401772449
2026-09-05,independent,224,9.72032440177245,0.73,True,3.3435252839521383,100.54676930167662
2026-09-05,independent,225,9.72032440177245,0.5,False,-9.72032440177245,90.82644489990417
2026-09-05,independent,226,9.72032440177245,0.849999915,True,1.595277832985313,92.42172273288949
2026-09-05,independent,227,9.72032440177245,0.96,True,0.376662570568683,92.79838530345818
2026-09-05,independent,228,9.72032440177245,0.8699999568999999,True,1.3507904230035872,94.14917572646176
2026-09-05,independent,229,9.414917572646177,0.8299999791999999,False,-9.414917572646177,84.73425815381559
2026-09-05,independent,230,9.414917572646177,0.73,False,-9.414917572646177,75.31934058116941
2026-09-05,independent,231,7.531934058116942,0.8800000000000001,False,-7.531934058116942,67.78740652305247
2026-09-05,independent,232,7.531934058116942,0.8599995355999999,True,1.1403041824490163,68.92771070550148
2026-09-05,independent,233,7.531934058116942,0.75,False,-7.531934058116942,61.39577664738454
2026-09-05,independent,234,7.531934058116942,0.96,True,0.291862444752032,61.68763909213657
2026-09-05,independent,235,7.531934058116942,0.96,True,0.291862444752032,61.979501536888606
2026-09-05,independent,236,7.531934058116942,0.96,True,0.291862444752032,62.27136398164064
2026-09-05,independent,237,6.227136398164064,0.6199998512,True,3.549469988723157,65.8208339703638
2026-09-05,independent,238,6.227136398164064,0.7899999921,False,-6.227136398164064,59.59369757219973
2026-09-05,independent,239,6.227136398164064,0.7399999688,False,-6.227136398164064,53.36656117403567
2026-09-05,independent,240,5.336656117403567,0.8699999999999999,True,0.7416111776943589,54.108172351730026
2026-09-05,independent,241,5.336656117403567,0.93,False,-5.336656117403567,48.771516234326455
2026-09-05,independent,242,5.336656117403567,0.6,False,-5.336656117403567,43.43486011692289
2026-09-05,independent,243,4.343486011692289,0.95,True,0.212602210045991,43.647462326968885
2026-09-05,independent,244,4.343486011692289,0.86,False,-4.343486011692289,39.30397631527659
2026-09-05,independent,245,4.343486011692289,0.6999998651,True,1.731190536743538,41.03516685202013
2026-09-05,independent,246,4.343486011692289,0.24150750000000004,True,12.68650644084704,53.72167329286717
2026-09-05,independent,247,4.343486011692289,0.6899999742,True,1.8148219829143442,55.53649527578152
2026-09-05,independent,248,5.553649527578152,0.709999998,True,2.10960463681243,57.64609991259395
2026-09-05,independent,249,5.553649527578152,0.55,True,4.225822413257194,61.87192232585114
2026-09-05,independent,250,5.553649527578152,0.64,True,2.905252909114321,64.77717523496545
2026-09-05,independent,251,6.477717523496546,0.71,True,2.460620304347914,67.23779553931337
2026-09-05,independent,252,6.477717523496546,0.44999996649999996,False,-6.477717523496546,60.76007801581682
2026-09-05,independent,253,6.477717523496546,0.6899999586,True,2.7065598891024845,63.46663790491931
2026-09-05,independent,254,6.477717523496546,0.5438544431,True,5.05272570143775,68.51936360635706
2026-09-05,independent,255,6.477717523496546,0.5399999935,False,-6.477717523496546,62.04164608286052
2026-09-05,independent,256,6.477717523496546,0.64,True,3.388655979479131,65.43030206233965
2026-09-05,independent,257,6.477717523496546,0.58,True,4.36240769772026,69.7927097600599
2026-09-05,independent,258,6.477717523496546,0.63,False,-6.477717523496546,63.31499223656336
2026-09-05,independent,259,6.477717523496546,0.8699999913,True,0.9001794354408106,64.21517167200417
2026-09-05,independent,260,6.477717523496546,0.71,True,2.460620304347914,66.67579197635209
2026-09-05,independent,261,6.477717523496546,0.7399999593,True,2.1166384169145074,68.7924303932666
2026-09-05,independent,262,6.87924303932666,0.6099998597,False,-6.87924303932666,61.91318735393994
2026-09-05,independent,263,6.87924303932666,0.7299999087,False,-6.87924303932666,55.03394431461328
2026-09-05,independent,264,5.503394431461328,0.68,False,-5.503394431461328,49.53054988315195
2026-09-05,independent,265,5.503394431461328,0.75,True,1.706052273753012,51.23660215690496
2026-09-05,independent,266,5.503394431461328,0.6499998391,True,2.7559325452025254,53.992534702107484
2026-09-05,independent,267,5.503394431461328,0.7099999432,True,2.0905153346728143,56.0830500367803
2026-09-05,independent,268,5.60830500367803,0.8099998661999999,True,1.2234424144571963,57.306492451237496
2026-09-05,independent,269,5.60830500367803,0.9199999059999999,True,0.4535417665049951,57.76003421774249
2026-09-05,independent,270,5.60830500367803,0.8099999854,True,1.2234414668663196,58.98347568460881
2026-09-05,independent,271,5.898347568460881,0.75431,True,1.78669706501106,60.770172749619874
2026-09-05,independent,272,5.898347568460881,0.5999999918,False,-5.898347568460881,54.871825181159
2026-09-05,independent,273,5.898347568460881,0.7,False,-5.898347568460881,48.97347761269812
2026-09-05,independent,274,4.897347761269812,0.8,True,1.138633354495231,50.11211096719335
2026-09-05,independent,275,4.897347761269812,0.76,True,1.4382737109413448,51.5503846781347
2026-09-05,independent,276,4.897347761269812,0.55,True,3.7264364328934847,55.276821111028184
2026-09-05,independent,277,5.527682111102819,0.5795,True,3.73025540082558,59.00707651185376
2026-09-05,independent,278,5.527682111102819,0.9399999999999998,True,0.32813261893567913,59.33520913078944
2026-09-05,independent,279,5.527682111102819,0.63,True,3.019167324492825,62.354376455282264
2026-09-05,independent,280,6.2354376455282265,0.64,False,-6.2354376455282265,56.118938809754034
2026-09-05,independent,281,6.2354376455282265,0.78,True,1.6356032593270198,57.754542069081054
2026-09-05,independent,282,6.2354376455282265,0.95,True,0.3052082637021711,58.059750332783224
2026-09-05,independent,283,6.2354376455282265,0.8,True,1.4497392525853123,59.509489585368534
2026-09-05,independent,284,5.950948958536854,0.8199996473999999,True,1.214867360298271,60.724356945666806
2026-09-05,independent,285,5.950948958536854,0.6499999935,True,2.9800522174578012,63.70440916312461
2026-09-05,independent,286,5.950948958536854,0.9099999999999999,True,0.5473565140983896,64.251765677223
