arm,epoch,kind,side,sec,ask,fill_px,p,p_venue,ev,thr,rv60,move_bps,spent,win,pnl
8795,1789583700,EF,UP,197.3,0.12,0.12,0.623,0.115,3.8721,0.25,3.1161,0.53,2.99,1,20.5063
8796,1789583700,EF,UP,197.4,0.15,0.15,0.6776,0.145,3.2487,0.25,2.9865,0.53,3,1,15.8683
8795,1789584000,EF,UP,20,0.51,0.51,0.6776,0.505,0.2831,0.25,2.2249,3.81,3,1,2.6868
8796,1789584000,EF,DOWN,28.5,0.43,0.43,0.5943,0.575,0.327,0.25,2.4165,1.24,2.99,0,-2.9949
8795,1789584300,EF,UP,40.5,0.34,0.34,0.5314,0.33,0.4907,0.25,2.1201,13.27,2.99,0,-2.9921
8796,1789584300,EF,UP,40.5,0.34,0.34,0.5694,0.335,0.5974,0.25,2.3043,14.57,2.99,0,-2.9921
8795,1789584600,EF,UP,17.9,0.39,0.39,0.5314,0.385,0.3044,0.25,1.2975,-1.6,2.99,0,-2.9926
8796,1789584600,EF,UP,119.4,0.39,0.39,0.5694,0.385,0.3977,0.25,1.2649,-3.28,2.99,0,-2.9926
8795,1789584900,EF,UP,43.7,0.5,0.5,0.6776,0.495,0.3078,0.25,1.2413,6.88,2.99,1,2.7889
8796,1789584900,EF,UP,43.5,0.45,0.45,0.6776,0.445,0.4478,0.25,1.2832,5.83,2.99,1,3.4091
8795,1789585200,EF,UP,29.5,0.54,0.54,0.7167,0.53,0.2844,0.25,1.4632,24.33,2.99,1,2.377
8795,1789585500,EF,UP,77.2,0.32,0.32,0.5314,0.315,0.5816,0.25,0.9166,1.24,3,0,-2.9961
8796,1789585500,EF,UP,77.3,0.32,0.32,0.5694,0.315,0.6948,0.25,0.9254,1.24,3,0,-2.9961
8795,1789586100,EF,DOWN,34.6,0.31,0.31,0.5438,0.695,0.6695,0.25,1.6005,-6.8,3,1,6.2277
8796,1789586100,EF,DOWN,37.9,0.42,0.42,0.5909,0.585,0.3498,0.25,1.6934,-7.32,3,1,3.8602
8795,1789586700,EF,DOWN,15.9,0.38,0.38,0.5098,0.625,0.2834,0.25,1.219,7.73,2.99,1,4.5581
8796,1789586700,EF,DOWN,16,0.39,0.39,0.5438,0.615,0.3349,0.25,1.2217,7.73,2.99,1,4.3664
8795,1789587000,EF,DOWN,24.3,0.37,0.37,0.5098,0.635,0.3171,0.25,0.9463,-7.41,3,0,-2.9966
8796,1789587000,EF,DOWN,47.6,0.43,0.43,0.6272,0.575,0.4003,0.25,1.1538,-9.63,2.99,0,-2.9949
8795,1789587300,EF,DOWN,65.3,0.29,0.29,0.5098,0.715,0.6706,0.25,0.8864,-4.95,2.99,0,-2.9916
8796,1789587300,EF,DOWN,65.5,0.28,0.285,0.5098,0.725,0.729,0.25,0.9062,-5.07,2.99,0,-2.9926
8795,1789587600,EF,UP,71.7,0.54,0.54,0.7167,0.535,0.2844,0.25,0.6226,5.12,2.99,1,2.377
8796,1789587600,EF,DOWN,39.3,0.44,0.44,0.5943,0.565,0.2978,0.25,0.4084,-3.9,2.99,0,-2.9929
8795,1789588200,EF,UP,59.9,0.51,0.51,0.6776,0.505,0.2831,0.25,0.7433,5.26,3,0,-2.9995
8796,1789588200,EF,UP,59.9,0.51,0.51,0.6776,0.505,0.2831,0.25,0.7349,5.26,3,0,-2.9995
8795,1789588500,EF,DOWN,142.6,0.41,0.41,0.5098,0.6,0.1921,0.15,0.1636,-1.22,3,0,-2.9989
8796,1789588500,EF,DOWN,144.6,0.43,0.43,0.5438,0.575,0.2142,0.15,0.1449,-1.54,2.99,0,-2.9949
8795,1789588800,EF,UP,124.1,0.38,0.38,0.5694,0.375,0.4335,0.25,0.5381,0,2.99,1,4.5581
8796,1789588800,EF,UP,124.1,0.39,0.39,0.5694,0.38,0.3977,0.25,0.5408,0,2.99,1,4.3664
8795,1789589100,EF,DOWN,95.8,0.28,0.28,0.5098,0.725,0.729,0.25,1.0623,1.03,2.99,1,7.1849
8796,1789589100,EF,DOWN,93.2,0.31,0.31,0.5098,0.695,0.5651,0.25,1.0528,1.03,3,1,6.2277
8795,1789589400,EF,UP,137.1,0.28,0.28,0.5314,0.275,0.8022,0.25,0.702,2.23,2.99,1,7.1849
8795,1789589700,EF,UP,101.6,0.39,0.39,0.5314,0.385,0.3044,0.25,0.4657,-1.97,2.99,1,4.3664
8796,1789589700,EF,UP,101.6,0.39,0.39,0.5314,0.385,0.3044,0.25,0.4657,-1.97,2.99,1,4.3664
8795,1789590000,EF,DOWN,99.3,0.34,0.34,0.5098,0.665,0.4301,0.25,0.373,-2.3,2.99,1,5.4196
8796,1789590000,EF,DOWN,198.2,0.4,0.44,0.6416,0.645,0.5365,0.25,0.91,-3.73,2.99,1,3.5526
8795,1789590600,EF,DOWN,84.8,0.35,0.35,0.5098,0.655,0.3903,0.25,0.398,0,2.99,0,-2.9901
8796,1789590600,EF,DOWN,84.7,0.35,0.35,0.5438,0.655,0.4831,0.25,0.398,0,2.99,0,-2.9901
8795,1789590900,EF,DOWN,25.1,0.25,0.2512,0.5098,0.755,0.9322,0.25,1.1318,-2.95,3,1,8.3468
8795,1789591200,EF,UP,191.6,0.5,0.5,0.6776,0.48,0.3078,0.25,0.8003,0.53,2.99,1,2.7889
8795,1789593000,EF,DOWN,57.8,0.38,0.38,0.5098,0.625,0.2834,0.25,0.3877,0.6,2.99,1,4.5581
8796,1789593000,EF,DOWN,57.7,0.38,0.38,0.5098,0.625,0.2834,0.25,0.3742,0.86,2.99,1,4.5581
8795,1789593300,EF,DOWN,205,0.43,0.43,0.5943,0.575,0.327,0.25,0.2232,-0.61,2.99,0,-2.9949
8796,1789593300,EF,DOWN,206.7,0.36,0.36,0.5098,0.645,0.3527,0.25,0.221,-0.61,3,0,-2.9986
8795,1789593600,EF,DOWN,91.6,0.44,0.44,0.5943,0.565,0.2978,0.25,0.3465,-0.1,2.99,1,3.5526
8796,1789593600,EF,DOWN,91.4,0.44,0.44,0.6272,0.565,0.3695,0.25,0.3515,-0.11,2.99,1,3.5526
8796,1789593900,EF,DOWN,219.8,0.37,0.37,0.5098,0.665,0.3171,0.25,0.4035,0.16,3,1,4.7602
8795,1789594200,EF,DOWN,145.8,0.39,0.39,0.5098,0.615,0.2514,0.15,0.1271,1.24,2.99,0,-2.9926
8796,1789594200,EF,DOWN,146.2,0.4,0.4,0.5098,0.62,0.221,0.15,0.1299,0.99,2.99,0,-2.9905
8795,1789595400,EF,UP,96.7,0.46,0.46,0.5694,0.455,0.1911,0.15,0.0734,1.14,3,1,3.2834
8796,1789595400,EF,UP,96.7,0.46,0.46,0.5694,0.455,0.1911,0.15,0.0734,1.14,3,1,3.2834
8795,1789596300,EF,DOWN,65.8,0.53,0.5308,0.6975,0.475,0.2727,0.25,0.8122,-0.21,3,1,2.4677
8796,1789596300,EF,DOWN,65.9,0.53,0.5308,0.6975,0.475,0.2727,0.25,0.8349,-0.52,3,1,2.4677
8795,1789596900,EF,DOWN,97.7,0.44,0.44,0.5943,0.565,0.2978,0.25,0.8959,-0.4,2.99,1,3.5526
8796,1789596900,EF,DOWN,99.2,0.44,0.44,0.5943,0.575,0.2978,0.25,1.0107,-0.4,2.99,1,5.9295
8796,1789596900,REVERSAL,DOWN,120.1,,0.54,0.6463,,,0,,,2.99,1,5.9295
8795,1789598100,EF,UP,161.3,0.44,0.44,0.623,0.435,0.3605,0.25,0.4191,1.59,2.99,1,3.5526
8796,1789598100,EF,UP,161.2,0.44,0.44,0.5896,0.435,0.2874,0.25,0.4115,1.59,2.99,1,3.5526
8795,1789598400,EF,DOWN,33.7,0.32,0.32,0.5098,0.685,0.5173,0.25,0.3998,-3.3,3,0,-2.9961
8796,1789598400,EF,DOWN,33.7,0.32,0.32,0.5098,0.685,0.5173,0.25,0.3998,-3.3,3,0,-2.9961
8795,1789598700,EF,DOWN,34.1,0.48,0.4817,0.5909,0.525,0.1862,0.15,0.1523,-0.53,2.99,1,3.0051
8795,1789599300,EF,DOWN,92.9,0.44,0.4423,0.5943,0.565,0.2978,0.15,0.1646,0.56,2.99,0,-2.9924
8796,1789599300,EF,DOWN,92.8,0.47,0.4718,0.5943,0.535,0.2176,0.15,0.1646,0.56,3,0,-2.9968
8795,1789599900,EF,DOWN,156.5,0.36,0.36,0.5098,0.645,0.3527,0.25,0.4897,1.21,3,0,-2.9986
8796,1789599900,EF,DOWN,156.6,0.36,0.36,0.5098,0.645,0.3527,0.25,0.4897,1.21,3,0,-2.9986
8795,1789600200,EF,UP,42.1,0.49,0.49,0.6024,0.48,0.1855,0.15,0.1517,1.18,2.99,1,2.9048
8795,1789600500,EF,DOWN,61,0.38,0.38,0.5438,0.63,0.369,0.25,0.6708,-0.14,2.99,0,-2.9946
8796,1789600500,EF,DOWN,61,0.38,0.38,0.5438,0.63,0.369,0.25,0.6708,-0.14,2.99,0,-2.9946
8795,1789601100,EF,UP,220.7,0.42,0.42,0.6024,0.4,0.3761,0.25,0.3705,1.34,3,0,-2.9969
8796,1789601100,EF,UP,220.7,0.42,0.42,0.5694,0.385,0.3007,0.25,0.3784,1.34,3,0,-2.9969
8795,1789602900,EF,DOWN,33.2,0.44,0.44,0.6272,0.565,0.3695,0.25,0.3134,-1.04,2.99,1,3.5526
8795,1789603500,EF,UP,142.1,0.38,0.38,0.5314,0.375,0.3377,0.25,0.3812,-0.77,2.99,1,4.5581
8796,1789603500,EF,UP,161.7,0.45,0.45,0.6776,0.445,0.4478,0.25,0.4934,2.72,2.99,1,3.4091
8795,1789603800,EF,DOWN,219.2,0.32,0.32,0.5098,0.685,0.5173,0.25,0.3413,-0.19,3,0,-2.9961
8796,1789603800,EF,DOWN,219.2,0.32,0.32,0.5098,0.685,0.5173,0.25,0.3423,-0.19,3,0,-2.9961
8795,1789604400,EF,DOWN,40.8,0.47,0.47,0.6272,0.535,0.2849,0.25,0.2285,-0.22,3,0,-2.9972
8796,1789604400,EF,DOWN,41,0.47,0.47,0.6272,0.535,0.2849,0.25,0.3028,-1.6,3,0,-2.9972
8795,1789605300,EF,UP,196,0.38,0.38,0.5314,0.375,0.3377,0.25,0.4136,1.31,2.99,1,4.5581
8796,1789605300,EF,UP,195.7,0.38,0.38,0.5314,0.375,0.3377,0.25,0.4927,1.31,2.99,1,4.5581
8795,1789606200,EF,DOWN,199.2,0.5,0.5,0.6272,0.505,0.2104,0.15,0.1505,-1.44,2.99,1,2.7889
8796,1789606200,EF,DOWN,199.3,0.5,0.5,0.6272,0.505,0.2104,0.15,0.1508,-1.44,2.99,1,2.7889
8795,1789607100,EF,DOWN,28.4,0.44,0.44,0.5438,0.565,0.1875,0.15,0.1068,-0,2.03,0,-2.0348
8796,1789607100,EF,DOWN,30,0.48,0.48,0.5943,0.525,0.1931,0.15,0.1068,-0,3,0,-2.9952
8796,1789607700,EF,DOWN,118.4,0.43,0.43,0.5943,0.58,0.327,0.25,0.6097,-3.38,2.99,0,-2.9949
8796,1789608000,EF,DOWN,44.5,0.38,0.38,0.5098,0.625,0.2834,0.25,0.3598,3.14,1.98,0,-1.9825
8795,1789608600,EF,UP,112.8,0.48,0.48,0.6776,0.475,0.3603,0.25,0.5783,2.76,3,1,3.0256
8795,1789608900,EF,UP,72.3,0.46,0.46,0.623,0.455,0.3032,0.25,0.5364,1.73,3,1,3.2834
8795,1789609200,EF,UP,221.6,0.27,0.27,0.5314,0.265,0.8676,0.25,0.4558,4.35,3,0,-2.9956
8796,1789609200,EF,UP,221.7,0.29,0.29,0.5694,0.285,0.866,0.25,0.4475,4.35,2.99,0,-5.9897
8796,1789609200,REVERSAL,UP,216.4,,0.1514,0.6493,,,0,,,3,0,-5.9897
8795,1789612200,EF,DOWN,180.7,0.39,0.3932,0.5402,0.615,0.3259,0.25,0.3974,1.42,2.99,0,-2.9919
8796,1789612200,EF,DOWN,180.6,0.39,0.39,0.5402,0.615,0.3259,0.25,0.3378,1.42,2.99,0,-2.9926
8795,1789612800,EF,UP,57.1,0.5,0.5,0.6776,0.495,0.3078,0.25,0.2701,1.83,2.99,1,2.7889
8796,1789612800,EF,UP,57.3,0.5,0.5,0.6776,0.495,0.3078,0.25,0.3036,1.83,2.99,1,2.7889
8795,1789613400,EF,DOWN,150.2,0.34,0.34,0.5438,0.665,0.5256,0.25,0.4232,-1.31,2.99,1,5.4196
8796,1789613400,EF,DOWN,150.1,0.34,0.34,0.5098,0.665,0.4301,0.25,0.3957,-0.49,2.99,1,5.4196
8795,1789613700,EF,DOWN,119.9,0.38,0.38,0.5098,0.625,0.2834,0.25,0.1868,2.53,2.99,0,-2.9946
8796,1789613700,EF,DOWN,120.6,0.38,0.38,0.5098,0.625,0.2834,0.25,0.1728,2.32,2.99,0,-2.9946
8795,1789614000,EF,DOWN,123.4,0.38,0.38,0.5098,0.625,0.2834,0.25,0.2636,1.83,2.99,0,-2.9946
8796,1789614000,EF,DOWN,123.4,0.38,0.38,0.5098,0.625,0.2834,0.25,0.2609,1.83,2.99,0,-2.9946
8795,1789614300,EF,DOWN,27.5,0.37,0.3746,0.5098,0.64,0.3171,0.25,0.3087,2.93,3,1,4.6657
8796,1789614300,EF,DOWN,27.5,0.37,0.3746,0.5098,0.64,0.3171,0.25,0.3064,2.88,3,1,4.6657
8795,1789614900,EF,DOWN,190.4,0.41,0.41,0.5909,0.6,0.3817,0.25,0.2462,-0.9,3,0,-2.9989
8796,1789614900,EF,DOWN,190.6,0.41,0.41,0.6272,0.6,0.4665,0.25,0.2767,-1.26,3,0,-2.9989
8795,1789615500,EF,DOWN,64.8,0.38,0.38,0.5098,0.625,0.2834,0.25,0.6091,1.07,2.99,0,-2.9946
8796,1789615500,EF,DOWN,64.3,0.38,0.38,0.5098,0.625,0.2834,0.25,0.3822,1.11,2.99,0,-2.9946
8795,1789615800,EF,DOWN,59.2,0.43,0.43,0.5943,0.575,0.327,0.25,0.4998,0.26,2.35,0,-2.3521
8796,1789615800,EF,DOWN,56.8,0.38,0.38,0.5098,0.625,0.2834,0.25,0.3971,1.89,2.99,0,-2.9946
8795,1789616400,EF,DOWN,102.6,0.43,0.43,0.5438,0.575,0.2142,0.15,0.112,0.93,2.99,1,3.7028
8796,1789616400,EF,DOWN,77.6,0.44,0.44,0.5909,0.565,0.2903,0.25,0.2868,-0.19,2.99,1,3.5526
8795,1789616700,EF,DOWN,60.2,0.38,0.38,0.5098,0.625,0.2834,0.25,0.316,1.35,2.99,1,4.5581
8796,1789616700,EF,DOWN,60.2,0.38,0.38,0.5098,0.625,0.2834,0.25,0.316,1.35,2.99,1,4.5581
8795,1789617000,EF,DOWN,92,0.4,0.4,0.5438,0.61,0.3025,0.25,0.2847,-1.05,2.53,1,3.5342
8796,1789617000,EF,DOWN,91.9,0.4,0.4,0.5402,0.61,0.2937,0.25,0.2824,-1.05,2.53,1,3.5342
8795,1789617300,EF,DOWN,23.5,0.44,0.44,0.5438,0.565,0.1875,0.15,0.0555,0.52,2.99,0,-2.9929
8796,1789617300,EF,DOWN,23.4,0.44,0.44,0.5402,0.565,0.1796,0.15,0.0668,0.52,2.99,0,-2.9929
8795,1789617900,EF,DOWN,67,0.39,0.39,0.5098,0.615,0.2514,0.15,0.0008,-0,2.99,1,4.3664
8796,1789617900,EF,DOWN,67.2,0.39,0.39,0.5098,0.615,0.2514,0.15,0.0009,-0,2.99,1,4.3664
8795,1789618500,EF,DOWN,25.4,0.5,0.5,0.6272,0.505,0.2104,0.15,0.0008,0,2.99,1,2.7889
8796,1789618500,EF,DOWN,135.1,0.48,0.48,0.5943,0.525,0.1931,0.15,0.0671,-0.02,3,1,3.0256
8795,1789619100,EF,DOWN,63.6,0.4,0.4,0.5098,0.605,0.221,0.15,0.1663,0.32,2.99,0,-2.9905
8796,1789619100,EF,DOWN,63.6,0.4,0.4,0.5098,0.605,0.221,0.15,0.1663,0.32,2.99,0,-5.9878
8796,1789619100,REVERSAL,DOWN,64.2,,0.47,0.7291,,,0,,,3,0,-5.9878
8795,1789620000,EF,DOWN,74.7,0.38,0.38,0.5098,0.625,0.2834,0.25,0.6177,1.27,2.99,0,-2.9946
8796,1789620000,EF,DOWN,74.6,0.38,0.38,0.5098,0.63,0.2834,0.25,0.5759,1.27,2.99,0,-2.9946
8795,1789621200,EF,UP,192.3,0.44,0.44,0.5896,0.435,0.2874,0.25,0.506,3.11,2.99,0,-2.9929
8796,1789621200,EF,UP,191.6,0.42,0.42,0.5694,0.405,0.3007,0.25,0.5479,3.09,3,0,-2.9969
8795,1789622400,EF,DOWN,62,0.38,0.38,0.5098,0.625,0.2834,0.25,0.212,-0.74,2.99,0,-2.9946
8796,1789622400,EF,DOWN,62.1,0.38,0.38,0.5098,0.625,0.2834,0.25,0.212,-0.74,2.99,0,-2.9946
8795,1789622700,EF,DOWN,89.4,0.35,0.35,0.5438,0.655,0.4831,0.25,0.7379,2.23,2.99,0,-2.9901
8796,1789622700,EF,DOWN,89.4,0.35,0.35,0.5438,0.655,0.4831,0.25,0.7399,2.23,2.99,0,-2.9901
8795,1789623300,EF,DOWN,22.1,0.36,0.36,0.5098,0.645,0.3527,0.25,0.3297,-1.83,3,1,4.9736
8796,1789623300,EF,DOWN,22,0.36,0.36,0.5098,0.645,0.3527,0.25,0.3366,-1.83,3,1,4.9736
8795,1789623600,EF,DOWN,38.2,0.46,0.46,0.5909,0.545,0.236,0.15,0.0528,0.18,3,1,3.2834
8795,1789624200,EF,UP,120.5,0.51,0.51,0.623,0.505,0.1797,0.15,0.0498,1.31,3,1,2.6868
8796,1789624200,EF,UP,120.7,0.51,0.51,0.623,0.505,0.1797,0.15,0.05,1.31,3,1,2.6868
8795,1789624500,EF,DOWN,25,0.43,0.43,0.6272,0.575,0.4003,0.25,0.2872,-2.2,2.99,1,3.7028
8796,1789624500,EF,DOWN,25.1,0.43,0.43,0.5943,0.575,0.327,0.25,0.321,-2.46,2.99,1,3.7028
8795,1789625100,EF,DOWN,77.2,0.4,0.4,0.5438,0.635,0.3025,0.25,0.661,2.2,2.99,0,-2.9905
8796,1789625100,EF,DOWN,77.1,0.35,0.35,0.5098,0.68,0.3903,0.25,0.7254,2.25,2.99,0,-2.9901
8796,1789625400,EF,DOWN,37.5,0.43,0.43,0.5943,0.575,0.327,0.25,0.3638,-1.2,2.99,0,-2.9949
8795,1789626300,EF,DOWN,25.9,0.44,0.44,0.5402,0.565,0.1796,0.15,0.0008,0,2.99,0,-2.9929
8796,1789626300,EF,DOWN,26.1,0.44,0.44,0.5943,0.565,0.2978,0.15,0.0008,0,2.99,0,-2.9929
8795,1789628400,EF,DOWN,189.5,0.52,0.521,0.6975,0.485,0.2962,0.25,0.6374,0.35,3,0,-2.9972
8796,1789628400,EF,DOWN,189.5,0.43,0.43,0.5943,0.615,0.327,0.25,0.6374,0.35,2.99,0,-2.9949
8795,1789629000,EF,DOWN,119.9,0.53,0.53,0.6975,0.475,0.2727,0.25,0.4254,-1.76,3,1,2.4763
8796,1789629000,EF,DOWN,119.8,0.53,0.53,0.6975,0.475,0.2727,0.25,0.3821,-0.98,3,1,2.4763
8795,1789629300,EF,UP,76.3,0.42,0.42,0.5896,0.415,0.3468,0.25,0.2857,2.05,3,1,3.8602
8796,1789629300,EF,UP,76.4,0.42,0.42,0.5694,0.415,0.3007,0.25,0.3226,2.32,3,1,3.8602
8796,1789629600,REVERSAL,UP,202,,0.18,0.6199,,,0,,,2.99,0,-2.9924
8795,1789629900,EF,DOWN,37.7,0.37,0.37,0.5438,0.645,0.405,0.25,0.5208,-1.51,3,1,4.7602
8796,1789630200,REVERSAL,UP,216.2,,0.13,0.6947,,,0,,,2.99,0,-2.9917
8795,1789632300,EF,DOWN,39.1,0.37,0.37,0.5098,0.635,0.3171,0.15,0.1335,-1.31,3,1,4.7602
8796,1789632300,EF,DOWN,39.1,0.37,0.37,0.5098,0.635,0.3171,0.15,0.1335,-1.31,3,1,4.7602
8795,1789632600,EF,UP,19.2,0.47,0.47,0.623,0.465,0.2764,0.25,0.2447,1.67,3,0,-2.9972
8796,1789632600,EF,UP,19.2,0.47,0.47,0.623,0.465,0.2764,0.25,0.2447,1.67,3,0,-2.9972
8795,1789633500,EF,UP,196.9,0.55,0.55,0.6776,0.545,0.1932,0.15,0.0206,2.94,2.99,0,-2.9913
8796,1789633500,EF,UP,196.8,0.55,0.55,0.6776,0.545,0.1932,0.15,0.0206,2.94,2.99,0,-2.9913
8795,1789633800,EF,UP,123.2,0.53,0.53,0.7167,0.525,0.3077,0.25,0.5526,1.31,3,0,-2.9954
8795,1789634400,EF,DOWN,27.6,0.5,0.5,0.6636,0.505,0.2808,0.25,0.5867,-6.24,2.99,1,2.7889
8796,1789634400,EF,DOWN,27.6,0.5,0.5,0.6636,0.505,0.2808,0.25,0.5867,-6.24,2.99,1,2.7889
8795,1789634700,EF,DOWN,219.8,0.51,0.51,0.6272,0.495,0.1876,0.15,0.1479,-1.04,3,1,2.6868
8796,1789634700,EF,DOWN,219.9,0.51,0.51,0.6272,0.495,0.1876,0.15,0.1478,-1.04,3,1,2.6868
8796,1789635300,REVERSAL,DOWN,238.2,,0.12,0.6574,,,0,,,2.99,0,-2.9937
8795,1789635600,EF,UP,20.7,0.56,0.56,0.6776,0.555,0.1728,0.15,0.1441,0,3,1,2.1968
8796,1789635600,EF,UP,21.8,0.56,0.56,0.6776,0.555,0.1728,0.15,0.1441,0,3,1,2.1968
8795,1789635900,EF,DOWN,187.3,0.44,0.4408,0.5943,0.57,0.2978,0.25,0.3172,-1.21,2.99,1,3.5406
8795,1789636500,EF,UP,158,0.52,0.52,0.7115,0.515,0.3224,0.25,0.3461,1.11,3,0,-2.9974
8795,1789636800,EF,UP,16.5,0.51,0.51,0.6776,0.505,0.2831,0.25,0.4902,3.22,3,1,2.6868
8796,1789636800,EF,UP,16.5,0.51,0.51,0.6776,0.505,0.2831,0.25,0.4902,3.22,3,1,2.6868
8795,1789637100,EF,UP,19.2,0.42,0.42,0.5314,0.415,0.2139,0.15,0.1355,0,3,0,-2.9969
8796,1789637100,EF,UP,18.7,0.43,0.43,0.5314,0.425,0.1865,0.15,0.1355,0,2.99,0,-2.9949
8795,1789637400,EF,UP,88.6,0.5,0.5,0.6776,0.495,0.3078,0.25,0.3999,1.37,2.99,0,-2.9912
8796,1789637400,EF,UP,88.6,0.5,0.5,0.6776,0.495,0.3078,0.25,0.3999,1.37,2.99,0,-2.9912
8795,1789638600,EF,DOWN,73.9,0.54,0.54,0.7164,0.465,0.284,0.25,0.5067,-4.66,2.99,1,2.377
8796,1789638600,EF,DOWN,73.7,0.54,0.54,0.7164,0.465,0.284,0.25,0.5067,-4.66,2.99,1,2.377
8796,1789638900,EF,DOWN,71.7,0.41,0.41,0.5438,0.595,0.2716,0.15,0.1656,-1.29,3,1,4.0255
8795,1789639800,EF,UP,63,0.41,0.41,0.5896,0.405,0.3786,0.25,0.3121,1.05,3,1,4.0255
8796,1789639800,EF,UP,62.9,0.41,0.41,0.5694,0.405,0.3315,0.25,0.2329,0.52,3,1,4.0255
8795,1789640400,EF,DOWN,135.5,0.54,0.54,0.7164,0.465,0.284,0.25,0.2932,-2.9,2.99,1,2.377
8795,1789640700,EF,UP,60.4,0.46,0.46,0.5694,0.455,0.1911,0.15,0.0822,0.68,3,1,3.2834
8796,1789640700,EF,UP,60.5,0.46,0.46,0.5694,0.455,0.1911,0.15,0.1319,1.32,3,1,3.2834
8795,1789642500,EF,UP,130.5,0.42,0.42,0.5896,0.415,0.3468,0.25,0.4996,0.41,3,1,3.8602
8796,1789642500,EF,UP,130.5,0.42,0.42,0.623,0.415,0.4232,0.25,0.5022,0.43,3,1,3.8602
8795,1789642800,EF,DOWN,120.4,0.43,0.43,0.6272,0.61,0.4003,0.25,0.8246,-0.84,2.99,0,-2.9949
8796,1789642800,EF,DOWN,120.5,0.43,0.43,0.6272,0.61,0.4003,0.25,0.8193,-0.84,2.99,0,-2.9949
8796,1789643700,EF,DOWN,76.6,0.31,0.31,0.5098,0.735,0.5651,0.25,0.8261,-3.31,3,1,16.1417
8796,1789643700,REVERSAL,DOWN,76.3,,0.22,0.703,,,0,,,3,1,16.1417
8795,1789644000,EF,DOWN,96.3,0.51,0.51,0.6272,0.495,0.1876,0.15,0.1571,-0.63,3,0,-2.9995
8796,1789644000,EF,DOWN,96.3,0.51,0.51,0.6272,0.495,0.1876,0.15,0.157,-0.63,3,0,-2.9995
8795,1789644300,EF,UP,192.8,0.53,0.5332,0.6776,0.525,0.2365,0.15,0.0768,3.28,2.99,1,2.4445
8796,1789644300,EF,UP,111.5,0.28,0.28,0.5694,0.275,0.9312,0.25,0.6089,3.14,2.99,1,7.1849
8795,1789645200,EF,UP,144.3,0.45,0.45,0.623,0.445,0.3312,0.25,0.3834,0.84,2.99,0,-2.9909
8796,1789645200,EF,UP,144,0.4,0.4,0.5694,0.39,0.3638,0.25,0.2838,-0.15,2.99,0,-2.9905
8795,1789645500,EF,UP,57.1,0.47,0.47,0.5896,0.465,0.2079,0.15,0.1493,1.76,3,1,3.1517
8796,1789645500,EF,UP,57.1,0.47,0.47,0.5896,0.465,0.2079,0.15,0.1492,1.76,3,1,3.1517
8795,1789645800,EF,UP,67.4,0.37,0.37,0.623,0.36,0.6096,0.25,0.4437,3.15,2.8,1,4.4553
8796,1789645800,EF,UP,67.2,0.36,0.36,0.5694,0.355,0.5109,0.25,0.4438,3.15,3,1,4.9736
8795,1789646400,EF,UP,24,0.49,0.49,0.6776,0.485,0.3335,0.25,0.8629,-2.61,2.54,1,2.4625
8796,1789646400,EF,DOWN,159.5,0.21,0.21,0.5098,0.795,1.2934,0.25,0.7436,-2.61,3,0,-2.997
8795,1789646700,EF,UP,186.6,0.31,0.31,0.623,0.255,0.9127,0.25,0.9947,0.94,3,1,6.2277
8796,1789646700,EF,UP,187,0.36,0.36,0.623,0.33,0.6531,0.25,1.1458,0.94,3,1,4.9736
8795,1789647000,EF,DOWN,56.4,0.37,0.37,0.5098,0.635,0.3171,0.25,0.4045,-1.54,3,0,-2.9966
8796,1789647000,EF,DOWN,56.5,0.38,0.3833,0.5098,0.625,0.2834,0.25,0.4046,-1.55,2.99,0,-2.9939
8795,1789647600,EF,UP,89.2,0.54,0.54,0.7167,0.535,0.2844,0.25,0.7803,1.29,2.99,1,2.377
8796,1789647600,EF,DOWN,146.8,0.47,0.47,0.6272,0.535,0.2849,0.25,0.5915,-3.19,3,0,-2.9972
8795,1789648200,EF,UP,21.7,0.44,0.44,0.5896,0.435,0.2874,0.25,1.1422,-0.98,2.99,1,3.5526
8796,1789648200,EF,UP,21.8,0.45,0.45,0.623,0.435,0.3312,0.25,1.155,-0.98,2.99,1,3.4091
8795,1789648500,EF,UP,17.9,0.51,0.51,0.6776,0.505,0.2831,0.25,0.7005,-3.86,3,0,-2.9995
8796,1789648500,EF,DOWN,157.4,0.48,0.48,0.6416,0.525,0.2879,0.25,0.7192,-5.88,3,1,3.0256
8795,1789649100,EF,UP,93.3,0.38,0.38,0.5314,0.375,0.3377,0.25,0.2832,1.89,2.99,0,-2.9946
8796,1789649100,EF,UP,93.4,0.39,0.39,0.5694,0.385,0.3977,0.25,0.2832,1.89,2.99,0,-2.9926
8795,1789649700,EF,UP,213.2,0.46,0.46,0.5694,0.455,0.1911,0.15,0.1446,0.67,3,0,-2.9992
8796,1789649700,EF,UP,215.6,0.51,0.51,0.623,0.505,0.1797,0.15,0.1624,0.67,3,0,-2.9995
8796,1789650000,EF,UP,19.2,0.39,0.39,0.5314,0.385,0.3044,0.25,0.6294,3.26,2.99,1,4.3664
8795,1789650600,EF,UP,108.2,0.42,0.42,0.623,0.41,0.4232,0.25,0.4584,3.18,3,0,-2.9969
8796,1789650600,EF,UP,108.5,0.41,0.41,0.6776,0.405,0.5845,0.25,0.6955,5.16,3,0,-2.9989
8795,1789651800,EF,UP,33.5,0.51,0.51,0.6776,0.505,0.2831,0.25,0.9797,3.66,3,0,-2.9995
8796,1789651800,EF,UP,31.8,0.46,0.46,0.623,0.455,0.3032,0.25,0.7342,2.79,3,0,-2.9992
8795,1789652100,EF,DOWN,24.9,0.43,0.43,0.6272,0.575,0.4003,0.25,0.8798,-2.88,2.99,1,3.7028
8796,1789652100,EF,DOWN,22.9,0.38,0.38,0.5098,0.625,0.2834,0.25,0.889,-2.1,2.99,1,4.5581
8795,1789652700,EF,UP,90.8,0.46,0.46,0.623,0.455,0.3032,0.25,0.7575,-1.31,3,1,3.2834
8796,1789652700,EF,UP,90.7,0.37,0.37,0.5314,0.365,0.3729,0.25,0.6887,-1.84,3,1,4.7602
8795,1789653000,EF,UP,97.2,0.47,0.47,0.623,0.465,0.2764,0.25,0.509,3.63,3,1,3.1517
8795,1789653300,EF,UP,22.8,0.42,0.42,0.5694,0.415,0.3007,0.25,0.7547,2.38,3,1,3.8602
8796,1789653300,EF,UP,22.6,0.42,0.4289,0.5694,0.415,0.3007,0.25,0.7843,2.38,3,1,3.7204
8795,1789653900,EF,UP,204.6,0.57,0.57,0.9284,0.565,0.5797,0.25,1.1624,13.84,3,1,2.1077
8796,1789653900,EF,UP,198,0.49,0.4915,0.7473,0.485,0.4707,0.25,0.8978,8.13,2.99,1,2.8871
8795,1789655100,EF,UP,92.8,0.53,0.53,0.7167,0.525,0.3077,0.25,0.6959,1.96,3,1,2.4763
8795,1789655400,EF,UP,42.9,0.39,0.39,0.5694,0.385,0.3977,0.25,0.9412,1.24,2.99,0,-2.9926
8796,1789655400,EF,UP,55.4,0.36,0.36,0.5314,0.35,0.41,0.25,0.8754,1.62,3,0,-2.9986
8795,1789656300,EF,DOWN,168.7,0.33,0.33,0.5098,0.675,0.4724,0.25,0.7473,1.32,2.99,0,-2.9941
8796,1789656300,EF,DOWN,168.7,0.34,0.34,0.5098,0.67,0.4301,0.25,0.7338,1.32,2.99,0,-2.9921
8795,1789656600,EF,DOWN,56.7,0.53,0.53,0.6975,0.475,0.2727,0.25,0.7053,-7.58,3,1,2.4763
8796,1789656600,EF,DOWN,56.8,0.53,0.53,0.6975,0.475,0.2727,0.25,0.7452,-7.58,3,1,2.4763
8795,1789656900,EF,DOWN,167.1,0.55,0.55,0.7346,0.455,0.2936,0.25,0.7573,-5.62,2.99,1,2.2814
8796,1789656900,EF,DOWN,173.2,0.57,0.57,0.8262,0.435,0.4058,0.25,0.7949,-7.87,3,1,2.1077
8795,1789657500,EF,UP,206.6,0.25,0.25,0.5314,0.245,1.014,0.25,0.8437,3.6,3,1,8.4004
8796,1789657500,EF,UP,168.8,0.36,0.36,0.5314,0.355,0.41,0.25,0.8239,2.07,1.88,1,3.1194
8796,1789658100,EF,UP,89.4,0.5,0.5,0.6776,0.495,0.3078,0.25,0.6948,0.69,2.99,1,2.7889
8795,1789658400,EF,UP,108.9,0.32,0.32,0.5694,0.315,0.6948,0.25,0.7341,3.37,3,0,-2.9961
8796,1789658400,EF,UP,106.9,0.36,0.36,0.5314,0.355,0.41,0.25,0.6933,1.33,3,0,-2.9986
8795,1789658700,EF,DOWN,72.6,0.38,0.38,0.5098,0.64,0.2834,0.25,0.6227,2.56,2.99,0,-2.9946
8796,1789658700,EF,DOWN,72.6,0.38,0.38,0.5098,0.625,0.2834,0.25,0.6227,2.56,2.99,0,-2.9946
8795,1789659900,EF,UP,36.6,0.41,0.41,0.5694,0.405,0.3315,0.25,0.3415,-1.62,3,0,-2.9989
8796,1789659900,EF,UP,36.7,0.41,0.41,0.5694,0.405,0.3315,0.25,0.3798,-1.38,3,0,-2.9989
8795,1789660200,EF,UP,44.8,0.37,0.3761,0.5314,0.365,0.3729,0.25,0.7816,1.33,3,1,4.6362
8796,1789660200,EF,UP,45,0.36,0.36,0.5314,0.355,0.41,0.25,0.7811,1.33,3,1,4.9736
8795,1789660500,EF,UP,152.6,0.41,0.41,0.5694,0.405,0.3315,0.25,0.5001,-0.37,3,1,4.0255
8796,1789660500,EF,UP,179.8,0.41,0.41,0.5896,0.405,0.3786,0.25,0.5694,0.54,3,1,4.0255
8796,1789660800,EF,UP,95.2,0.51,0.51,0.6776,0.505,0.2831,0.25,0.4945,-0.98,3,1,2.6868
8795,1789662000,EF,UP,114.1,0.38,0.38,0.5694,0.375,0.4335,0.25,0.2746,-0.12,2.99,1,4.5581
8796,1789662000,EF,UP,114.1,0.37,0.37,0.5694,0.365,0.4711,0.25,0.2728,-0.14,3,1,4.7602
8795,1789662600,EF,UP,71.6,0.42,0.42,0.5896,0.405,0.3468,0.25,0.5146,0.37,3,0,-2.9969
8796,1789662600,EF,UP,71.4,0.34,0.34,0.5314,0.335,0.4907,0.25,0.5157,0.37,2.99,0,-2.9921
8795,1789662900,EF,DOWN,158.8,0.29,0.29,0.5098,0.715,0.6706,0.25,0.4038,-1.41,2.99,0,-2.9916
8796,1789662900,EF,DOWN,160.2,0.29,0.29,0.5402,0.72,0.7701,0.25,0.4532,-2,2.99,0,-2.9916
8795,1789663200,EF,UP,21.8,0.39,0.39,0.5314,0.385,0.3044,0.25,0.4815,0.38,2.99,1,4.3664
8796,1789663200,EF,UP,21.9,0.42,0.4211,0.5694,0.415,0.3007,0.25,0.4848,0.43,3,1,3.8426
8795,1789663500,EF,DOWN,143.5,0.36,0.36,0.5098,0.68,0.3527,0.25,0.8079,-1.74,3,1,4.9736
8796,1789663500,EF,DOWN,144.3,0.33,0.33,0.5098,0.73,0.4724,0.25,0.9514,-2.79,2.99,1,11.3451
8796,1789663500,REVERSAL,DOWN,144.3,,0.33,0.7092,,,0,,,2.99,1,11.3451
8795,1789664100,EF,UP,221.7,0.19,0.19,0.5314,0.185,1.6383,0.25,0.5591,5.24,2.99,1,11.9043
8796,1789664100,EF,UP,212.1,0.29,0.2903,0.5314,0.285,0.7413,0.25,0.4796,2.35,2.99,1,6.8244
8795,1789664700,EF,UP,98.8,0.54,0.54,0.7167,0.535,0.2844,0.25,0.4805,-0.69,2.99,1,2.377
8795,1789665300,EF,UP,23.4,0.54,0.54,0.6776,0.535,0.2144,0.15,0.0833,0.65,2.99,1,2.377
8796,1789665300,EF,UP,23.4,0.54,0.54,0.6776,0.535,0.2144,0.15,0.0833,0.65,2.99,1,2.377
8795,1789665900,EF,UP,41.7,0.35,0.35,0.5314,0.345,0.4492,0.15,0.0945,0.93,2.99,0,-2.9901
8796,1789665900,EF,UP,42.1,0.39,0.39,0.5314,0.365,0.3044,0.15,0.0858,0.93,2.99,0,-2.9926
8795,1789666200,EF,DOWN,156.9,0.44,0.44,0.5943,0.565,0.2978,0.25,0.4191,-4.28,2.99,0,-2.9929
8796,1789666200,EF,DOWN,157,0.44,0.44,0.5943,0.565,0.2978,0.25,0.4191,-4.28,2.99,0,-2.9929
8795,1789666800,EF,UP,31.4,0.45,0.45,0.623,0.445,0.3312,0.25,0.5128,4.4,2.99,0,-2.9909
8796,1789666800,EF,UP,32.2,0.44,0.44,0.623,0.435,0.3605,0.25,0.4578,4.43,2.99,0,-2.9929
8795,1789667400,EF,DOWN,170.6,0.5,0.5,0.6272,0.505,0.2104,0.15,0.1003,-3.65,2.99,0,-2.9912
8796,1789667400,EF,DOWN,170.5,0.5,0.5,0.6272,0.505,0.2104,0.15,0.1003,-3.65,2.99,0,-2.9912
8795,1789668000,EF,UP,27.1,0.49,0.49,0.623,0.485,0.2261,0.15,0.1515,0.54,2.99,1,2.9048
8796,1789668000,EF,UP,27,0.49,0.49,0.623,0.485,0.2261,0.15,0.1515,0.54,2.99,1,2.9048
8795,1789668300,EF,UP,165.3,0.44,0.44,0.5896,0.43,0.2874,0.25,0.4292,0.3,2.99,0,-2.9929
8796,1789668300,EF,UP,165.4,0.45,0.45,0.6024,0.445,0.2871,0.25,0.4328,0.3,2.99,0,-2.9909
8795,1789668600,EF,UP,71.4,0.49,0.49,0.623,0.485,0.2261,0.15,0.0334,0,2.99,1,2.9048
8796,1789668600,EF,UP,71.4,0.49,0.49,0.623,0.485,0.2261,0.15,0.0334,0,2.99,1,2.9048
8795,1789668900,EF,UP,24.6,0.56,0.56,0.6776,0.555,0.1728,0.15,0.0742,0.78,3,1,2.1968
8796,1789668900,EF,UP,15.2,0.5,0.5,0.623,0.495,0.2024,0.15,0.1003,0.78,2.99,1,2.7889
8795,1789669200,EF,DOWN,209.7,0.31,0.31,0.5098,0.695,0.5651,0.25,0.2376,-1.51,3,0,-2.9981
8796,1789669200,EF,DOWN,209.5,0.35,0.35,0.5438,0.655,0.4831,0.25,0.2376,-1.51,2.99,0,-2.9901
8795,1789669500,EF,UP,20.9,0.48,0.48,0.5896,0.475,0.1836,0.15,0.134,0.46,3,0,-2.9952
8796,1789669500,EF,UP,21,0.49,0.49,0.623,0.485,0.2261,0.15,0.1339,0.46,2.99,0,-2.9932
8795,1789670100,EF,UP,39,0.35,0.35,0.5314,0.345,0.4492,0.25,0.4032,4.45,2.99,0,-2.9901
8795,1789670700,EF,UP,27.3,0.54,0.54,0.6776,0.535,0.2144,0.15,0.1191,0.16,2.99,1,2.377
8796,1789670700,EF,DOWN,103.7,0.37,0.37,0.5098,0.635,0.3171,0.25,0.6556,1.72,3,0,-2.9966
8795,1789671600,EF,UP,154.4,0.45,0.45,0.6024,0.445,0.2871,0.25,0.3175,1.7,2.99,0,-2.9909
8796,1789671600,EF,UP,55.9,0.5,0.5,0.623,0.495,0.2024,0.15,0.1312,0.4,2.99,0,-2.9912
8796,1789671900,EF,UP,17.9,0.56,0.56,0.6776,0.555,0.1728,0.15,0.1593,0,3,0,-2.9996
8795,1789672200,EF,UP,43.9,0.56,0.56,0.6776,0.555,0.1728,0.15,0.1382,1.54,3,0,-2.9996
8796,1789672200,EF,UP,18.6,0.49,0.49,0.6,0.485,0.1808,0.15,0.0009,0,2.99,0,-2.9932
8795,1789673400,EF,DOWN,140.8,0.52,0.521,0.7164,0.485,0.3314,0.25,0.4034,-2.24,3,0,-2.9972
8796,1789673400,EF,DOWN,151.5,0.53,0.53,0.6975,0.475,0.2727,0.25,0.358,-2.24,3,0,-2.9954
8795,1789674300,EF,DOWN,42.5,0.48,0.48,0.5909,0.525,0.1862,0.15,0.145,-0.47,3,1,3.0256
8795,1789675800,EF,UP,82.1,0.49,0.49,0.6776,0.485,0.3335,0.15,0.1004,0.78,2.99,1,2.9048
8796,1789675800,EF,UP,82.1,0.49,0.49,0.6776,0.485,0.3335,0.15,0.1004,0.78,2.99,1,2.9048
8795,1789676700,EF,UP,65.7,0.46,0.46,0.623,0.455,0.3032,0.25,0.2168,-0,3,0,-2.9992
8796,1789676700,EF,UP,122.7,0.56,0.56,0.6776,0.555,0.1728,0.15,0.1354,0.49,3,0,-2.9996
8795,1789677300,EF,DOWN,67,0.35,0.35,0.5098,0.655,0.3903,0.15,0.1608,0.82,2.99,1,5.1813
8796,1789677300,EF,DOWN,67.2,0.35,0.35,0.5098,0.655,0.3903,0.15,0.1667,0.77,2.99,1,5.1813
8796,1789678200,EF,UP,112.6,0.46,0.46,0.623,0.45,0.3032,0.25,0.5461,0.73,3,0,-2.9992
8795,1789678500,EF,UP,137.3,0.5,0.5,0.623,0.495,0.2024,0.15,0.125,-0.19,2.99,1,2.7889
8796,1789678500,EF,UP,137.3,0.5,0.5,0.623,0.495,0.2024,0.15,0.125,-0.19,2.99,1,2.7889
8795,1789678800,EF,DOWN,177.5,0.31,0.31,0.5438,0.695,0.6695,0.25,1.0044,-1.32,1.62,1,3.3751
8796,1789678800,EF,DOWN,179.4,0.52,0.52,0.6975,0.485,0.2962,0.25,0.9403,-1.72,3,1,2.5795
8795,1789679400,EF,DOWN,15.1,0.48,0.48,0.5943,0.525,0.1931,0.15,0.0008,0,3,1,3.0256
8796,1789679400,EF,DOWN,15.1,0.48,0.48,0.5943,0.525,0.1931,0.15,0.0008,0,3,1,3.0256
8795,1789680900,EF,UP,77.4,0.37,0.37,0.5694,0.365,0.4711,0.25,0.4089,2.72,3,1,4.7602
8796,1789680900,EF,UP,77.5,0.37,0.37,0.5694,0.365,0.4711,0.25,0.4095,2.72,3,1,4.7602
8795,1789681800,EF,DOWN,26.9,0.43,0.43,0.5943,0.575,0.327,0.15,0.1612,-1.26,2.99,1,3.7028
8796,1789681800,EF,DOWN,26.8,0.42,0.4227,0.5943,0.585,0.3576,0.15,0.1612,-1.26,3,1,3.8176
8795,1789682100,EF,DOWN,94.8,0.56,0.56,0.7164,0.445,0.2399,0.15,0.1126,-3.18,3,1,2.1968
8796,1789682100,EF,DOWN,94.6,0.56,0.56,0.7346,0.445,0.2714,0.15,0.1126,-3.18,3,1,2.1968
8796,1789682400,REVERSAL,UP,92.2,,0.46,0.7071,,,0,,,3,0,-2.9992
8796,1789682700,EF,DOWN,199.8,0.32,0.32,0.5943,0.81,0.7689,0.25,1.0132,-2.12,3,1,12.169
8796,1789682700,REVERSAL,DOWN,200.4,,0.31,0.6972,,,0,,,3,1,12.169
8795,1789683000,EF,DOWN,179.9,0.34,0.3425,0.5098,0.665,0.4301,0.25,0.2787,0.59,2.99,0,-2.9916
8796,1789683000,EF,DOWN,179.9,0.35,0.35,0.5098,0.66,0.3903,0.25,0.2537,1.19,2.99,0,-2.9901
8795,1789683600,EF,DOWN,182.2,0.4,0.4,0.5438,0.605,0.3025,0.25,0.3004,0.74,2.99,0,-2.9905
8795,1789683900,EF,DOWN,76.3,0.48,0.48,0.5943,0.525,0.1931,0.15,0.0561,1.11,3,0,-2.9952
8796,1789683900,EF,DOWN,76.4,0.48,0.48,0.5943,0.525,0.1931,0.15,0.0561,1.11,3,0,-2.9952
8795,1789684800,EF,DOWN,64.4,0.45,0.45,0.6098,0.555,0.303,0.25,0.2771,-1.05,2.99,1,3.4091
8795,1789685100,EF,DOWN,120.8,0.55,0.55,0.6975,0.455,0.2282,0.15,0.1374,-0.48,2.99,0,-2.9913
8796,1789685100,EF,DOWN,120.9,0.55,0.55,0.6975,0.455,0.2282,0.15,0.1401,-0.53,2.99,0,-2.9913
8796,1789686000,EF,DOWN,114.6,0.44,0.44,0.5402,0.565,0.1796,0.15,0.0335,-1.31,2.99,0,-2.9929
8795,1789686600,EF,UP,94.5,0.38,0.38,0.5694,0.375,0.4335,0.25,0.6789,4.31,2.99,1,4.5581
8796,1789686600,EF,UP,94.5,0.38,0.38,0.623,0.375,0.5684,0.25,0.6788,4.31,2.99,1,4.5581
8795,1789687200,EF,DOWN,85.7,0.47,0.47,0.6272,0.535,0.2849,0.15,0.0731,-0.57,3,0,-2.9972
8796,1789687200,EF,DOWN,85.7,0.47,0.47,0.6272,0.535,0.2849,0.15,0.0731,-0.57,3,0,-2.9972
8796,1789688100,REVERSAL,UP,156.4,,0.52,0.7954,,,0,,,3,1,2.5795
8795,1789688400,EF,UP,155.5,0.42,0.42,0.5694,0.415,0.3007,0.25,0.4851,2.48,3,1,3.8602
8795,1789688700,EF,UP,85.9,0.56,0.56,0.6776,0.555,0.1728,0.15,0.1097,0,3,1,2.1968
8795,1789689600,EF,UP,196.7,0.38,0.38,0.5314,0.33,0.3377,0.25,0.317,2.75,2.99,0,-2.9946
8796,1789689600,EF,UP,196.6,0.36,0.3674,0.5694,0.355,0.5109,0.25,0.3158,2.75,3,0,-5.9915
8796,1789689600,REVERSAL,UP,166.2,,0.17,0.6283,,,0,,,2.99,0,-5.9915
8795,1789690200,EF,DOWN,22,0.37,0.37,0.5098,0.635,0.3171,0.25,0.1795,0.71,3,0,-2.9966
8796,1789690200,EF,DOWN,22.6,0.39,0.3932,0.5438,0.615,0.3349,0.25,0.2075,0,2.99,0,-2.9919
8795,1789690800,EF,DOWN,21,0.57,0.57,0.6975,0.435,0.1868,0.15,0.0767,0,3,1,2.1077
8796,1789690800,EF,DOWN,21,0.57,0.57,0.6975,0.435,0.1868,0.15,0.0767,0,3,1,2.1077
8795,1789691100,EF,DOWN,148.7,0.42,0.42,0.5943,0.585,0.3576,0.25,0.1733,-0.08,3,1,3.8602
8796,1789691100,EF,DOWN,148.7,0.42,0.42,0.5943,0.585,0.3576,0.25,0.1708,-0.06,3,1,3.8602
8795,1789692000,EF,UP,169.1,0.46,0.46,0.5694,0.455,0.1911,0.15,0.0992,1.56,3,1,3.2834
8796,1789692000,EF,UP,169.2,0.46,0.46,0.5694,0.455,0.1911,0.15,0.0992,1.56,3,1,3.2834
8795,1789692300,EF,DOWN,43.6,0.41,0.41,0.5098,0.595,0.1921,0.15,0.0007,-0,3,0,-2.9989
8796,1789692300,EF,DOWN,43.6,0.41,0.41,0.5098,0.595,0.1921,0.15,0.0007,-0,3,0,-2.9989
8795,1789692900,EF,DOWN,76.4,0.41,0.41,0.5098,0.595,0.1921,0.15,0.1183,-1.65,3,0,-2.9989
8796,1789692900,EF,DOWN,86.2,0.41,0.41,0.5098,0.595,0.1921,0.15,0.1073,-1.65,3,0,-2.9989
8795,1789693200,EF,DOWN,172.9,0.4,0.4,0.5402,0.605,0.2937,0.25,0.3447,1.31,2.99,1,4.1845
8796,1789693200,EF,DOWN,103.9,0.35,0.35,0.5098,0.655,0.3903,0.25,0.5693,1.53,2.99,1,5.1813
8795,1789693500,EF,DOWN,68.3,0.33,0.33,0.5098,0.675,0.4724,0.25,0.5105,3.53,2.99,0,-2.9941
8796,1789693500,EF,DOWN,68.5,0.35,0.35,0.5098,0.66,0.3903,0.25,0.5511,2.74,2.99,0,-2.9901
8795,1789693800,EF,DOWN,146.3,0.51,0.51,0.6975,0.495,0.3207,0.25,0.5154,-1.04,1.13,1,1.0159
8796,1789693800,EF,DOWN,184.5,0.32,0.32,0.5438,0.685,0.6186,0.25,0.57,-2.34,3,1,8.218
8796,1789693800,REVERSAL,DOWN,146.4,,0.5505,0.6775,,,0,,,2.99,1,8.218
8795,1789694100,EF,UP,185,0.56,0.56,0.7473,0.54,0.2934,0.25,0.6053,3.52,3,0,-2.9996
8796,1789694100,EF,UP,186.9,0.46,0.46,0.6776,0.445,0.4174,0.25,0.7641,2.74,3,0,-5.9956
8796,1789694100,REVERSAL,UP,184.2,,0.16,0.8196,,,0,,,3,0,-5.9956
8795,1789695000,EF,DOWN,122.9,0.43,0.43,0.5943,0.575,0.327,0.25,0.3943,0.73,0.84,0,-0.8407
8796,1789695000,EF,DOWN,185.5,0.51,0.51,0.6272,0.495,0.1876,0.15,0.0928,0,3,0,-2.9995
8795,1789695900,EF,UP,69,0.51,0.51,0.6776,0.505,0.2831,0.25,0.5089,4.74,3,1,2.6868
8796,1789695900,EF,UP,68.8,0.51,0.51,0.6776,0.505,0.2831,0.25,0.3468,3.2,3,1,2.6868
8795,1789696500,EF,UP,168.9,0.36,0.36,0.623,0.355,0.6531,0.25,0.6025,3.13,3,1,4.9736
8796,1789696500,EF,UP,168.9,0.36,0.36,0.623,0.355,0.6531,0.25,0.6025,3.13,3,1,4.9736
8796,1789697700,EF,DOWN,45.9,0.47,0.47,0.6272,0.54,0.2849,0.25,0.4943,0,3,1,3.1517
8795,1789698000,EF,UP,107.3,0.51,0.51,0.6776,0.505,0.2831,0.25,0.3627,2.84,3,1,2.6868
8796,1789698000,EF,UP,107.3,0.51,0.51,0.6776,0.505,0.2831,0.25,0.3627,2.84,3,1,2.6868
8795,1789701900,EF,UP,107.4,0.33,0.33,0.5314,0.325,0.5348,0.25,0.9852,4.2,2.99,1,5.6725
8796,1789701900,EF,UP,105.8,0.34,0.34,0.5314,0.335,0.4907,0.25,0.875,4.2,2.99,1,5.4196
8795,1789702200,EF,UP,121.9,0.54,0.54,0.7167,0.535,0.2844,0.25,0.3929,7.4,2.99,0,-2.9934
8796,1789702200,EF,UP,122,0.54,0.54,0.7167,0.535,0.2844,0.25,0.3928,7.4,2.99,0,-2.9934
8795,1789702800,EF,UP,82.9,0.36,0.36,0.5314,0.355,0.41,0.25,1.0267,6.63,1.06,0,-1.0607
8796,1789702800,EF,UP,83,0.36,0.36,0.5896,0.355,0.5643,0.25,1.0879,7.14,1.06,0,-1.0607
8795,1789703100,EF,DOWN,142.6,0.4,0.4,0.5438,0.605,0.3025,0.25,0.3631,2.31,2.99,0,-2.9905
8796,1789703100,EF,DOWN,142.7,0.4,0.4,0.5438,0.605,0.3025,0.25,0.363,2.31,2.99,0,-2.9905
8795,1789703700,EF,DOWN,24.8,0.52,0.52,0.632,0.485,0.1746,0.15,0.1412,-0,3,1,2.5795
8795,1789704000,EF,DOWN,217.8,0.46,0.46,0.6272,0.545,0.3119,0.25,0.2309,0,3,1,3.2834
8796,1789704000,EF,DOWN,217.3,0.38,0.38,0.5402,0.635,0.3598,0.25,0.2349,0,0.79,1,1.207
8795,1789704600,EF,UP,99,0.38,0.3872,0.5694,0.375,0.4335,0.25,0.4163,2.46,2.99,1,4.419
8796,1789704600,EF,UP,77.5,0.41,0.41,0.5694,0.405,0.3315,0.25,0.3481,1.78,3,1,4.0255
8795,1789704900,EF,UP,101,0.51,0.511,0.6776,0.505,0.2831,0.25,0.5436,0.22,3,1,2.6757
8796,1789704900,EF,UP,114.3,0.47,0.47,0.6324,0.465,0.2955,0.25,0.6466,1.12,3,1,3.1517
8795,1789705200,EF,UP,25.5,0.46,0.46,0.623,0.455,0.3032,0.25,0.6548,1.46,3,0,-2.9992
8796,1789705200,EF,UP,25.4,0.46,0.46,0.623,0.455,0.3032,0.25,0.7885,1.46,3,0,-2.9992
8795,1789705500,EF,DOWN,75.9,0.4,0.4,0.5943,0.605,0.4234,0.25,1.113,-1.23,2.99,1,4.1845
8796,1789705500,EF,UP,63.9,0.49,0.49,0.6776,0.485,0.3335,0.25,0.4325,6.67,2.99,0,-2.9932
8795,1789705800,EF,DOWN,136.5,0.36,0.36,0.5098,0.645,0.3527,0.15,0.1169,-0.91,3,1,4.9736
8796,1789705800,EF,DOWN,135.7,0.38,0.38,0.5098,0.625,0.2834,0.15,0.1064,-0.46,2.99,1,7.7098
8796,1789705800,REVERSAL,DOWN,142.2,,0.47,0.7085,,,0,,,3,1,7.7098
8795,1789706700,EF,DOWN,80.7,0.32,0.32,0.5098,0.685,0.5173,0.25,0.4305,-3.61,3,1,5.9414
8796,1789706700,EF,DOWN,80.7,0.32,0.32,0.5098,0.685,0.5173,0.25,0.4305,-3.61,3,1,5.9414
8795,1789707000,EF,UP,61.4,0.47,0.47,0.623,0.465,0.2764,0.25,0.3484,2.84,3,1,3.1517
8796,1789707000,EF,UP,61.2,0.47,0.4709,0.623,0.465,0.2764,0.25,0.3482,2.84,3,1,3.1405
8795,1789707600,EF,DOWN,122.3,0.45,0.45,0.6975,0.555,0.4903,0.25,0.9022,-2.54,2.99,1,3.4091
8796,1789707600,EF,DOWN,118.6,0.41,0.41,0.6272,0.595,0.4665,0.25,0.9988,-1.87,3,1,4.0255
8795,1789707900,EF,UP,176.4,0.43,0.43,0.623,0.395,0.3911,0.25,0.3186,2.86,2.99,1,3.7028
8796,1789707900,EF,UP,176.4,0.43,0.43,0.623,0.425,0.3911,0.25,0.3185,2.86,2.99,1,3.7028
8795,1789708500,EF,DOWN,34.7,0.54,0.54,0.7164,0.465,0.284,0.25,1.1334,1.71,2.99,1,2.377
8796,1789708500,EF,UP,121.9,0.43,0.43,0.5896,0.42,0.3164,0.25,0.5307,3.26,2.99,0,-2.9949
8795,1789708800,EF,DOWN,60.1,0.35,0.35,0.5943,0.655,0.6208,0.25,0.5251,-4.12,2.99,1,5.1813
8796,1789708800,EF,DOWN,60,0.35,0.35,0.5943,0.655,0.6208,0.25,0.5251,-4.12,2.99,1,5.1813
8795,1789709100,EF,UP,216.1,0.27,0.27,0.7473,0.265,1.6265,0.25,1.2427,8.54,3,1,7.5599
8796,1789709100,EF,UP,216,0.29,0.29,0.6776,0.285,1.2205,0.25,0.8758,4.07,1.52,1,3.4779
8796,1789709700,EF,DOWN,33,0.44,0.44,0.5943,0.565,0.2978,0.25,0.3996,-2.65,2.99,0,-2.9929
8795,1789711500,EF,DOWN,80.3,0.44,0.44,0.5943,0.565,0.2978,0.25,0.7261,0.96,2.99,1,3.5526
8796,1789711500,EF,DOWN,80.5,0.44,0.44,0.6272,0.565,0.3695,0.25,0.7408,-0.16,2.99,1,3.5526
8795,1789711800,EF,UP,81.9,0.39,0.39,0.623,0.385,0.5293,0.25,0.7944,4.26,2.99,0,-2.9926
8796,1789711800,EF,UP,82,0.39,0.39,0.623,0.385,0.5293,0.25,0.795,4.26,2.99,0,-2.9926
8795,1789712400,EF,UP,145.1,0.48,0.48,0.6776,0.475,0.3603,0.25,0.4664,1.5,3,1,3.0256
8796,1789712400,EF,UP,145.3,0.55,0.55,0.7667,0.545,0.35,0.25,0.8461,4.65,2.99,1,2.2814
8795,1789712700,EF,DOWN,184.8,0.5,0.5,0.6975,0.505,0.3461,0.25,0.4345,-1.18,2.99,1,2.7889
8796,1789712700,EF,DOWN,71.7,0.44,0.44,0.5943,0.565,0.2978,0.25,0.3018,0.26,2.99,1,3.5526
8795,1789713000,EF,DOWN,119.9,0.52,0.52,0.632,0.485,0.1746,0.15,0.1263,-0.77,3,1,2.5795
8796,1789713000,EF,DOWN,119.7,0.52,0.52,0.6416,0.485,0.1923,0.15,0.1667,-0.77,3,1,2.5795
8795,1789713300,EF,UP,60.7,0.39,0.39,0.5896,0.385,0.4472,0.25,0.8429,5.93,2.99,1,4.3664
8796,1789713300,EF,UP,60.4,0.39,0.39,0.5694,0.385,0.3977,0.25,0.5307,3.41,2.99,1,4.3664
8795,1789713600,EF,DOWN,105.9,0.56,0.56,0.6975,0.445,0.2071,0.15,0.0978,-3.2,3,1,2.1968
8796,1789713600,EF,DOWN,105.9,0.56,0.56,0.6975,0.445,0.2071,0.15,0.0978,-3.2,3,1,2.1968
8795,1789714200,EF,DOWN,69.8,0.5,0.5,0.6272,0.505,0.2104,0.15,0.1471,-4.13,2.99,1,2.7889
8796,1789714200,EF,DOWN,69.6,0.5,0.5,0.632,0.505,0.2198,0.15,0.1472,-4.13,2.99,1,2.7889
8795,1789714500,EF,UP,167.4,0.33,0.33,0.5314,0.325,0.5348,0.25,0.5528,1.64,2.99,1,5.6725
8796,1789714500,EF,UP,167.5,0.33,0.33,0.5694,0.32,0.6446,0.25,0.5901,1.64,2.99,1,11.3451
8796,1789714500,REVERSAL,UP,168.3,,0.33,0.6522,,,0,,,2.99,1,11.3451
8795,1789714800,EF,DOWN,113.7,0.4,0.4,0.5438,0.605,0.3025,0.25,0.8761,0.83,2.99,0,-2.9905
8796,1789714800,EF,DOWN,113.5,0.4,0.4,0.5438,0.605,0.3025,0.25,0.854,0.83,2.99,0,-2.9905
8795,1789715100,EF,DOWN,193.3,0.37,0.37,0.5098,0.64,0.3171,0.25,0.6222,1.64,1.93,1,3.0684
8796,1789715100,EF,DOWN,193.2,0.35,0.35,0.5098,0.655,0.3903,0.25,0.6633,1.67,2.99,1,5.1813
8795,1789715400,EF,DOWN,56.2,0.38,0.38,0.5098,0.625,0.2834,0.25,0.3567,0.51,2.99,0,-2.9946
8796,1789715400,EF,DOWN,56.2,0.38,0.38,0.5098,0.625,0.2834,0.25,0.3567,0.51,2.99,0,-2.9946
8795,1789715700,EF,UP,189,0.54,0.54,0.7473,0.535,0.3394,0.25,0.5965,5.3,2.99,1,2.377
8796,1789715700,EF,UP,189,0.54,0.54,0.7473,0.535,0.3394,0.25,0.5592,4.97,2.99,1,2.377
8795,1789716000,EF,DOWN,174.1,0.39,0.39,0.5943,0.615,0.4589,0.25,0.8485,-1.25,2.99,0,-2.9926
8796,1789716000,EF,DOWN,169.7,0.38,0.38,0.5402,0.625,0.3598,0.25,0.6917,-1.25,2.99,0,-2.9946
8795,1789716300,EF,UP,55.9,0.49,0.49,0.6776,0.485,0.3335,0.25,0.4715,6.23,2.99,0,-2.9932
8796,1789716300,EF,UP,55.6,0.49,0.49,0.6776,0.485,0.3335,0.25,0.4276,6.21,2.99,0,-2.9932
8795,1789716600,EF,DOWN,120.5,0.4,0.4,0.5402,0.605,0.2937,0.25,0.4819,0.26,2.99,0,-2.9905
8796,1789716600,EF,DOWN,120.3,0.39,0.39,0.5438,0.615,0.3349,0.25,0.4776,0.26,2.99,0,-2.9926
8795,1789716900,EF,DOWN,55.9,0.36,0.36,0.5098,0.645,0.3527,0.25,0.184,-2.8,3,1,4.9736
8796,1789716900,EF,DOWN,55.9,0.36,0.36,0.5098,0.645,0.3527,0.25,0.184,-2.8,3,1,4.9736
8795,1789717200,EF,UP,97.9,0.32,0.32,0.5314,0.315,0.5816,0.25,0.3918,1.04,3,1,5.9414
8796,1789717200,EF,UP,119.4,0.51,0.51,0.7167,0.505,0.357,0.25,0.8297,1.53,3,1,5.3736
8796,1789717200,REVERSAL,UP,119.1,,0.51,0.6238,,,0,,,3,1,5.3736
8795,1789717500,EF,UP,65.6,0.41,0.41,0.5694,0.405,0.3315,0.25,0.5354,-1.56,3,0,-2.9989
8796,1789717500,EF,UP,65.7,0.41,0.41,0.5694,0.405,0.3315,0.25,0.5289,-1.56,3,0,-2.9989
8795,1789718100,EF,DOWN,63.1,0.44,0.44,0.5943,0.57,0.2978,0.25,0.2711,-3.71,2.99,0,-2.9929
8796,1789718100,EF,DOWN,62.5,0.48,0.48,0.5943,0.525,0.1931,0.15,0.1162,-1.96,3,0,-2.9952
8796,1789718400,EF,UP,96.3,0.57,0.57,0.7473,0.565,0.2716,0.25,0.4001,9.25,3,1,2.1077
8795,1789719000,EF,UP,36.6,0.42,0.42,0.5694,0.415,0.3007,0.25,0.3496,0,3,1,3.8602
8796,1789719000,EF,UP,36.5,0.42,0.42,0.5694,0.415,0.3007,0.25,0.3495,0,3,1,3.8602
8795,1789719300,EF,UP,84.9,0.36,0.36,0.5694,0.355,0.5109,0.25,0.3513,3.57,3,1,4.9736
8796,1789719300,EF,UP,84.8,0.36,0.36,0.5314,0.355,0.41,0.25,0.3552,3.57,3,1,4.9736
8795,1789720200,EF,DOWN,159.2,0.38,0.38,0.5402,0.625,0.3598,0.25,0.4692,-1.08,2.99,0,-2.9946
8796,1789720200,EF,DOWN,159.1,0.43,0.43,0.5909,0.575,0.3194,0.25,0.4676,-1.08,2.99,0,-2.9949
8795,1789720800,EF,DOWN,131.5,0.54,0.54,0.7346,0.465,0.3166,0.25,0.311,-3.41,2.99,0,-2.9934
8796,1789720800,EF,UP,147.4,0.42,0.42,0.5896,0.415,0.3468,0.25,0.501,1.25,3,1,3.8602
8796,1789721100,EF,UP,178.5,0.57,0.57,0.7473,0.565,0.2716,0.25,0.5978,5.51,3,1,2.1077
8796,1789722000,EF,UP,23.9,0.47,0.47,0.623,0.465,0.2764,0.25,0.9027,-2.84,3,1,3.1517
8795,1789722300,EF,DOWN,65.9,0.43,0.43,0.5943,0.575,0.327,0.25,0.898,-0.45,2.99,0,-2.9949
8796,1789722300,EF,DOWN,65.3,0.44,0.44,0.5943,0.565,0.2978,0.25,0.6679,0.46,2.99,0,-2.9929
8795,1789722900,EF,DOWN,104.4,0.46,0.46,0.6272,0.545,0.3119,0.25,0.5949,-4.19,3,1,3.2834
8796,1789722900,EF,DOWN,105.2,0.51,0.51,0.7164,0.495,0.3566,0.25,0.6512,-5.9,3,1,2.6868
8795,1789723200,EF,DOWN,221.7,0.38,0.38,0.5098,0.625,0.2834,0.25,0.528,0.26,2.99,1,4.5581
8796,1789723200,EF,DOWN,221.8,0.37,0.37,0.5098,0.635,0.3171,0.25,0.5364,0.26,3,1,4.7602
8795,1789724400,EF,UP,187,0.42,0.42,0.5694,0.415,0.3007,0.25,0.2329,1.28,3,1,3.8602
8796,1789724400,EF,UP,187,0.42,0.42,0.5694,0.415,0.3007,0.25,0.2329,1.28,3,1,3.8602
8795,1789725600,EF,DOWN,87.3,0.43,0.43,0.5943,0.575,0.327,0.25,0.3768,-1.53,2.99,1,3.7028
8796,1789725600,EF,DOWN,87.4,0.41,0.41,0.5943,0.595,0.3897,0.25,0.3767,-1.53,3,1,4.0255
8795,1789725900,EF,UP,108.4,0.44,0.44,0.5896,0.435,0.2874,0.25,1.0088,4.65,2.99,0,-2.9929
8796,1789725900,EF,UP,108.4,0.46,0.46,0.623,0.455,0.3032,0.25,1.0088,4.65,3,0,-2.9992
8795,1789726500,EF,DOWN,86.4,0.29,0.29,0.5098,0.715,0.6706,0.25,0.2311,-3.4,2.99,0,-2.9916
8796,1789726500,EF,DOWN,86.4,0.29,0.29,0.5098,0.715,0.6706,0.25,0.2311,-3.4,2.99,0,-2.9916
8795,1789726800,EF,DOWN,146.3,0.48,0.48,0.5943,0.525,0.1931,0.15,0.1144,-1.97,3,1,3.0256
8796,1789726800,EF,DOWN,97.2,0.42,0.42,0.5402,0.585,0.2339,0.15,0.1001,-0.33,3,1,3.8602
8795,1789727100,EF,UP,121.9,0.48,0.48,0.6776,0.475,0.3603,0.25,0.3204,1.6,3,1,3.0256
8796,1789727100,EF,UP,122,0.48,0.48,0.6776,0.475,0.3603,0.25,0.4072,2.37,3,1,3.0256
8795,1789727400,EF,UP,103.5,0.51,0.51,0.623,0.505,0.1797,0.15,0.0512,-0.38,3,1,2.6868
8796,1789727400,EF,DOWN,124,0.42,0.42,0.5943,0.585,0.3576,0.25,0.2037,-1.91,3,0,-2.9969
8795,1789728300,EF,DOWN,95.4,0.45,0.45,0.6272,0.58,0.34,0.25,0.4831,-2.3,2.99,0,-2.9909
8795,1789728600,EF,DOWN,36,0.38,0.38,0.5098,0.625,0.2834,0.25,0.5504,-2.53,2.99,0,-2.9946
8796,1789728600,EF,DOWN,36,0.38,0.38,0.5098,0.625,0.2834,0.25,0.5434,-2.53,2.99,0,-2.9946
8795,1789729200,EF,UP,75.4,0.47,0.47,0.623,0.465,0.2764,0.25,0.2761,0.96,3,1,3.1517
8796,1789729200,EF,UP,73.6,0.46,0.46,0.623,0.455,0.3032,0.25,0.2478,0,3,1,3.2834
8795,1789729500,EF,DOWN,24.6,0.29,0.29,0.5098,0.725,0.6706,0.25,1.2437,-4.9,2.99,1,6.8359
8796,1789729500,EF,DOWN,24.6,0.29,0.29,0.5402,0.725,0.7701,0.25,1.4713,-4.59,2.99,1,6.8359
8795,1789729800,EF,DOWN,19.2,0.37,0.37,0.5098,0.635,0.3171,0.25,0.5434,-1.79,3,1,4.7602
8796,1789729800,EF,DOWN,19.3,0.37,0.37,0.5098,0.635,0.3171,0.25,0.5434,-1.79,3,1,4.7602
8795,1789730100,EF,DOWN,138.4,0.39,0.3932,0.6975,0.63,0.712,0.25,0.8816,-2.82,2.99,0,-2.9919
8796,1789730100,EF,DOWN,138.2,0.39,0.39,0.6416,0.63,0.5748,0.25,0.905,-2.82,2.99,0,-2.9926
8795,1789730400,EF,DOWN,181.9,0.43,0.43,0.632,0.575,0.4112,0.25,0.4175,-2.16,2.99,1,3.7028
8796,1789730400,EF,UP,68.1,0.42,0.42,0.5694,0.41,0.3007,0.25,0.3855,-0.89,3,0,-2.9969
8795,1789730700,EF,UP,90.9,0.44,0.44,0.6024,0.435,0.3154,0.25,0.3778,0.92,2.99,0,-2.9929
8796,1789730700,EF,UP,217.7,0.46,0.46,0.623,0.455,0.3032,0.25,0.5224,0.66,3,0,-2.9992
8795,1789732200,EF,UP,87.2,0.48,0.48,0.5896,0.475,0.1836,0.15,0.0625,-0.46,3,1,3.0256
8796,1789732200,EF,UP,87.3,0.48,0.48,0.623,0.475,0.2507,0.15,0.1019,-0.01,3,1,3.0256
8795,1789732500,EF,DOWN,36.4,0.44,0.44,0.5943,0.565,0.2978,0.25,0.6474,-4.98,2.99,1,3.5526
8796,1789732500,EF,DOWN,36.4,0.44,0.44,0.5943,0.565,0.2978,0.25,0.6149,-4.73,2.99,1,3.5526
8795,1789732800,EF,UP,134.3,0.44,0.44,0.5896,0.435,0.2874,0.25,0.4401,-2.1,2.99,0,-2.9929
8796,1789732800,EF,UP,134.6,0.33,0.33,0.5314,0.325,0.5348,0.25,0.5123,-1.03,2.99,0,-2.9941
8795,1789733100,EF,DOWN,64.6,0.37,0.37,0.5098,0.635,0.3171,0.25,0.4467,-9.06,3,1,4.7602
8796,1789733100,EF,DOWN,64.7,0.37,0.37,0.5438,0.635,0.405,0.25,0.3521,-9.06,3,1,4.7602
8795,1789733400,EF,UP,28.3,0.56,0.56,0.6776,0.555,0.1728,0.15,0.0936,0.37,3,1,2.1968
8796,1789733400,EF,UP,31.5,0.57,0.57,0.7167,0.565,0.2195,0.15,0.1569,1.37,3,1,2.1077
8796,1789734000,EF,UP,115.7,0.49,0.49,0.6776,0.485,0.3335,0.25,0.3693,2.48,2.99,0,-2.9932
8795,1789734300,EF,DOWN,60.3,0.45,0.45,0.632,0.555,0.3504,0.25,0.7377,-3.11,2.99,0,-2.9909
8796,1789734300,EF,DOWN,60.3,0.45,0.45,0.632,0.555,0.3504,0.25,0.6733,-2.55,2.99,0,-2.9909
8795,1789735200,EF,DOWN,62.1,0.4,0.4,0.5402,0.605,0.2937,0.25,0.3575,-2.56,2.99,0,-2.9905
8796,1789735200,EF,DOWN,70,0.44,0.44,0.5909,0.565,0.2903,0.25,0.3558,-2.83,2.99,0,-2.9929
8795,1789735500,EF,UP,108.3,0.55,0.55,0.6776,0.545,0.1932,0.15,0.1397,2.47,2.99,0,-2.9913
8796,1789735500,EF,UP,108.3,0.55,0.55,0.6776,0.545,0.1932,0.15,0.1386,2.4,2.99,0,-2.9913
8795,1789735800,EF,DOWN,184.2,0.48,0.48,0.7979,0.53,0.6017,0.25,0.6794,-5.12,3,1,3.0256
8796,1789735800,EF,DOWN,184.1,0.47,0.47,0.7487,0.535,0.5339,0.25,0.649,-4.86,3,1,3.1517
8795,1789736100,EF,DOWN,203.5,0.39,0.39,0.5402,0.615,0.3259,0.25,0.4195,-0.83,2.99,1,4.3664
8796,1789736100,EF,DOWN,150.8,0.4,0.4,0.5402,0.605,0.2937,0.25,0.2295,-1.31,2.99,1,4.1845
8796,1789736400,EF,DOWN,30.5,0.48,0.48,0.5943,0.525,0.1931,0.15,0.0676,-0,3,0,-2.9952
8795,1789736700,EF,DOWN,119.9,0.4,0.4,0.5438,0.605,0.3025,0.25,0.4329,0.72,2.99,0,-2.9905
8796,1789736700,EF,DOWN,119.5,0.37,0.37,0.5438,0.635,0.405,0.25,0.4034,0.72,3,0,-2.9966
8795,1789737600,EF,DOWN,218.1,0.36,0.36,0.5098,0.645,0.3527,0.25,0.6284,0.06,3,1,4.9736
8795,1789737900,EF,UP,63.1,0.42,0.42,0.5314,0.415,0.2139,0.15,0.1606,-0.35,3,1,3.8602
8796,1789737900,EF,UP,62.8,0.41,0.41,0.5314,0.405,0.2426,0.15,0.1663,-0.35,3,1,4.0255
8796,1789738200,EF,DOWN,146.1,0.38,0.38,0.5098,0.625,0.2834,0.25,1.0862,2,2.99,0,-2.9946
8795,1789738800,EF,DOWN,67.2,0.28,0.288,0.5098,0.725,0.729,0.25,2.4563,-5.59,2.99,0,-2.992
8796,1789738800,EF,DOWN,73.8,0.29,0.29,0.5098,0.715,0.6706,0.25,2.4879,-6.41,2.99,0,-2.9916
8795,1789739100,EF,UP,20.6,0.44,0.44,0.5896,0.435,0.2874,0.25,1.3668,-8.81,2.99,1,3.5526
8796,1789739100,EF,UP,20.6,0.44,0.44,0.5896,0.435,0.2874,0.25,1.3589,-8.81,2.99,1,3.5526
8795,1789739400,EF,UP,20.6,0.57,0.57,0.7473,0.565,0.2716,0.25,1.529,-4.42,3,1,2.1077
8796,1789739400,EF,UP,17.4,0.56,0.56,0.7473,0.555,0.2934,0.25,1.6928,-5.41,3,1,2.1968
8795,1789739700,EF,UP,93.3,0.18,0.18,0.5694,0.175,1.9819,0.25,2.4209,3.82,2.99,0,-2.9924
8796,1789739700,EF,UP,93.6,0.18,0.18,0.5896,0.175,2.0874,0.25,2.5669,4.67,2.99,0,-2.9924
8795,1789740300,EF,DOWN,179.7,0.29,0.29,0.5755,0.715,0.8858,0.25,1.7668,-2.51,2.99,1,6.8359
8796,1789740300,EF,DOWN,179.8,0.29,0.29,0.5438,0.715,0.7821,0.25,1.7542,-2.51,2.99,1,6.8359
8795,1789740600,EF,DOWN,136.7,0.34,0.34,0.5402,0.665,0.5154,0.25,1.4685,-1.81,2.99,0,-2.9921
8796,1789740600,EF,UP,83.7,0.57,0.57,0.7473,0.565,0.2716,0.25,1.2321,2.76,2.94,1,2.0642
8795,1789742100,EF,DOWN,31.2,0.47,0.47,0.632,0.535,0.2948,0.25,1.1171,-3.16,3,1,3.1517
8796,1789742100,EF,DOWN,141.1,0.13,0.1376,0.5438,0.875,2.9285,0.25,1.7582,-3.4,2.99,1,17.5098
8795,1789742400,EF,DOWN,189.4,0.25,0.25,0.5098,0.755,0.9322,0.25,1.2484,1.08,3,0,-2.9996
8796,1789742400,EF,UP,21.7,0.51,0.51,0.6776,0.505,0.2831,0.25,1.2004,0.69,3,1,2.6868
8795,1789742700,EF,DOWN,153.1,0.35,0.35,0.5438,0.655,0.4831,0.25,0.9629,-0.58,2.99,0,-2.9901
8795,1789743000,EF,UP,32.9,0.38,0.38,0.5694,0.375,0.4335,0.25,1.3896,5.23,2.99,0,-2.9946
8796,1789743000,EF,UP,34.7,0.39,0.39,0.5314,0.385,0.3044,0.25,1.271,4.12,2.99,0,-2.9926
8795,1789743300,EF,UP,108.5,0.48,0.48,0.6776,0.475,0.3603,0.25,0.6546,1.99,3,0,-2.9952
8796,1789743300,EF,DOWN,110.5,0.51,0.51,0.7346,0.495,0.391,0.25,0.9439,-6.48,3,1,2.6868
8795,1789743600,EF,DOWN,57.2,0.38,0.38,0.5098,0.63,0.2834,0.25,1.1479,-1.61,2.99,1,4.5581
8796,1789743600,EF,DOWN,57.2,0.38,0.38,0.5098,0.63,0.2834,0.25,1.1353,-1.61,2.99,1,4.5581
8795,1789743900,EF,UP,153.7,0.55,0.55,0.8491,0.545,0.4951,0.25,1.3726,13.14,2.99,0,-2.9913
8796,1789743900,EF,UP,153.6,0.57,0.57,0.8057,0.555,0.371,0.25,1.0511,10.82,3,0,-2.9976
8795,1789744200,EF,UP,137.1,0.28,0.28,0.5314,0.275,0.8022,0.25,0.755,6.16,2.99,1,7.1849
8796,1789744200,EF,UP,117,0.26,0.26,0.5314,0.255,0.938,0.25,0.6087,5.66,3,1,7.9639
8795,1789744800,EF,DOWN,112.3,0.4,0.4,0.5402,0.605,0.2937,0.25,0.486,-1.28,2.99,0,-2.9905
8796,1789744800,EF,DOWN,112.5,0.41,0.41,0.5943,0.595,0.3897,0.25,0.5228,-2.13,3,0,-2.9989
8795,1789745100,EF,DOWN,55.9,0.43,0.43,0.5943,0.575,0.327,0.25,0.9382,-5.59,2.99,1,3.7028
8796,1789745100,EF,DOWN,55.6,0.43,0.43,0.5909,0.575,0.3194,0.25,1.0169,-5.59,2.99,1,3.7028
8795,1789745400,EF,DOWN,57.5,0.55,0.55,0.7979,0.455,0.405,0.25,1.095,-13.36,2.99,1,2.2814
8795,1789745700,EF,DOWN,57,0.35,0.35,0.5438,0.655,0.4831,0.25,0.6929,-4.84,2.99,0,-2.9901
8796,1789745700,EF,DOWN,57.1,0.35,0.35,0.5438,0.655,0.4831,0.25,0.6763,-4.84,2.99,0,-2.9901
8796,1789746000,EF,UP,57.8,0.49,0.49,0.6776,0.485,0.3335,0.25,0.5527,-0.63,2.99,0,-2.9932
8795,1789746300,EF,UP,117.2,0.4,0.4,0.623,0.395,0.4921,0.25,1.204,1.04,2.99,1,4.1845
8796,1789746300,EF,UP,117,0.39,0.39,0.5694,0.375,0.3977,0.25,1.1953,0.69,2.99,1,4.3664
8796,1789746600,EF,UP,199.3,0.53,0.53,0.791,0.525,0.4434,0.25,0.802,10.06,3,1,2.4763
8795,1789746900,EF,UP,168.6,0.45,0.45,0.623,0.445,0.3312,0.25,0.5588,0.64,2.99,0,-2.9909
8796,1789746900,EF,UP,168.5,0.45,0.45,0.623,0.435,0.3312,0.25,0.5811,0.44,2.99,0,-2.9909
8795,1789747200,EF,DOWN,61.1,0.46,0.46,0.6416,0.545,0.342,0.25,0.8999,-3.84,3,0,-2.9992
8796,1789747200,EF,DOWN,60.6,0.46,0.46,0.632,0.545,0.322,0.25,0.9001,-2.5,3,0,-2.9992
8795,1789747500,EF,DOWN,181,0.2,0.2,0.5438,0.805,1.5668,0.25,0.7373,-3.63,3,0,-2.999
8796,1789747500,EF,DOWN,180.9,0.2,0.2,0.5438,0.805,1.5668,0.25,0.7163,-3.63,3,0,-2.999
8796,1789747800,EF,DOWN,34.7,0.43,0.43,0.5943,0.575,0.327,0.25,0.6564,-5.16,2.99,0,-2.9949
8795,1789748100,EF,DOWN,86.4,0.35,0.35,0.5098,0.655,0.3903,0.25,0.8228,-3.09,2.99,0,-2.9901
8796,1789748100,EF,DOWN,86.4,0.36,0.36,0.5098,0.645,0.3527,0.25,0.8248,-3.09,3,0,-2.9986
8795,1789748400,EF,UP,37.8,0.37,0.37,0.5314,0.365,0.3729,0.25,0.9377,5.45,3,0,-2.9966
8796,1789748400,EF,UP,39.2,0.43,0.4325,0.623,0.415,0.3911,0.25,0.9926,6.21,2.99,0,-2.9944
8795,1789748700,EF,UP,186.1,0.32,0.32,0.5694,0.315,0.6948,0.25,0.7953,-0.65,3,1,5.9414
8796,1789748700,EF,DOWN,74.6,0.53,0.53,0.6975,0.475,0.2727,0.25,0.7208,-6.15,3,0,-2.9954
8795,1789750200,EF,DOWN,40.6,0.39,0.39,0.5438,0.615,0.3349,0.25,0.4237,0.64,2.99,0,-2.9926
8796,1789750200,EF,DOWN,40.5,0.39,0.39,0.5438,0.615,0.3349,0.25,0.39,0.83,2.99,0,-2.9926
8795,1789750500,EF,DOWN,184.2,0.49,0.49,0.6975,0.525,0.3726,0.25,0.3722,-3.9,2.99,1,2.9048
8796,1789750500,EF,DOWN,183.8,0.46,0.46,0.6272,0.545,0.3119,0.25,0.2307,-2.47,3,1,3.2834
8795,1789750800,EF,DOWN,38.8,0.43,0.43,0.5909,0.575,0.3194,0.25,0.5656,0.03,2.99,1,3.7028
8796,1789750800,EF,UP,72.3,0.4,0.4,0.5694,0.395,0.3638,0.25,0.7754,2.24,2.99,0,-2.9905
8795,1789751100,EF,DOWN,58.2,0.34,0.34,0.5098,0.665,0.4301,0.25,0.5109,-1.52,2.99,1,5.4196
8796,1789751100,EF,DOWN,58,0.34,0.34,0.5098,0.665,0.4301,0.25,0.5137,-1.52,2.99,1,5.4196
8795,1789751400,EF,UP,119.5,0.47,0.47,0.623,0.45,0.2764,0.25,0.5564,2.7,3,1,3.1517
8796,1789751400,EF,UP,119.6,0.45,0.45,0.623,0.445,0.3312,0.25,0.5683,2.7,2.99,1,3.4091
8795,1789751700,EF,DOWN,92.4,0.35,0.35,0.5098,0.655,0.3903,0.25,0.3935,0.38,2.99,1,5.1813
8796,1789751700,EF,DOWN,91.7,0.37,0.37,0.5098,0.635,0.3171,0.25,0.5016,0.38,3,1,4.7602
8795,1789752000,EF,UP,80.5,0.39,0.39,0.5314,0.365,0.3044,0.25,0.4345,0.48,2.99,0,-2.9926
8796,1789752000,EF,UP,115.3,0.45,0.4568,0.623,0.445,0.3312,0.25,0.5423,1.98,2.99,0,-2.9895
8795,1789752300,EF,DOWN,66.6,0.36,0.36,0.5098,0.655,0.3527,0.25,0.5787,-1.69,3,0,-2.9986
8796,1789752300,EF,DOWN,66.3,0.33,0.33,0.5098,0.675,0.4724,0.25,0.6104,-1.69,2.07,0,-2.0729
8795,1789753500,EF,UP,21.1,0.55,0.55,0.6776,0.545,0.1932,0.15,0.137,-1.02,2.99,1,2.2814
8795,1789753800,EF,UP,16.6,0.42,0.42,0.623,0.415,0.4232,0.25,0.4895,2.5,3,1,3.8602
8796,1789753800,EF,UP,16.7,0.42,0.42,0.623,0.415,0.4232,0.25,0.5019,2.5,3,1,3.8602
8795,1789754100,EF,UP,53.9,0.49,0.49,0.6776,0.485,0.3335,0.25,0.4728,4.12,2.99,1,2.9048
8796,1789754100,EF,UP,54,0.5,0.5,0.6776,0.495,0.3078,0.25,0.645,5.68,2.99,1,2.7889
8796,1789754700,EF,DOWN,138.8,0.4,0.4,0.5402,0.605,0.2937,0.25,0.2286,0.29,2.99,0,-2.9905
8795,1789755000,EF,DOWN,129.6,0.37,0.37,0.5402,0.635,0.3956,0.25,0.1706,-0,3,1,4.7602
8796,1789755000,EF,DOWN,137.6,0.47,0.47,0.5909,0.535,0.2106,0.15,0.1644,-0.24,3,1,3.1517
8795,1789755300,EF,DOWN,38.1,0.37,0.37,0.5098,0.635,0.3171,0.25,0.3065,0.25,3,0,-2.9966
8796,1789755300,EF,DOWN,38.2,0.37,0.37,0.5438,0.635,0.405,0.25,0.418,-1.73,3,0,-2.9966
8795,1789755600,EF,DOWN,69.5,0.34,0.34,0.5098,0.665,0.4301,0.25,0.4377,-3.69,2.99,1,5.4196
8796,1789755600,EF,DOWN,66.3,0.43,0.43,0.5943,0.575,0.327,0.25,0.3915,-2.43,2.99,1,3.7028
8795,1789756200,EF,DOWN,31.4,0.33,0.33,0.5098,0.675,0.4724,0.25,0.543,-5.07,2.99,1,5.6725
8796,1789756200,EF,DOWN,25.1,0.38,0.38,0.5098,0.625,0.2834,0.25,0.3224,-1.23,2.99,1,1.5629
8796,1789756200,REVERSAL,UP,178.2,,0.48,0.7321,,,0,,,3,0,1.5629
8795,1789756500,EF,DOWN,56,0.4,0.4,0.5438,0.605,0.3025,0.25,0.6918,-7.16,2.99,0,-2.9905
8796,1789756500,EF,DOWN,32.3,0.37,0.37,0.5098,0.635,0.3171,0.25,0.7199,-6.91,3,0,-2.9966
8795,1789757400,EF,DOWN,104.4,0.43,0.43,0.5909,0.575,0.3194,0.25,0.7327,-1.95,2.99,0,-2.9949
8796,1789757400,EF,DOWN,31.7,0.46,0.462,0.6272,0.545,0.3119,0.25,0.5202,-3.43,3,0,-2.9988
8795,1789758000,EF,UP,160.9,0.36,0.36,0.5314,0.35,0.41,0.25,0.5259,1.18,3,1,4.9736
8796,1789758000,EF,UP,161.2,0.36,0.3658,0.5314,0.355,0.41,0.25,0.624,1.18,3,1,4.8493
8795,1789758300,EF,UP,50.6,0.42,0.4241,0.623,0.415,0.4232,0.25,0.6352,3.21,3,1,3.7946
8795,1789758900,EF,DOWN,106.3,0.33,0.33,0.5438,0.675,0.5707,0.25,1.6892,2.07,2.99,0,-2.9941
8796,1789758900,EF,DOWN,106.4,0.27,0.27,0.5438,0.735,0.9112,0.25,1.6179,1.48,3,0,-2.9956
8795,1789760400,EF,UP,32.2,0.39,0.3932,0.5314,0.385,0.3044,0.25,0.598,4.44,2.99,1,4.3081
8796,1789760400,EF,UP,31.9,0.42,0.42,0.5694,0.415,0.3007,0.25,0.6823,4.44,3,1,3.8602
8795,1789761000,EF,UP,185.8,0.43,0.43,0.623,0.425,0.3911,0.25,0.352,1.9,2.99,0,-2.9949
8796,1789761000,EF,UP,185.7,0.39,0.39,0.5314,0.385,0.3044,0.25,0.3513,1.9,2.99,0,-2.9926
8795,1789761300,EF,UP,71.6,0.37,0.37,0.623,0.365,0.6096,0.25,0.5975,10.05,3,1,4.7602
8796,1789761300,EF,UP,71.6,0.37,0.37,0.623,0.365,0.6096,0.25,0.5975,10.05,3,1,4.7602
8795,1789761900,EF,DOWN,90.4,0.23,0.23,0.5438,0.78,1.237,0.25,0.6293,-4,2.99,1,9.3547
8796,1789761900,EF,DOWN,90.4,0.24,0.24,0.5438,0.765,1.1454,0.25,0.6347,-4,2.99,1,8.8422
8795,1789763400,EF,DOWN,18.3,0.38,0.38,0.5098,0.625,0.2834,0.25,0.2968,1.26,2.99,0,-2.9946
8796,1789763400,EF,DOWN,18.5,0.38,0.38,0.5098,0.625,0.2834,0.25,0.3653,0.33,2.99,0,-2.9946
8795,1789763700,EF,DOWN,129.4,0.53,0.53,0.6975,0.475,0.2727,0.25,0.3826,-1.8,3,1,2.4763
8795,1789764000,EF,UP,146.3,0.5,0.5,0.6776,0.495,0.3078,0.25,0.273,0.5,2.99,1,2.7889
8796,1789764000,EF,UP,146.3,0.46,0.46,0.623,0.455,0.3032,0.25,0.273,0.5,3,1,3.2834
8795,1789764300,EF,DOWN,70.9,0.4,0.4,0.5098,0.605,0.221,0.15,0.1616,0,2.99,1,4.1845
8796,1789764300,EF,DOWN,94.3,0.38,0.38,0.5098,0.625,0.2834,0.25,0.3755,-1.39,2.99,1,4.5581
8795,1789764600,EF,UP,26,0.54,0.54,0.7167,0.535,0.2844,0.25,0.2345,3.59,2.99,0,-2.9934
8796,1789764600,EF,UP,22.3,0.48,0.48,0.6776,0.475,0.3603,0.25,0.3959,2.96,3,0,-2.9952
8795,1789764900,EF,UP,166.9,0.4,0.4,0.5694,0.39,0.3638,0.25,0.2892,1.48,2.99,0,-2.9905
8796,1789764900,EF,UP,166.8,0.39,0.3966,0.5694,0.37,0.3977,0.25,0.2892,1.48,2.99,0,-2.9912
8795,1789765200,EF,DOWN,83.5,0.36,0.36,0.5098,0.645,0.3527,0.25,0.5768,-0.4,3,0,-2.9986
8796,1789765200,EF,DOWN,81.3,0.37,0.37,0.5098,0.635,0.3171,0.25,0.5253,0.31,3,0,-2.9966
8795,1789767000,EF,DOWN,63.7,0.31,0.31,0.5098,0.695,0.5651,0.25,0.5881,-3.2,3,1,6.2277
8796,1789767000,EF,DOWN,64,0.31,0.31,0.5438,0.695,0.6695,0.25,0.584,-3.2,3,1,6.2277
8795,1789767600,EF,DOWN,181.8,0.37,0.37,0.5098,0.65,0.3171,0.25,0.3794,0.24,3,1,4.7602
8796,1789767600,EF,DOWN,182.6,0.37,0.37,0.5098,0.635,0.3171,0.25,0.2946,0.24,3,1,4.7602
8795,1789768200,EF,DOWN,139.5,0.31,0.3151,0.5098,0.71,0.5651,0.25,0.333,-3.3,3,0,-2.9971
8796,1789768200,EF,DOWN,149.2,0.3,0.3018,0.5402,0.715,0.7124,0.25,0.2987,-3.25,2.99,0,-2.9893
8795,1789768500,EF,DOWN,109.3,0.46,0.46,0.5755,0.545,0.2037,0.15,0.0846,-0.33,3,0,-2.9992
8796,1789768500,EF,DOWN,93.2,0.46,0.46,0.5755,0.545,0.2037,0.15,0.0776,0.01,3,0,-2.9992
8795,1789768800,EF,DOWN,58.4,0.37,0.3774,0.5402,0.635,0.3956,0.25,0.3529,1.45,3,1,4.6102
8796,1789768800,EF,DOWN,58.5,0.37,0.371,0.5402,0.635,0.3956,0.25,0.372,1.03,3,1,4.7405
8795,1789769100,EF,UP,149.5,0.57,0.57,0.7167,0.56,0.2195,0.15,0.0009,1.67,3,1,2.1077
8796,1789769100,EF,UP,149.5,0.55,0.55,0.7167,0.545,0.262,0.15,0.0009,1.67,2.99,1,2.2814
8795,1789769400,EF,DOWN,44.5,0.37,0.37,0.5098,0.635,0.3171,0.25,0.3769,1.19,3,1,4.7602
8796,1789769400,EF,DOWN,44.6,0.37,0.37,0.5098,0.635,0.3171,0.25,0.3784,1.19,3,1,4.7602
8795,1789770000,EF,DOWN,15.4,0.37,0.37,0.5755,0.645,0.4867,0.25,0.7001,-2.51,3,1,4.7602
8796,1789770000,EF,DOWN,15.5,0.34,0.34,0.5438,0.665,0.5256,0.25,0.7001,-2.51,2.99,1,5.4196
8795,1789770600,EF,DOWN,91.9,0.51,0.51,0.6272,0.495,0.1876,0.15,0.0007,-1.45,3,1,2.6868
8796,1789770600,EF,DOWN,91.9,0.51,0.51,0.6272,0.495,0.1876,0.15,0.0007,-1.45,3,1,2.6868
8795,1789771200,EF,DOWN,35.3,0.4,0.4,0.5402,0.605,0.2937,0.25,0.3605,-0.99,2.99,1,4.1845
8796,1789771200,EF,DOWN,35.2,0.4,0.4,0.5402,0.605,0.2937,0.25,0.3604,-0.99,2.99,1,4.1845
8795,1789771800,EF,DOWN,85.2,0.33,0.33,0.5098,0.675,0.4724,0.15,0.1037,-0.81,2.99,0,-2.9941
8796,1789771800,EF,DOWN,85,0.34,0.34,0.5098,0.665,0.4301,0.15,0.0007,-0,2.99,0,-2.9921
8795,1789772100,EF,DOWN,35.9,0.47,0.47,0.5755,0.535,0.179,0.15,0.0007,0,3,0,-2.9972
8796,1789772100,EF,DOWN,36.2,0.47,0.47,0.5755,0.535,0.179,0.15,0.0008,0,3,0,-2.9972
8795,1789773000,EF,DOWN,34.3,0.56,0.56,0.6975,0.445,0.2071,0.15,0.1071,-0.84,3,0,-2.9996
8796,1789773000,EF,DOWN,34.1,0.52,0.52,0.6416,0.485,0.1923,0.15,0.1071,-0.84,3,0,6.9166
8796,1789773000,REVERSAL,UP,220.3,,0.22,0.8617,,,0,,,3,1,6.9166
8795,1789773300,EF,DOWN,26,0.44,0.44,0.5402,0.565,0.1796,0.15,0.0053,0,2.99,1,3.5526
8796,1789773300,EF,DOWN,26.1,0.44,0.44,0.5438,0.565,0.1875,0.15,0.0053,0,2.99,1,3.5526
8795,1789774500,EF,DOWN,19.6,0.43,0.43,0.5943,0.575,0.327,0.25,0.5206,-4.32,2.99,1,3.7028
8796,1789774500,EF,DOWN,19.7,0.43,0.43,0.5943,0.575,0.327,0.25,0.5205,-4.32,2.99,1,3.7028
8795,1789775400,EF,DOWN,55.9,0.48,0.48,0.5943,0.525,0.1931,0.15,0.0008,0,3,0,-2.9952
8796,1789775400,EF,DOWN,55.8,0.48,0.48,0.5943,0.525,0.1931,0.15,0.0008,0,3,0,-2.9952
8795,1789775700,EF,DOWN,18.8,0.47,0.47,0.5909,0.535,0.2106,0.15,0.0007,0,3,1,3.1517
8796,1789775700,EF,DOWN,234,0.31,0.31,0.5098,0.695,0.5651,0.25,0.7941,-1.58,3,1,6.2277
8795,1789776300,EF,DOWN,192.4,0.34,0.34,0.5098,0.665,0.4301,0.25,0.3657,1.71,2.99,0,-2.9921
8795,1789777200,EF,DOWN,39.5,0.28,0.28,0.5098,0.725,0.729,0.25,0.9073,-3.83,2.99,0,-2.9936
8796,1789777200,EF,DOWN,39.6,0.28,0.28,0.5098,0.725,0.729,0.25,0.9073,-3.83,2.99,0,-2.9936
8795,1789777500,EF,UP,56.4,0.51,0.51,0.623,0.505,0.1797,0.15,0.0948,0.74,3,1,2.6868
8796,1789777500,EF,UP,45.5,0.48,0.48,0.5896,0.475,0.1836,0.15,0.1154,0.74,3,1,3.0256
8795,1789778100,EF,DOWN,110.6,0.44,0.44,0.5909,0.565,0.2903,0.25,0.2305,-0.72,2.99,0,-2.9929
8796,1789778100,EF,DOWN,110.8,0.44,0.44,0.5914,0.565,0.2915,0.25,0.2496,-0.72,2.99,0,-2.9929
8795,1789778400,EF,DOWN,65.4,0.48,0.48,0.5943,0.525,0.1931,0.15,0.1577,-1.23,3,0,-2.9952
8796,1789778400,EF,DOWN,72.4,0.52,0.52,0.632,0.485,0.1746,0.15,0.1655,-1.48,3,0,-2.9974
8795,1789778700,EF,DOWN,117.3,0.37,0.37,0.5098,0.65,0.3171,0.25,0.3867,-0.74,3,1,4.7602
8796,1789778700,EF,DOWN,117.2,0.4,0.4086,0.5438,0.605,0.3025,0.25,0.3153,-0,2.99,1,4.0344
8795,1789779000,EF,UP,56.9,0.35,0.35,0.5314,0.345,0.4492,0.25,0.7623,5.34,2.99,1,5.1813
8796,1789779000,EF,UP,56.9,0.35,0.35,0.5314,0.345,0.4492,0.25,0.755,5.27,2.99,1,5.1813
8795,1789779600,EF,DOWN,108.8,0.32,0.32,0.5402,0.685,0.6077,0.25,1.2215,-0.2,3,1,5.9414
8796,1789779600,EF,DOWN,108.8,0.32,0.32,0.5098,0.685,0.5173,0.25,1.2415,-0.2,3,1,5.9414
8795,1789779900,EF,UP,201.1,0.29,0.29,0.5896,0.285,0.932,0.25,0.9173,3.47,2.99,0,-2.9916
8796,1789779900,EF,UP,199.4,0.33,0.33,0.5694,0.325,0.6446,0.25,0.7482,2.19,2.99,0,-2.9941
8795,1789781100,EF,DOWN,63.6,0.4,0.4,0.5402,0.605,0.2937,0.25,0.3052,-1.12,2.99,1,4.1845
8796,1789781100,EF,DOWN,213,0.34,0.34,0.5098,0.665,0.4301,0.25,0.4064,-0,2.99,1,5.4196
8795,1789781400,EF,DOWN,44.1,0.52,0.52,0.632,0.49,0.1746,0.15,0.1389,0,3,1,2.5795
8796,1789781700,REVERSAL,UP,158.2,,0.53,0.6533,,,0,,,3,1,2.4763
8795,1789782600,EF,DOWN,75.7,0.34,0.34,0.5098,0.675,0.4301,0.25,1.3179,3.01,2.99,0,-2.9921
8796,1789782600,EF,DOWN,75.8,0.34,0.34,0.5098,0.675,0.4301,0.25,1.3179,3.01,2.99,0,-2.9921
8795,1789783200,EF,DOWN,156.3,0.42,0.42,0.5943,0.595,0.3576,0.25,0.4638,-0.33,1.37,0,-1.368
8796,1789783200,EF,DOWN,156.2,0.4,0.4,0.5438,0.605,0.3025,0.25,0.4462,-0.33,2.99,0,-2.9905
8795,1789784400,EF,DOWN,93.9,0.57,0.57,0.6975,0.435,0.1868,0.15,0.1574,-0.89,3,0,-2.9976
8796,1789784400,EF,DOWN,93.9,0.57,0.57,0.6975,0.435,0.1868,0.15,0.1574,-0.89,3,0,-2.9976
8795,1789785000,EF,DOWN,70.5,0.42,0.42,0.5943,0.585,0.3576,0.25,0.7121,-0.86,3,0,-2.9969
8796,1789785000,EF,DOWN,70.5,0.42,0.42,0.5909,0.585,0.3498,0.25,0.7121,-0.86,3,0,-2.9969
8795,1789786200,EF,DOWN,29.2,0.5,0.5,0.632,0.505,0.2198,0.15,0.0008,-0,2.99,1,2.7889
8796,1789786200,EF,DOWN,21.7,0.48,0.48,0.5909,0.525,0.1862,0.15,0.0008,-0,3,1,3.0256
8795,1789786500,EF,DOWN,126.1,0.53,0.53,0.7164,0.475,0.3073,0.25,0.2609,-0.98,3,1,2.4763
8795,1789786800,EF,DOWN,28.5,0.4,0.4,0.5438,0.61,0.3025,0.25,0.2929,-1.57,2.99,0,-2.9905
8796,1789786800,EF,DOWN,28.4,0.4,0.4,0.5438,0.61,0.3025,0.25,0.2927,-1.57,2.99,0,-2.9905
8795,1789787100,EF,DOWN,23.3,0.36,0.36,0.5098,0.645,0.3527,0.25,0.4368,-3.13,3,1,4.9736
8796,1789787100,EF,DOWN,23.1,0.36,0.36,0.5098,0.645,0.3527,0.25,0.4608,-3.13,3,1,4.9736
8795,1789788000,EF,UP,135.2,0.51,0.51,0.6776,0.505,0.2831,0.25,0.2129,3.47,3,0,-2.9995
8796,1789788000,EF,UP,145.5,0.51,0.51,0.7167,0.505,0.357,0.25,0.3566,5.93,3,0,-2.9995
8795,1789790100,EF,DOWN,138.6,0.4,0.403,0.5098,0.605,0.221,0.15,0.1522,0.42,2.99,1,4.132
8796,1789790100,EF,DOWN,138.5,0.4,0.4,0.5098,0.61,0.221,0.15,0.1521,0.42,2.99,1,4.1845
8795,1789790700,EF,DOWN,17.4,0.51,0.51,0.6272,0.495,0.1876,0.15,0.0256,0,3,0,-2.9995
8796,1789790700,EF,DOWN,17.5,0.51,0.51,0.6272,0.495,0.1876,0.15,0.0256,0,3,0,-2.9995
8795,1789791300,EF,UP,17.3,0.55,0.55,0.6776,0.545,0.1932,0.15,0.1327,1.04,2.99,0,-2.9913
8796,1789791300,EF,UP,17.3,0.55,0.55,0.6776,0.545,0.1932,0.15,0.1327,1.04,2.99,0,-2.9913
8795,1789791900,EF,UP,185.4,0.56,0.56,0.6776,0.555,0.1728,0.15,0.1541,0.2,3,0,-2.9996
8796,1789791900,EF,UP,185.5,0.56,0.56,0.6776,0.555,0.1728,0.15,0.1541,0.2,3,0,-2.9996
8795,1789793400,EF,DOWN,68.2,0.36,0.36,0.5098,0.645,0.3527,0.25,0.2746,1.1,3,0,-2.9986
8796,1789793400,EF,DOWN,68,0.36,0.36,0.5098,0.645,0.3527,0.25,0.2855,1.1,3,0,-2.9986
8795,1789794900,EF,DOWN,87.9,0.44,0.44,0.5438,0.565,0.1875,0.15,0.0008,0,2.99,0,-2.9929
8796,1789794900,EF,DOWN,88,0.44,0.44,0.5438,0.565,0.1875,0.15,0.0008,0,2.99,0,-2.9929
8795,1789796700,EF,DOWN,93.6,0.37,0.37,0.5098,0.635,0.3171,0.25,0.2037,1.16,3,0,-2.9966
8795,1789797300,EF,DOWN,64.6,0.33,0.33,0.5098,0.675,0.4724,0.25,0.2164,-1.23,2.99,1,5.6725
8796,1789797300,EF,DOWN,64.6,0.33,0.33,0.5098,0.675,0.4724,0.25,0.2164,-1.23,2.99,1,5.6725
8795,1789797600,EF,DOWN,75.2,0.38,0.38,0.5098,0.625,0.2834,0.25,0.2417,-0.13,2.99,1,4.5581
8796,1789797600,EF,DOWN,75.2,0.38,0.38,0.5098,0.625,0.2834,0.25,0.2417,-0.13,2.99,1,4.5581
8795,1789799100,EF,UP,175.8,0.46,0.46,0.623,0.455,0.3032,0.25,0.2653,0.37,3,1,3.2834
8796,1789799100,EF,UP,175.7,0.46,0.46,0.623,0.445,0.3032,0.25,0.2368,0.37,3,1,3.2834
8795,1789800000,EF,UP,78.7,0.56,0.56,0.6776,0.555,0.1728,0.15,0.0626,0.69,3,0,-2.9996
8796,1789800000,EF,UP,23.1,0.53,0.53,0.6776,0.525,0.2365,0.15,0.0352,0.28,3,0,-2.9954
8795,1789800600,EF,UP,23.2,0.43,0.43,0.5314,0.425,0.1865,0.15,0.0008,0,2.99,0,-2.9949
8796,1789800600,EF,UP,23.2,0.43,0.43,0.5314,0.425,0.1865,0.15,0.0009,0,2.99,0,-2.9949
8795,1789800900,EF,UP,135.4,0.56,0.56,0.6776,0.555,0.1728,0.15,0.1636,0.57,3,0,-2.9996
8796,1789800900,EF,UP,119.7,0.56,0.56,0.6776,0.555,0.1728,0.15,0.1252,-0.47,3,0,-2.9996
8796,1789801500,EF,UP,215.7,0.47,0.47,0.5896,0.46,0.2079,0.15,0.004,0.03,1.56,1,1.6402
8795,1789803000,EF,DOWN,67.3,0.47,0.47,0.5943,0.535,0.2176,0.15,0.1629,0.27,3,0,-2.9972
8796,1789803000,EF,DOWN,67.3,0.47,0.47,0.5943,0.535,0.2176,0.15,0.1629,0.27,3,0,-2.9972
8795,1789803600,EF,UP,45.3,0.54,0.54,0.6776,0.535,0.2144,0.15,0.1594,1.24,2.99,1,2.377
8796,1789803600,EF,UP,45.3,0.54,0.54,0.6776,0.535,0.2144,0.15,0.1594,1.24,2.99,1,2.377
8795,1789804200,EF,UP,83.9,0.47,0.47,0.623,0.465,0.2764,0.15,0.1542,1.2,3,1,3.1517
8796,1789804200,EF,UP,83.7,0.47,0.47,0.6324,0.465,0.2955,0.15,0.1542,1.2,3,1,3.1517
8795,1789804500,EF,DOWN,123.2,0.4,0.4,0.5402,0.605,0.2937,0.25,0.4994,-0.64,2.99,0,-2.9905
8796,1789804500,EF,DOWN,187.7,0.36,0.36,0.5098,0.645,0.3527,0.15,0.0947,-1.63,3,0,-5.9955
8796,1789804500,REVERSAL,DOWN,124.2,,0.42,0.6097,,,0,,,3,0,-5.9955
8795,1789805100,EF,DOWN,59.6,0.48,0.48,0.5943,0.525,0.1931,0.15,0.1459,-1.78,3,0,-2.9952
8796,1789805100,EF,DOWN,59.6,0.46,0.46,0.5755,0.545,0.2037,0.15,0.1459,-1.78,3,0,-2.9992
8795,1789805700,EF,UP,193.9,0.42,0.42,0.5694,0.415,0.3007,0.25,0.2326,-0.49,3,0,-2.9969
8796,1789805700,EF,UP,193.7,0.42,0.42,0.5694,0.415,0.3007,0.25,0.2664,-0.49,3,0,-2.9969
8795,1789806600,EF,DOWN,164.1,0.38,0.38,0.5098,0.665,0.2834,0.25,0.2425,-1.3,2.99,0,-2.9946
8796,1789806600,EF,DOWN,179,0.38,0.38,0.5098,0.625,0.2834,0.25,0.2425,-1.3,2.99,0,-2.9946
8795,1789806900,EF,DOWN,155.6,0.33,0.33,0.5438,0.675,0.5707,0.25,0.2944,-1.21,2.99,0,-2.9941
8796,1789806900,EF,DOWN,155.5,0.33,0.33,0.5098,0.675,0.4724,0.25,0.2371,-0.6,2.99,0,-2.9941
8795,1789807200,EF,UP,84.5,0.42,0.42,0.5314,0.415,0.2139,0.15,0.1124,-1.56,3,0,-2.9969
8796,1789807200,EF,UP,84.6,0.42,0.42,0.5314,0.415,0.2139,0.15,0.1124,-1.56,3,0,-2.9969
8795,1789807800,EF,UP,69.6,0.57,0.5702,0.7167,0.565,0.2195,0.15,0.1092,0.86,3,0,-2.9975
8796,1789807800,EF,UP,66.6,0.56,0.5663,0.6776,0.555,0.1728,0.15,0.0008,0,3,0,-2.9984
8795,1789808100,EF,UP,67.8,0.4,0.4,0.5694,0.39,0.3638,0.25,0.2024,1.5,2.99,0,-2.9905
8796,1789808100,EF,UP,68.1,0.4,0.4044,0.5694,0.395,0.3638,0.25,0.2025,1.5,2.99,0,-2.9897
8795,1789809300,EF,UP,82.7,0.42,0.42,0.5694,0.41,0.3007,0.15,0.1072,-0.17,3,0,-2.9969
8796,1789809300,EF,UP,82.2,0.41,0.4128,0.5694,0.405,0.3315,0.15,0.1072,-0.17,3,0,-2.9984
8795,1789810500,EF,DOWN,151.3,0.43,0.43,0.5755,0.575,0.2849,0.25,0.3752,-2.7,2.99,0,-2.9949
8796,1789810500,EF,DOWN,151.5,0.43,0.43,0.5909,0.575,0.3194,0.25,0.357,-2.7,2.99,0,-2.9949
8795,1789811400,EF,UP,81.4,0.45,0.45,0.5896,0.445,0.2597,0.15,0.1307,-0.45,2.99,0,-2.9909
8796,1789811400,EF,UP,81.6,0.45,0.45,0.5896,0.445,0.2597,0.15,0.1307,-0.45,2.99,0,-2.9909
8795,1789811700,EF,UP,121.9,0.57,0.57,0.7167,0.565,0.2195,0.15,0.1097,0.98,3,1,2.1077
8796,1789811700,EF,UP,121.7,0.57,0.57,0.7167,0.565,0.2195,0.15,0.0782,0.74,3,1,2.1077
8795,1789812000,EF,UP,190,0.43,0.43,0.5694,0.425,0.2714,0.15,0.0007,0.6,2.99,0,-2.9949
8796,1789812000,EF,UP,189.9,0.42,0.42,0.5314,0.415,0.2139,0.15,0.0007,0.6,3,0,-2.9969
8795,1789812300,EF,UP,62,0.54,0.54,0.7167,0.535,0.2844,0.25,0.1748,1.79,2.99,0,-2.9934
8796,1789812300,EF,UP,62.3,0.54,0.54,0.7167,0.535,0.2844,0.25,0.2089,1.79,2.99,0,-2.9934
8796,1789812600,EF,UP,19.2,0.54,0.54,0.6776,0.535,0.2144,0.15,0.0979,0.16,2.99,1,2.377
8796,1789813200,REVERSAL,DOWN,221.1,,0.31,0.7087,,,0,,,3,0,-2.9981
8795,1789813500,EF,DOWN,94.1,0.43,0.43,0.5438,0.575,0.2142,0.15,0.0708,-0.99,2.99,0,-2.9949
8796,1789813500,EF,DOWN,94.2,0.43,0.43,0.5438,0.575,0.2142,0.15,0.0999,-1.23,2.99,0,-2.9949
8795,1789813800,EF,UP,94.3,0.45,0.4522,0.5694,0.445,0.2167,0.15,0.0888,-0.61,2.99,0,-2.9904
8796,1789813800,EF,DOWN,126.8,0.48,0.48,0.6416,0.525,0.2879,0.25,0.237,-2.81,3,1,3.0256
8795,1789814400,EF,UP,35.9,0.42,0.4247,0.5314,0.415,0.2139,0.15,0.1385,0.49,3,1,3.7847
8796,1789814400,EF,UP,39.4,0.56,0.56,0.6776,0.555,0.1728,0.15,0.1297,0.72,3,1,2.1968
8795,1789815300,EF,DOWN,204,0.4,0.4,0.5438,0.605,0.3025,0.15,0.0353,-2.21,2.99,1,4.1845
8796,1789815300,EF,DOWN,44,0.4,0.4,0.5402,0.635,0.2937,0.25,0.4693,-3.38,2.23,1,3.126
8795,1789815900,EF,UP,170.7,0.44,0.44,0.623,0.435,0.3605,0.25,0.2187,0.29,2.99,1,3.5526
8796,1789815900,EF,DOWN,68.1,0.51,0.51,0.6272,0.495,0.1876,0.15,0.126,-0.98,3,0,-2.9995
8795,1789816500,EF,UP,144,0.29,0.29,0.5314,0.285,0.7413,0.25,0.6151,3.5,2.99,1,6.8359
8796,1789816500,EF,UP,144.2,0.29,0.29,0.5694,0.285,0.866,0.25,0.6153,3.51,2.99,1,6.8359
8795,1789816800,EF,UP,66.4,0.47,0.47,0.623,0.465,0.2764,0.15,0.1542,1.59,3,1,3.1517
8796,1789816800,EF,UP,66.3,0.47,0.47,0.623,0.465,0.2764,0.15,0.1542,1.59,3,1,3.1517
8795,1789817700,EF,UP,76.5,0.5,0.5,0.623,0.495,0.2024,0.15,0.0887,0.69,2.99,1,2.7889
8796,1789817700,EF,UP,76.6,0.5,0.5,0.623,0.495,0.2024,0.15,0.0887,0.69,2.99,1,2.7889
8795,1789818300,EF,UP,19.8,0.43,0.43,0.5314,0.425,0.1865,0.15,0.0008,0,2.99,1,3.7028
8796,1789818300,EF,UP,19.8,0.43,0.43,0.5314,0.425,0.1865,0.15,0.0008,0,2.99,1,3.7028
8795,1789818600,EF,UP,26,0.54,0.54,0.6776,0.535,0.2144,0.15,0.0007,0,2.99,1,2.377
8796,1789818600,EF,UP,26,0.54,0.54,0.6776,0.535,0.2144,0.15,0.0007,0,2.99,1,2.377
8795,1789818900,EF,UP,19.5,0.48,0.48,0.5896,0.475,0.1836,0.15,0.0009,0,3,1,3.0256
8796,1789818900,EF,UP,19.7,0.48,0.48,0.5896,0.475,0.1836,0.15,0.0009,0,3,1,3.0256
8795,1789819200,EF,UP,15.7,0.55,0.55,0.6776,0.545,0.1932,0.15,0.0297,0.33,2.99,1,2.2814
8796,1789819200,EF,UP,15.7,0.55,0.55,0.6776,0.545,0.1932,0.15,0.0297,0.33,2.99,1,2.2814
8795,1789819800,EF,UP,127.7,0.4,0.4,0.5694,0.395,0.3638,0.25,0.546,0.83,2.99,1,4.1845
8796,1789819800,EF,DOWN,122.9,0.4,0.4,0.5438,0.605,0.3025,0.25,0.3929,-1.43,2.99,0,-2.9905
8795,1789820100,EF,UP,15.2,0.47,0.47,0.5896,0.465,0.2079,0.15,0.1096,0,3,0,-2.9972
8796,1789820100,EF,UP,15.2,0.47,0.47,0.5896,0.465,0.2079,0.15,0.1096,0,3,0,19.0984
8796,1789820100,REVERSAL,DOWN,184.3,,0.1124,0.8971,,,0,,,3,1,19.0984
8795,1789820700,EF,UP,34.1,0.43,0.43,0.5694,0.425,0.2714,0.15,0.0007,0,2.24,0,-2.2358
8796,1789820700,EF,UP,34.3,0.49,0.49,0.623,0.485,0.2261,0.15,0.0007,0,2.99,0,-2.9932
8795,1789821000,EF,UP,65.2,0.56,0.56,0.6776,0.555,0.1728,0.15,0.1492,1.64,3,1,2.1968
8796,1789821000,EF,UP,65.2,0.56,0.56,0.6776,0.555,0.1728,0.15,0.1492,1.64,3,1,2.1968
8795,1789821900,EF,DOWN,182.4,0.44,0.44,0.5438,0.565,0.1875,0.15,0.1581,-1.24,2.99,1,3.5526
8796,1789821900,EF,DOWN,182.4,0.44,0.44,0.5438,0.565,0.1875,0.15,0.0616,-0.48,2.99,1,3.5526
8795,1789822800,EF,UP,125.7,0.51,0.51,0.6776,0.505,0.2831,0.25,0.4694,0.24,3,1,2.6868
8796,1789822800,EF,UP,126.6,0.51,0.51,0.6776,0.505,0.2831,0.25,0.5002,0.24,3,1,2.6868
8795,1789824300,EF,UP,26.5,0.56,0.56,0.6776,0.555,0.1728,0.15,0.0865,0,3,0,-2.9996
8796,1789824300,EF,UP,26.5,0.56,0.56,0.6776,0.555,0.1728,0.15,0.0865,0,3,0,-2.9996
8795,1789824600,EF,UP,91.7,0.3,0.3,0.5314,0.295,0.6845,0.25,0.6476,3.01,2.99,1,6.5103
8796,1789824600,EF,UP,91.7,0.3,0.3,0.5314,0.295,0.6845,0.25,0.648,3.02,2.99,1,9.1234
8796,1789824600,REVERSAL,UP,92.5,,0.46,0.832,,,0,,,2.39,1,9.1234
8795,1789825200,EF,UP,32.4,0.56,0.56,0.6776,0.555,0.1728,0.15,0.0107,0.08,3,0,-2.9996
8796,1789825200,EF,UP,32.4,0.56,0.56,0.6776,0.555,0.1728,0.15,0.0107,0.08,3,0,-2.9996
8795,1789825800,EF,UP,140.1,0.44,0.44,0.623,0.43,0.3605,0.25,0.2064,-0.22,2.99,1,3.5526
8796,1789825800,EF,UP,140.8,0.44,0.44,0.623,0.43,0.3605,0.25,0.225,-0.12,2.99,1,3.5526
8795,1789826100,EF,UP,82.5,0.51,0.51,0.623,0.505,0.1797,0.15,0.0778,-2.68,3,1,2.6868
8796,1789826100,EF,UP,82.6,0.51,0.51,0.623,0.505,0.1797,0.15,0.0789,-2.66,3,1,2.6868
8795,1789827000,EF,UP,94.5,0.56,0.56,0.6776,0.55,0.1728,0.15,0.0008,0.49,3,0,-2.9996
8796,1789827000,EF,UP,96,0.56,0.56,0.6776,0.55,0.1728,0.15,0.0009,0.49,3,0,-2.9996
8795,1789827600,EF,DOWN,132.8,0.4,0.4,0.5402,0.605,0.2937,0.25,0.6139,0,2.99,0,-2.9905
8795,1789828200,EF,DOWN,234.1,0.3,0.3,0.5098,0.71,0.6161,0.25,0.9079,-1.25,1.57,1,3.4265
8796,1789828200,EF,DOWN,234.4,0.24,0.2457,0.5098,0.765,1.0112,0.25,0.9846,-3.7,2.99,1,8.5701
8795,1789828500,EF,UP,45.7,0.5,0.5,0.623,0.495,0.2024,0.15,0.0787,0.17,2.99,0,-2.9912
8796,1789828500,EF,UP,45.6,0.5,0.5,0.623,0.495,0.2024,0.15,0.0788,0.17,2.99,0,-2.9912
8795,1789829100,EF,UP,15.3,0.51,0.51,0.6776,0.505,0.2831,0.25,0.3142,4.07,3,0,-2.9995
8796,1789829100,EF,UP,15.1,0.51,0.51,0.6776,0.505,0.2831,0.25,0.2881,4.07,3,0,-2.9995
8795,1789829400,EF,UP,61,0.51,0.51,0.623,0.505,0.1797,0.15,0.1177,0.54,3,0,-2.9995
8796,1789829400,EF,UP,60.8,0.49,0.49,0.623,0.485,0.2261,0.15,0.1398,0.54,2.99,0,-5.9861
8796,1789829400,REVERSAL,UP,204.1,,0.44,0.6036,,,0,,,2.99,0,-5.9861
8795,1789829700,EF,UP,206.4,0.42,0.42,0.623,0.415,0.4232,0.25,0.3884,1.81,3,1,3.8602
8796,1789829700,EF,UP,206.5,0.51,0.51,0.6776,0.505,0.2831,0.25,0.3884,1.81,3,1,2.6868
8796,1789830600,EF,UP,21.4,0.51,0.51,0.6776,0.505,0.2831,0.25,0.662,-1.99,0.81,1,0.7229
8795,1789830900,EF,DOWN,135.1,0.4,0.4,0.5909,0.605,0.4152,0.25,0.5087,1.22,2.99,1,4.1845
8796,1789830900,EF,DOWN,135,0.4,0.4,0.5438,0.605,0.3025,0.25,0.4864,1.71,2.99,1,4.1845
8795,1789831200,EF,UP,60.4,0.5,0.5,0.6776,0.495,0.3078,0.25,0.3296,0.67,2.99,1,2.7889
8796,1789831200,EF,UP,59.4,0.37,0.37,0.5314,0.365,0.3729,0.25,0.3296,0.67,3,1,9.6542
8796,1789831200,REVERSAL,UP,152.3,,0.3637,0.6357,,,0,,,3,1,9.6542
8795,1789832100,EF,UP,17.4,0.44,0.44,0.5694,0.435,0.2434,0.15,0.0007,0,2.99,1,3.5526
8796,1789832100,EF,UP,21,0.5,0.5,0.623,0.495,0.2024,0.15,0.0008,0,2.59,1,2.4125
8795,1789833000,EF,UP,66.4,0.46,0.46,0.623,0.455,0.3032,0.25,0.1815,3.7,3,1,3.2834
8796,1789833000,EF,UP,66.3,0.47,0.47,0.623,0.465,0.2764,0.25,0.1815,3.7,3,1,3.1517
8795,1789833600,EF,DOWN,34,0.37,0.37,0.5098,0.64,0.3171,0.25,0.3527,-0.74,3,1,4.7602
8796,1789833600,EF,DOWN,34.5,0.37,0.37,0.5098,0.64,0.3171,0.25,0.3104,-0.73,3,1,4.7602
8796,1789834200,EF,UP,15.1,0.37,0.37,0.623,0.365,0.6096,0.25,0.9122,4.91,3,1,4.7602
8796,1789834500,EF,DOWN,75.4,0.4,0.4022,0.5438,0.605,0.3025,0.25,0.2924,-0.51,2.99,0,-2.9901
8795,1789834800,EF,UP,127,0.55,0.55,0.6776,0.545,0.1932,0.15,0.1406,0.18,2.99,1,2.2814
8796,1789834800,EF,UP,126.6,0.55,0.5518,0.6776,0.545,0.1932,0.15,0.0936,-0.31,2.99,1,2.2642
8795,1789835100,EF,DOWN,59.4,0.4,0.4,0.5402,0.605,0.2937,0.25,0.3141,-0.16,2.99,0,-2.9905
8796,1789835100,EF,DOWN,211.4,0.38,0.38,0.5438,0.625,0.369,0.25,0.3218,-1.14,2.99,0,-2.9946
8796,1789835700,EF,DOWN,94.9,0.48,0.48,0.6416,0.525,0.2879,0.25,0.4222,-2.64,3,1,3.0256
8795,1789837500,EF,UP,121.7,0.48,0.48,0.6776,0.475,0.3603,0.25,0.221,3.18,3,1,3.0256
8796,1789837500,EF,UP,121.3,0.48,0.48,0.6776,0.475,0.3603,0.25,0.221,3.18,3,1,3.0256
8796,1789839000,EF,UP,191.1,0.51,0.51,0.6776,0.5,0.2831,0.25,0.4128,2.46,3,1,2.6868
8796,1789841400,EF,DOWN,126.9,0.53,0.53,0.7346,0.49,0.3404,0.25,0.3394,-7.64,2.74,1,2.2628
8795,1789842900,EF,UP,225.7,0.51,0.51,0.623,0.3,0.1797,0.15,0.0484,6.39,2.64,1,2.3625
8796,1789842900,EF,UP,225.8,0.51,0.51,0.623,0.3,0.1797,0.15,0.0445,6.39,2.64,1,2.3625
8795,1789844700,EF,UP,40.4,0.56,0.56,0.6776,0.55,0.1728,0.15,0.0142,0.11,3,0,-2.9996
8796,1789844700,EF,DOWN,121.3,0.5,0.5,0.6272,0.505,0.2104,0.15,0.1542,-0.96,2.99,1,2.7889
8795,1789845000,EF,UP,111.8,0.51,0.51,0.623,0.505,0.1797,0.15,0.1352,-0.15,3,0,-2.9995
8796,1789845000,EF,UP,111.9,0.51,0.51,0.623,0.505,0.1797,0.15,0.1352,-0.15,3,0,-2.9995
8795,1789846500,EF,DOWN,109,0.5,0.5,0.6272,0.51,0.2104,0.15,0.1067,-1.39,2.99,1,2.7889
8796,1789846500,EF,DOWN,183.4,0.5,0.5,0.632,0.51,0.2198,0.15,0.1205,-2.58,2.99,1,2.7889
8795,1789846800,EF,UP,55.5,0.51,0.51,0.623,0.5,0.1797,0.15,0.1393,1.48,2.64,0,-2.6375
8796,1789846800,EF,UP,55.5,0.51,0.51,0.623,0.5,0.1797,0.15,0.1377,1.48,2.64,0,0.0364
8796,1789846800,REVERSAL,DOWN,225.6,,0.5112,0.6412,,,0,,,3,1,0.0364
8795,1789847100,EF,UP,130.2,0.51,0.51,0.623,0.495,0.1797,0.15,0.0008,2.5,2.64,1,2.3625
8796,1789847100,EF,UP,150.3,0.51,0.51,0.6776,0.495,0.2831,0.15,0.0007,2.5,2.64,1,2.3625
8795,1789847400,EF,UP,36.3,0.51,0.5112,0.623,0.49,0.1797,0.15,0.0114,0.09,3,1,2.6738
8796,1789847400,EF,UP,36.3,0.51,0.5112,0.623,0.49,0.1797,0.15,0.011,0.09,3,1,2.6738
8795,1789848600,EF,UP,193.6,0.54,0.54,0.6776,0.535,0.2144,0.15,0.1017,-0.52,2.99,0,-2.9934
8796,1789848600,EF,UP,193.7,0.56,0.56,0.6776,0.55,0.1728,0.15,0.0992,-0.52,3,0,-2.9996
8795,1789849800,EF,UP,84.1,0.39,0.39,0.623,0.385,0.5293,0.25,0.3861,3.13,2.99,0,-2.9926
8796,1789849800,EF,UP,84.2,0.39,0.39,0.5896,0.385,0.4472,0.25,0.3861,3.13,2.99,0,-2.9926
8795,1789850100,EF,UP,102.9,0.46,0.462,0.5694,0.455,0.1911,0.15,0.0009,0,3,1,3.2565
8796,1789850100,EF,UP,102.9,0.46,0.462,0.5694,0.455,0.1911,0.15,0.0009,0,3,1,3.2565
8795,1789850700,EF,DOWN,57.4,0.35,0.35,0.5438,0.655,0.4831,0.25,0.5487,-4.53,2.99,1,5.1813
8796,1789850700,EF,DOWN,57.2,0.35,0.35,0.5098,0.655,0.3903,0.25,0.4903,-4.06,2.99,1,5.1813
8795,1789851300,EF,DOWN,31.3,0.44,0.44,0.5943,0.565,0.2978,0.25,0.31,-2.46,2.99,0,-2.9929
8795,1789851900,EF,UP,39.8,0.39,0.39,0.5314,0.385,0.3044,0.15,0.0007,0,2.99,0,-2.9926
8796,1789851900,EF,UP,39,0.39,0.39,0.5314,0.385,0.3044,0.15,0.0007,0,2.99,0,-2.9926
8795,1789852500,EF,UP,135.1,0.55,0.55,0.6776,0.545,0.1932,0.15,0.0908,1.73,2.99,0,-2.9913
8796,1789852500,EF,UP,135.2,0.55,0.55,0.6776,0.545,0.1932,0.15,0.0906,1.73,2.99,0,-2.9913
8796,1789853700,REVERSAL,UP,204.6,,0.14,0.607,,,0,,,2.99,1,17.1531
8796,1789854000,EF,UP,37.4,0.39,0.39,0.5314,0.385,0.3044,0.25,0.4225,0.65,2.99,0,-2.9926
8795,1789854600,EF,DOWN,21.2,0.48,0.48,0.5943,0.525,0.1931,0.15,0.1537,-0.74,3,0,-2.9952
8796,1789854600,EF,DOWN,21.4,0.48,0.48,0.5943,0.525,0.1931,0.15,0.1569,-0.74,3,0,-2.9952
8795,1789854900,EF,DOWN,125.7,0.39,0.3932,0.5098,0.615,0.2514,0.15,0.1263,-0,2.99,1,4.3081
8796,1789854900,EF,DOWN,125.4,0.41,0.41,0.5098,0.595,0.1921,0.15,0.1022,0.6,3,1,4.0255
8795,1789856100,EF,UP,17.9,0.56,0.56,0.6776,0.555,0.1728,0.15,0.1281,0.74,3,1,2.1968
8796,1789856100,EF,UP,17.9,0.56,0.56,0.6776,0.555,0.1728,0.15,0.1281,0.74,3,1,2.1968
8795,1789856400,EF,DOWN,62.2,0.48,0.48,0.5909,0.525,0.1862,0.15,0.1663,-0.16,3,0,-2.9952
8796,1789856400,EF,DOWN,60.4,0.4,0.4,0.5098,0.61,0.221,0.15,0.1663,-0.16,2.99,0,-2.9905
8795,1789857000,EF,UP,64.6,0.4,0.4,0.5314,0.395,0.2727,0.15,0.1121,1.39,2.99,1,4.1845
8796,1789857000,EF,UP,64.5,0.4,0.4,0.5314,0.395,0.2727,0.15,0.112,1.39,2.99,1,4.1845
8795,1789858200,EF,UP,163.7,0.56,0.56,0.6776,0.555,0.1728,0.15,0.0007,0,3,1,2.1968
8796,1789858200,EF,UP,163.6,0.46,0.46,0.5694,0.455,0.1911,0.15,0.0007,0,3,1,3.2834
8795,1789858500,EF,DOWN,91.6,0.39,0.39,0.5755,0.615,0.4126,0.25,0.3781,-1.97,2.99,0,-2.9926
8796,1789858500,EF,DOWN,91.5,0.39,0.39,0.5909,0.615,0.4505,0.25,0.3783,-1.97,2.99,0,-2.9926
8795,1789859100,EF,DOWN,97.3,0.44,0.44,0.5402,0.565,0.1796,0.15,0.0008,0.74,2.99,1,3.5526
8796,1789859100,EF,DOWN,97,0.44,0.44,0.5402,0.565,0.1796,0.15,0.0008,0.74,2.99,1,3.5526
8795,1789860000,EF,DOWN,102.5,0.51,0.51,0.6272,0.495,0.1876,0.15,0.0982,-0.03,3,1,2.6868
8796,1789860000,EF,DOWN,102.5,0.51,0.51,0.6272,0.495,0.1876,0.15,0.1025,-0.03,3,1,2.6868
8795,1789860300,EF,DOWN,99.8,0.57,0.5702,0.6975,0.44,0.1868,0.15,0.038,-1.72,3,0,-2.9975
8796,1789860300,EF,DOWN,99.8,0.56,0.56,0.6975,0.445,0.2071,0.15,0.038,-1.72,3,0,-2.9996
8795,1789860600,EF,DOWN,72.3,0.43,0.43,0.5438,0.575,0.2142,0.15,0.0209,0,2.99,0,-2.9949
8796,1789860600,EF,DOWN,72.3,0.43,0.43,0.5438,0.575,0.2142,0.15,0.0209,0,2.99,0,-2.9949
8795,1789860900,EF,DOWN,163.4,0.44,0.44,0.6272,0.575,0.3695,0.25,0.3373,-1.81,2.99,1,3.5526
8796,1789860900,EF,DOWN,163.3,0.39,0.39,0.5943,0.615,0.4589,0.25,0.337,-1.81,2.99,1,4.3664
8795,1789861500,EF,UP,27.9,0.51,0.51,0.623,0.505,0.1797,0.15,0.1294,1.26,3,1,2.6868
8796,1789861500,EF,UP,28.2,0.51,0.51,0.623,0.505,0.1797,0.15,0.1307,1.27,3,1,2.6868
8795,1789861800,EF,DOWN,96.2,0.57,0.57,0.6975,0.435,0.1868,0.15,0.0007,-0,3,0,-2.9976
8796,1789861800,EF,DOWN,96.2,0.57,0.57,0.6975,0.435,0.1868,0.15,0.0007,-0,3,0,-2.9976
8795,1789865400,EF,DOWN,26.3,0.51,0.51,0.6272,0.495,0.1876,0.15,0.0227,0,3,0,-2.9995
8796,1789865400,EF,DOWN,26.3,0.51,0.51,0.6272,0.495,0.1876,0.15,0.0227,0,3,0,-2.9995
8795,1789867200,EF,DOWN,222.8,0.51,0.51,0.6975,0.5,0.3207,0.25,0.1887,-1.34,3,1,2.6868
8796,1789867200,EF,DOWN,222.5,0.5,0.5,0.6975,0.515,0.3461,0.25,0.2383,-1.34,2.99,1,15.9307
8796,1789867200,REVERSAL,DOWN,222.2,,0.1167,0.8136,,,0,,,1.86,1,15.9307
8795,1789869000,EF,UP,187.7,0.47,0.47,0.623,0.465,0.2764,0.15,0.1377,0.71,3,0,-2.9972
8796,1789869000,EF,UP,188,0.41,0.41,0.5314,0.4,0.2426,0.15,0.1357,0.71,3,0,-2.9989
8795,1789869300,EF,DOWN,30.7,0.47,0.47,0.5943,0.535,0.2176,0.15,0.018,-0.16,3,0,-2.9972
8796,1789869300,EF,DOWN,30.8,0.47,0.47,0.5909,0.535,0.2106,0.15,0.018,-0.16,3,0,-2.9972
8796,1789869600,EF,DOWN,40.8,0.47,0.47,0.6272,0.535,0.2849,0.25,0.2857,-1.73,3,0,-2.9972
8795,1789869900,EF,UP,75.5,0.45,0.45,0.5694,0.445,0.2167,0.15,0.1434,1.59,2.99,0,-2.9909
8796,1789869900,EF,UP,75.6,0.45,0.45,0.5694,0.445,0.2167,0.15,0.1435,1.59,2.99,0,-2.9909
8795,1789870500,EF,DOWN,126.4,0.25,0.25,0.5438,0.755,1.0611,0.25,0.7078,-3.65,3,1,8.4004
8796,1789870500,EF,DOWN,126.5,0.25,0.25,0.5438,0.755,1.0611,0.25,0.7089,-3.66,3,1,8.4004
8795,1789871700,EF,UP,121.1,0.45,0.45,0.5896,0.445,0.2597,0.15,0.1472,1.71,2.99,1,3.4091
8796,1789871700,EF,UP,121.2,0.45,0.45,0.5694,0.445,0.2167,0.15,0.1474,1.71,2.99,1,3.4091
8795,1789872300,EF,UP,72.4,0.37,0.37,0.5314,0.365,0.3729,0.25,1.6338,2.19,3,0,-2.9966
8796,1789872300,EF,UP,72.3,0.37,0.37,0.5314,0.365,0.3729,0.25,1.5599,2.19,3,0,-2.9966
8795,1789872900,EF,DOWN,62.4,0.35,0.35,0.5098,0.655,0.3903,0.25,1.0192,-1.98,2.99,1,5.1813
8796,1789872900,EF,DOWN,62.5,0.35,0.35,0.5098,0.655,0.3903,0.25,1.0198,-1.98,2.99,1,5.1813
8795,1789873200,EF,DOWN,109.2,0.3,0.3,0.5098,0.705,0.6161,0.25,0.8878,1.11,2.99,0,-2.9897
8796,1789873200,EF,DOWN,109.2,0.3,0.3,0.5098,0.705,0.6161,0.25,0.929,0.44,2.99,0,-2.9897
8795,1789874100,EF,UP,81.8,0.36,0.36,0.5314,0.355,0.41,0.25,0.9641,0.1,3,1,4.9736
8796,1789874100,EF,UP,81.6,0.34,0.34,0.5694,0.335,0.5974,0.25,0.9499,0.09,2.99,1,5.4196
8795,1789874700,EF,DOWN,69.8,0.44,0.44,0.5909,0.565,0.2903,0.25,0.5185,-2.61,2.99,1,3.5526
8796,1789874700,EF,DOWN,69.8,0.44,0.44,0.5909,0.565,0.2903,0.25,0.5183,-2.61,2.99,1,3.5526
8795,1789875000,EF,UP,70.6,0.51,0.51,0.6776,0.505,0.2831,0.25,0.4559,0,3,0,-2.9995
8796,1789875000,EF,UP,215.3,0.43,0.43,0.6776,0.425,0.513,0.25,0.5039,2.22,2.99,0,-2.9949
8795,1789875600,EF,UP,76,0.44,0.44,0.623,0.435,0.3605,0.25,0.6236,6.22,2.99,1,3.5526
8796,1789875600,EF,UP,75.9,0.44,0.44,0.623,0.435,0.3605,0.25,0.6236,6.22,2.99,1,3.5526
8795,1789876500,EF,DOWN,145.4,0.51,0.51,0.632,0.495,0.1968,0.15,0.1584,-3.09,3,0,-2.9995
8796,1789876500,EF,DOWN,145.5,0.51,0.51,0.632,0.495,0.1968,0.15,0.1584,-3.09,3,0,-2.9995
8795,1789877700,EF,DOWN,232.2,0.33,0.33,0.5098,0.68,0.4724,0.25,0.3084,-0.69,2.99,1,5.6725
8796,1789877700,EF,DOWN,232.3,0.3,0.3,0.5098,0.705,0.6161,0.25,0.3004,-0.95,2.99,1,6.5103
8795,1789878000,EF,UP,203.7,0.36,0.36,0.5314,0.345,0.41,0.25,0.4286,0.33,1.29,1,2.1461
8796,1789878000,EF,UP,205.3,0.35,0.3573,0.5314,0.34,0.4492,0.25,0.4166,0.33,2.99,1,8.2986
8796,1789878000,REVERSAL,UP,210.2,,0.46,0.6178,,,0,,,3,1,8.2986
8796,1789878600,EF,UP,83.2,0.57,0.57,0.7167,0.565,0.2195,0.15,0.1538,1.64,3,1,2.1077
8795,1789878900,EF,UP,92.4,0.39,0.39,0.5314,0.385,0.3044,0.25,0.3665,0,2.99,1,4.3664
8796,1789878900,EF,UP,92.3,0.39,0.39,0.5314,0.385,0.3044,0.25,0.3625,0,2.99,1,4.3664
8795,1789879500,EF,UP,151.9,0.47,0.47,0.623,0.465,0.2764,0.25,0.7308,-0.39,3,0,-2.9972
8796,1789879500,EF,UP,152,0.47,0.47,0.623,0.465,0.2764,0.25,0.8064,-0.39,3,0,-2.9972
8795,1789880100,EF,UP,66.6,0.42,0.42,0.5694,0.405,0.3007,0.25,0.3302,0.75,2.19,0,-2.1853
8796,1789880100,EF,UP,66.3,0.4,0.4,0.5694,0.395,0.3638,0.25,0.3348,0.75,2.99,0,-2.9905
8795,1789880400,EF,UP,214.1,0.51,0.51,0.6776,0.505,0.2831,0.25,0.5823,1.11,2.64,1,2.3625
8796,1789880400,EF,UP,213.8,0.51,0.51,0.6776,0.505,0.2831,0.25,0.5559,1.11,3,1,2.6868
8795,1789881000,EF,UP,40,0.42,0.42,0.5314,0.415,0.2139,0.15,0.1482,0.85,3,1,3.8602
8796,1789881000,EF,UP,40.1,0.42,0.42,0.5314,0.415,0.2139,0.15,0.1482,0.85,3,1,3.8602
8795,1789881600,EF,DOWN,132.4,0.37,0.37,0.5098,0.635,0.3171,0.25,0.5289,0.17,3,1,4.7602
8796,1789881600,EF,UP,111.1,0.51,0.51,0.6776,0.505,0.2831,0.25,0.4174,2.83,3,0,-2.9995
8795,1789881900,EF,UP,63.3,0.46,0.46,0.623,0.455,0.3032,0.25,1.0416,6.97,3,1,3.2834
8795,1789882800,EF,UP,115,0.46,0.46,0.5694,0.455,0.1911,0.15,0.1271,-0.57,3,1,3.2834
8796,1789882800,EF,UP,114.8,0.45,0.4519,0.5694,0.445,0.2167,0.15,0.1562,-0.57,2.99,1,3.3823
8795,1789883100,EF,DOWN,17.6,0.38,0.38,0.5098,0.625,0.2834,0.15,0.0006,-0,2.99,1,4.5581
8796,1789883100,EF,DOWN,17.6,0.38,0.38,0.5098,0.625,0.2834,0.15,0.0006,-0,2.99,1,4.5581
8795,1789883700,EF,UP,96.6,0.45,0.45,0.623,0.445,0.3312,0.25,0.2463,2.2,2.99,1,3.4091
8796,1789883700,EF,UP,96.5,0.45,0.45,0.623,0.445,0.3312,0.25,0.2463,2.2,2.99,1,3.4091
8795,1789884000,EF,UP,38.7,0.41,0.41,0.5314,0.405,0.2426,0.15,0.1335,-0.04,3,0,-2.9989
8796,1789884000,EF,UP,38.6,0.41,0.41,0.5314,0.405,0.2426,0.15,0.13,-0.04,3,0,-2.9989
8795,1789884300,EF,UP,69.8,0.5,0.5,0.6776,0.495,0.3078,0.25,0.3582,3.98,2.99,1,2.7889
8796,1789884300,EF,UP,69.7,0.5,0.5,0.6776,0.495,0.3078,0.25,0.2959,3.48,2.99,1,2.7889
8795,1789884600,EF,DOWN,161.7,0.48,0.48,0.5943,0.525,0.1931,0.15,0.1427,-5.12,3,0,-2.9952
8796,1789884600,EF,DOWN,161.7,0.48,0.48,0.5943,0.525,0.1931,0.15,0.1427,-5.12,3,0,-2.9952
8795,1789884900,EF,DOWN,166.8,0.27,0.27,0.5438,0.735,0.9112,0.25,0.6884,-1.49,3,0,-2.9956
8796,1789884900,EF,DOWN,158,0.35,0.35,0.5098,0.655,0.3903,0.25,0.5591,1.58,2.99,0,-5.9833
8796,1789884900,REVERSAL,DOWN,172.2,,0.49,0.6334,,,0,,,2.99,0,-5.9833
8795,1789885800,EF,UP,123.9,0.43,0.43,0.5896,0.425,0.3164,0.25,0.4418,0.36,2.99,0,-2.9949
8796,1789885800,EF,UP,123.8,0.43,0.43,0.5896,0.425,0.3164,0.25,0.4381,0.36,2.99,0,-2.9949
8795,1789886700,EF,DOWN,33.7,0.38,0.38,0.5098,0.625,0.2834,0.25,0.2777,-2.28,2.99,0,-2.9946
8796,1789886700,EF,DOWN,40.6,0.38,0.38,0.5098,0.625,0.2834,0.25,0.278,-2.28,2.99,0,-2.9946
8795,1789887000,EF,UP,67.3,0.41,0.41,0.5314,0.405,0.2426,0.15,0.0955,0.5,3,0,-2.9989
8796,1789887000,EF,UP,67.2,0.41,0.41,0.5314,0.405,0.2426,0.15,0.0955,0.5,3,0,-2.9989
8795,1789887300,EF,UP,141.8,0.38,0.3896,0.5694,0.365,0.4335,0.25,0.611,2.53,2.99,1,4.374
8796,1789887300,EF,UP,142,0.37,0.376,0.5694,0.36,0.4711,0.25,0.5875,2.53,3,1,4.6383
8795,1789887600,EF,UP,131.8,0.56,0.56,0.6776,0.555,0.1728,0.15,0.0008,2.56,3,0,-2.9996
8796,1789887600,EF,UP,60.7,0.5,0.5,0.6776,0.495,0.3078,0.25,0.2299,2.56,2.99,0,-2.9912
8795,1789887900,EF,UP,60.6,0.34,0.34,0.5314,0.335,0.4907,0.25,0.3218,2.44,2.99,1,5.4196
8796,1789887900,EF,UP,60.7,0.34,0.34,0.5314,0.335,0.4907,0.25,0.3218,2.44,2.99,1,5.4196
8795,1789888200,EF,UP,43.8,0.46,0.46,0.623,0.455,0.3032,0.25,0.2378,1.07,3,1,3.2834
8796,1789888200,EF,UP,55.8,0.46,0.46,0.623,0.455,0.3032,0.25,0.2099,1.07,3,1,3.2834
8795,1789888800,EF,UP,182.6,0.57,0.5702,0.7473,0.565,0.2716,0.25,0.508,2.27,3,1,2.1059
8796,1789888800,EF,UP,212.4,0.57,0.57,0.7473,0.565,0.2716,0.25,0.4859,2.74,3,1,2.1077
8796,1789890000,EF,DOWN,45.7,0.43,0.43,0.5402,0.575,0.2061,0.15,0.083,-0,2.99,0,-2.9949
8795,1789890300,EF,UP,81.8,0.39,0.39,0.5314,0.345,0.3044,0.25,0.4589,1.39,2.99,0,-2.9926
8796,1789890300,EF,UP,81.8,0.4,0.4,0.5694,0.375,0.3638,0.25,0.4589,1.39,2.99,0,-2.9905
8795,1789890600,EF,UP,77.4,0.51,0.51,0.6776,0.5,0.2831,0.25,0.1891,0.82,3,0,-2.9995
8796,1789890600,EF,UP,77.2,0.5,0.5,0.6776,0.495,0.3078,0.15,0.0998,0,2.99,0,-2.9912
8795,1789891800,EF,DOWN,125.9,0.46,0.469,0.6272,0.545,0.3119,0.25,0.2196,-1.98,3,0,-2.9974
8796,1789891800,EF,DOWN,125.9,0.46,0.46,0.6272,0.545,0.3119,0.25,0.2196,-1.98,3,0,-5.9982
8796,1789891800,REVERSAL,DOWN,124.8,,0.41,0.6817,,,0,,,3,0,-5.9982
8795,1789892100,EF,UP,21.2,0.51,0.51,0.623,0.505,0.1797,0.15,0.1014,0,3,0,-2.9995
8796,1789892100,EF,UP,41.5,0.46,0.462,0.5694,0.455,0.1911,0.15,0.0721,0,3,0,-2.9988
8795,1789892700,EF,UP,33.9,0.56,0.56,0.6776,0.555,0.1728,0.15,0.0896,0.25,3,0,-2.9996
8796,1789892700,EF,UP,33.8,0.56,0.56,0.6776,0.555,0.1728,0.15,0.0634,0,3,0,-2.9996
8795,1789893300,EF,UP,64.9,0.5,0.5,0.623,0.495,0.2024,0.15,0.0717,-0.6,2.99,0,-2.9912
8796,1789893300,EF,UP,64.8,0.56,0.56,0.6776,0.555,0.1728,0.15,0.0779,-0.6,3,0,-2.9996
8795,1789893900,EF,UP,38.2,0.51,0.51,0.623,0.505,0.1797,0.15,0.0955,0,3,0,-2.9995
8796,1789893900,EF,UP,40.1,0.51,0.51,0.623,0.505,0.1797,0.15,0.0955,0,3,0,-2.9995
8795,1789894200,EF,UP,156.5,0.51,0.51,0.7167,0.495,0.357,0.25,1.1803,0.33,3,1,2.6868
8796,1789894200,EF,UP,163.1,0.51,0.51,0.6776,0.505,0.2831,0.25,1.1448,-0.83,3,1,2.6868
8795,1789894500,EF,DOWN,69,0.4,0.4,0.5402,0.605,0.2937,0.25,0.2789,0.13,2.99,0,-2.9905
8796,1789894500,EF,DOWN,69.2,0.4,0.4,0.5402,0.605,0.2937,0.25,0.2789,0.13,2.99,0,-2.9905
8795,1789894800,EF,UP,110.5,0.46,0.46,0.5694,0.455,0.1911,0.15,0.0008,-1,3,1,3.2834
8796,1789894800,EF,UP,110.2,0.46,0.46,0.5694,0.455,0.1911,0.15,0.0007,-1,3,1,3.2834
8795,1789895100,EF,UP,76.6,0.56,0.56,0.6776,0.555,0.1728,0.15,0.0008,-1.4,3,0,-2.9996
8796,1789895100,EF,UP,76.6,0.56,0.56,0.6776,0.555,0.1728,0.15,0.0008,-1.4,3,0,-2.9996
8795,1789895400,EF,UP,38.5,0.48,0.48,0.6776,0.475,0.3603,0.25,0.2372,1.85,3,1,3.0256
8795,1789895700,EF,UP,213.7,0.48,0.4817,0.5896,0.475,0.1836,0.15,0.0008,1.61,2.99,1,3.0051
8796,1789895700,EF,UP,109.8,0.5,0.5,0.7167,0.495,0.3832,0.25,0.356,1.61,2.99,1,2.7889
8795,1789896300,EF,UP,60.6,0.56,0.56,0.6776,0.555,0.1728,0.15,0.1328,1.11,3,1,2.1968
8796,1789896300,EF,UP,60.4,0.56,0.56,0.6776,0.555,0.1728,0.15,0.1418,1.11,3,1,2.1968
8795,1789896600,EF,UP,17.8,0.45,0.45,0.623,0.445,0.3312,0.15,0.0008,0,2.99,1,3.4091
8796,1789896600,EF,UP,17.8,0.45,0.45,0.623,0.445,0.3312,0.15,0.0008,0,2.99,1,3.4091
8796,1789897200,EF,DOWN,197.6,0.34,0.34,0.6272,0.725,0.7594,0.25,0.8937,-3.26,2.99,0,-2.9921
8795,1789898100,EF,UP,77.8,0.46,0.46,0.5694,0.445,0.1911,0.15,0.0008,0,3,0,-2.9992
8796,1789898100,EF,UP,77.6,0.46,0.46,0.5694,0.435,0.1911,0.15,0.0008,0,3,0,-2.9992
8796,1789899900,EF,UP,39.7,0.53,0.53,0.6776,0.525,0.2365,0.15,0.1078,0.75,3,1,2.4763
8795,1789900800,EF,UP,124.5,0.49,0.49,0.6776,0.485,0.3335,0.25,0.2799,-0.08,2.99,1,2.9048
8796,1789900800,EF,UP,124.5,0.44,0.44,0.623,0.435,0.3605,0.25,0.2799,-0.08,2.99,1,3.5526
8795,1789901400,EF,UP,64.6,0.56,0.56,0.6776,0.555,0.1728,0.15,0.1633,-0.07,3,1,2.1968
8796,1789901400,EF,UP,64.7,0.56,0.56,0.6776,0.555,0.1728,0.15,0.1633,-0.07,3,1,2.1968
8795,1789902000,EF,UP,238.4,0.39,0.39,0.5314,0.385,0.3044,0.25,0.3582,0.16,2.99,0,-2.9926
8796,1789902000,EF,UP,238.5,0.39,0.39,0.5314,0.385,0.3044,0.25,0.3582,0.16,2.99,0,-2.9926
8795,1789902300,EF,UP,75,0.52,0.52,0.6776,0.515,0.2593,0.15,0.0668,0.52,3,1,2.5795
8796,1789902300,EF,UP,75,0.52,0.52,0.6776,0.515,0.2593,0.15,0.0668,0.52,3,1,2.5795
8795,1789902600,EF,UP,45.5,0.43,0.43,0.5314,0.425,0.1865,0.15,0.0447,-0.25,2.99,0,-2.9949
8796,1789902600,EF,UP,45.5,0.43,0.43,0.5314,0.425,0.1865,0.15,0.0447,-0.25,2.99,0,-2.9949
8796,1789903200,EF,DOWN,82,0.44,0.44,0.5402,0.565,0.1796,0.15,0.1435,-0.16,2.99,0,-5.9842
8796,1789903200,REVERSAL,DOWN,106.2,,0.55,0.6745,,,0,,,2.99,0,-5.9842
8796,1789903500,EF,UP,205.6,0.46,0.46,0.5694,0.455,0.1911,0.15,0.0935,-0.28,3,0,-2.9992
8795,1789904100,EF,UP,150,0.3,0.3,0.5314,0.295,0.6845,0.25,0.3129,2.21,2.99,0,-2.9897
8796,1789904100,EF,UP,150.2,0.3,0.3,0.5314,0.295,0.6845,0.25,0.3126,2.21,2.99,0,-2.9897
8795,1789904700,EF,UP,61,0.44,0.44,0.5694,0.435,0.2434,0.15,0.1119,0.13,2.99,1,3.5526
8796,1789904700,EF,UP,60.9,0.44,0.44,0.5694,0.435,0.2434,0.15,0.112,0.13,2.99,1,3.5526
8795,1789906200,EF,UP,77,0.45,0.45,0.5694,0.445,0.2167,0.15,0.0008,0,2.99,0,-2.9909
8796,1789906200,EF,UP,76.8,0.45,0.45,0.5694,0.445,0.2167,0.15,0.0008,0,2.99,0,-2.9909
8795,1789906500,EF,DOWN,116.4,0.44,0.44,0.5402,0.565,0.1796,0.15,0.1536,-0.5,2.99,1,3.5526
8796,1789906500,EF,DOWN,116.4,0.44,0.44,0.5402,0.565,0.1796,0.15,0.1536,-0.5,2.99,1,3.5526
8795,1789907100,EF,UP,64.5,0.43,0.43,0.5314,0.425,0.1865,0.15,0.0789,-0.06,2.99,0,-2.9949
8796,1789907100,EF,UP,64.5,0.43,0.43,0.5314,0.425,0.1865,0.15,0.0789,-0.06,2.99,0,-2.9949
8795,1789908600,EF,DOWN,87.7,0.5,0.5,0.6272,0.505,0.2104,0.15,0.1304,-0.25,2.99,0,-2.9912
8796,1789908600,EF,DOWN,87.8,0.48,0.48,0.5943,0.53,0.1931,0.15,0.1304,-0.25,3,0,-2.9952
8796,1789910100,EF,DOWN,65.4,0.51,0.51,0.6272,0.495,0.1876,0.15,0.0926,-1.52,3,1,2.6868
8795,1789910400,EF,UP,188.4,0.51,0.51,0.623,0.505,0.1797,0.15,0.1656,0.29,3,1,2.6868
8796,1789910400,EF,UP,188.4,0.51,0.51,0.623,0.505,0.1797,0.15,0.1656,0.29,3,1,2.6868
8795,1789910700,EF,DOWN,149.8,0.41,0.41,0.5098,0.595,0.1921,0.15,0.161,0.72,3,1,4.0255
8795,1789911300,EF,UP,182.7,0.51,0.51,0.623,0.505,0.1797,0.15,0.0637,3.23,3,1,2.6868
8796,1789911300,EF,UP,182.6,0.51,0.51,0.623,0.505,0.1797,0.15,0.0638,3.23,3,1,2.6868
8795,1789911600,EF,DOWN,75,0.38,0.38,0.5098,0.625,0.2834,0.25,0.1781,-2.5,2.99,0,-2.9946
8796,1789911600,EF,DOWN,74.9,0.38,0.38,0.5098,0.625,0.2834,0.25,0.1781,-2.5,2.99,0,-2.9946
8795,1789911900,EF,DOWN,104.6,0.36,0.36,0.5098,0.645,0.3527,0.25,0.1751,-1.61,3,0,-2.9986
8796,1789911900,EF,DOWN,103.7,0.38,0.38,0.5098,0.625,0.2834,0.15,0.1652,-1.11,1.98,0,-1.9825
8795,1789912200,EF,UP,15.2,0.56,0.56,0.6776,0.555,0.1728,0.15,0.0371,0.16,3,1,2.1968
8796,1789912200,EF,UP,15.2,0.56,0.56,0.6776,0.555,0.1728,0.15,0.0371,0.16,3,1,2.1968
8795,1789914000,EF,UP,71.7,0.51,0.51,0.6776,0.505,0.2831,0.25,0.2546,1.79,3,1,2.6868
8796,1789914000,EF,UP,46.8,0.51,0.51,0.6776,0.505,0.2831,0.25,0.4971,0.95,3,1,2.6868
8796,1789914600,EF,UP,122.9,0.49,0.49,0.6776,0.485,0.3335,0.25,0.2708,0.76,2.99,1,2.9048
8795,1789914900,EF,UP,55.9,0.41,0.41,0.5896,0.405,0.3786,0.25,0.2247,1.56,3,1,4.0255
8796,1789914900,EF,UP,55.9,0.41,0.41,0.5896,0.405,0.3786,0.25,0.2273,1.56,3,1,4.0255
8795,1789915200,EF,UP,63.9,0.39,0.39,0.5694,0.38,0.3977,0.15,0.0872,0.68,2.99,1,4.3664
8796,1789915200,EF,UP,63.8,0.42,0.42,0.5896,0.41,0.3468,0.15,0.0872,0.68,3,1,3.8602
8795,1789915500,EF,UP,41.4,0.46,0.46,0.5694,0.455,0.1911,0.15,0.0203,0,3,1,3.2834
8796,1789915500,EF,UP,40.1,0.43,0.43,0.5314,0.425,0.1865,0.15,0.0207,0,2.99,1,3.7028
8795,1789915800,EF,UP,55.9,0.46,0.46,0.5694,0.455,0.1911,0.15,0.0563,-0,3,1,3.2834
8796,1789915800,EF,UP,55.7,0.46,0.46,0.5694,0.455,0.1911,0.15,0.0563,-0,3,1,3.2834
8795,1789916100,EF,UP,16.8,0.45,0.45,0.5694,0.445,0.2167,0.15,0.0773,-0.04,2.99,0,-2.9909
8796,1789916100,EF,UP,17.1,0.45,0.45,0.5694,0.445,0.2167,0.15,0.0835,-0.04,2.99,0,-2.9909
8795,1789916700,EF,DOWN,102.8,0.38,0.38,0.5098,0.635,0.2834,0.25,0.5711,-1.06,2.99,1,4.5581
8796,1789916700,EF,DOWN,194.9,0.37,0.37,0.5402,0.635,0.3956,0.25,0.4304,0.13,3,1,4.7602
8795,1789917000,EF,DOWN,63.8,0.37,0.37,0.5098,0.64,0.3171,0.25,0.3061,-1.32,3,1,4.7602
8796,1789917000,EF,DOWN,65.9,0.37,0.37,0.5098,0.635,0.3171,0.25,0.3061,-1.32,3,1,4.7602
8795,1789917300,EF,UP,17.2,0.53,0.53,0.6776,0.525,0.2365,0.15,0.1088,0.99,3,1,2.4763
8795,1789917600,EF,UP,75.9,0.35,0.35,0.5314,0.345,0.4492,0.25,0.2632,0.99,2.99,0,-2.9901
8796,1789917600,EF,UP,75.9,0.35,0.35,0.5314,0.345,0.4492,0.25,0.2632,0.99,2.99,0,-2.9901
8795,1789918200,EF,DOWN,38.9,0.37,0.37,0.5098,0.635,0.3171,0.25,1.037,4.07,3,0,-2.9966
8796,1789918200,EF,DOWN,38.8,0.37,0.37,0.5098,0.635,0.3171,0.25,0.8817,4.65,3,0,-2.9966
8795,1789918800,EF,DOWN,61.5,0.47,0.47,0.6272,0.535,0.2849,0.25,1.0287,-3.46,3,0,-2.9972
8796,1789918800,EF,DOWN,62.6,0.52,0.52,0.6975,0.485,0.2962,0.25,1.0332,-4.21,3,0,-2.9974
8795,1789919100,EF,UP,16.4,0.49,0.49,0.6024,0.485,0.1855,0.15,0.1654,0,2.99,1,2.9048
8796,1789919100,EF,UP,16.6,0.49,0.49,0.6024,0.485,0.1855,0.15,0.1651,0,2.99,1,2.9048
8795,1789919400,EF,UP,79.6,0.48,0.48,0.6,0.475,0.2045,0.15,0.1538,-1.98,3,1,3.0256
8796,1789919400,EF,UP,78.9,0.44,0.44,0.5694,0.435,0.2434,0.15,0.1644,-1.97,2.99,1,3.5526
8795,1789919700,EF,DOWN,199.1,0.34,0.34,0.5098,0.665,0.4301,0.25,0.3599,-0.36,2.99,0,-2.9921
8796,1789919700,EF,DOWN,196.9,0.35,0.35,0.5098,0.655,0.3903,0.25,0.3594,-0.36,2.99,0,-2.9901
8795,1789920900,EF,UP,56.8,0.5,0.5,0.6776,0.495,0.3078,0.25,0.4147,2.58,2.99,0,-2.9912
8796,1789920900,EF,UP,55.4,0.44,0.44,0.5896,0.435,0.2874,0.25,0.4304,2.45,2.99,0,-2.9929
8795,1789921500,EF,DOWN,33.5,0.38,0.38,0.5098,0.63,0.2834,0.25,0.4076,-2.24,2.99,0,-2.9946
8796,1789921500,EF,DOWN,38.4,0.37,0.3749,0.5098,0.635,0.3171,0.25,0.4059,-3.88,3,0,-2.9956
8795,1789921800,EF,UP,180.9,0.29,0.29,0.5694,0.275,0.866,0.25,0.6726,3.06,2.99,1,6.8359
8796,1789921800,EF,UP,180.7,0.27,0.27,0.5314,0.265,0.8676,0.25,0.6107,3.06,3,1,7.5599
8795,1789922100,EF,UP,35.1,0.5,0.5,0.6776,0.495,0.3078,0.25,0.5468,1.62,2.99,1,2.7889
8796,1789922100,EF,UP,35.2,0.5,0.5,0.6776,0.495,0.3078,0.25,0.6601,2.46,2.99,1,2.7889
8795,1789922400,EF,UP,76,0.37,0.37,0.5314,0.365,0.3729,0.25,0.3957,1.67,3,1,4.7602
8796,1789922400,EF,UP,75.7,0.4,0.4,0.5694,0.395,0.3638,0.25,0.5431,1.67,2.99,1,4.1845
8795,1789923000,EF,UP,58.7,0.48,0.4817,0.6776,0.475,0.3603,0.25,0.721,3.66,2.99,0,-2.9949
8796,1789923000,EF,UP,71,0.36,0.36,0.5314,0.355,0.41,0.25,0.8503,4.89,3,0,-2.9986
8795,1789923300,EF,DOWN,192.3,0.38,0.38,0.5438,0.625,0.369,0.25,0.4961,0.5,2.99,0,-2.9946
8796,1789923300,EF,DOWN,192.5,0.39,0.39,0.5438,0.635,0.3349,0.25,0.4719,0.5,2.99,0,-2.9926
8795,1789923600,EF,DOWN,216.5,0.47,0.47,0.6272,0.535,0.2849,0.25,0.2894,-3.69,3,0,-2.9972
8796,1789923600,EF,DOWN,223.3,0.38,0.38,0.5098,0.625,0.2834,0.25,0.249,-2.21,2.99,0,-2.9946
8795,1789923900,EF,DOWN,151.4,0.34,0.34,0.5098,0.675,0.4301,0.25,1.0878,-0.93,2.99,1,5.4196
8796,1789923900,EF,DOWN,35.8,0.37,0.37,0.5098,0.64,0.3171,0.25,0.5779,-1.06,3,1,10.1798
8796,1789923900,REVERSAL,DOWN,156.2,,0.34,0.6254,,,0,,,2.99,1,10.1798
8795,1789924500,EF,DOWN,60.2,0.34,0.34,0.5098,0.665,0.4301,0.25,0.2129,-1.23,2.99,0,-2.9921
8796,1789924500,EF,DOWN,60.4,0.34,0.34,0.5098,0.665,0.4301,0.25,0.2214,-1.23,2.99,0,-2.9921
8795,1789924800,EF,UP,57.5,0.55,0.55,0.6776,0.545,0.1932,0.15,0.1395,2.46,2.99,0,-2.9913
8796,1789924800,EF,UP,57.4,0.56,0.56,0.6776,0.555,0.1728,0.15,0.109,2.46,3,0,-2.9996
8795,1789925100,EF,DOWN,112.3,0.3,0.3,0.5098,0.705,0.6161,0.25,0.4259,-1.78,2.99,1,6.5103
8796,1789925100,EF,DOWN,112.2,0.3,0.3,0.5098,0.705,0.6161,0.25,0.4253,-1.78,2.99,1,6.5103
8795,1789926000,EF,UP,122.4,0.35,0.35,0.5314,0.335,0.4492,0.25,0.2652,1.97,1.83,0,-1.8296
8796,1789926000,EF,UP,122.5,0.38,0.38,0.5694,0.36,0.4335,0.25,0.2743,1.97,2.99,0,-2.9946
8795,1789926300,EF,DOWN,68.1,0.34,0.34,0.5098,0.665,0.4301,0.25,0.4822,-0.74,2.99,1,5.4196
8796,1789926300,EF,DOWN,162.7,0.39,0.39,0.5943,0.615,0.4589,0.25,0.2053,-2.7,2.99,1,4.3664
8795,1789926900,EF,UP,117.3,0.51,0.51,0.6776,0.505,0.2831,0.25,0.8791,1.23,2.64,0,-2.6375
8796,1789926900,EF,UP,117.2,0.51,0.51,0.6776,0.505,0.2831,0.25,0.9159,1.23,3,0,-2.9995
8795,1789927200,EF,DOWN,120.5,0.51,0.51,0.6975,0.495,0.3207,0.25,0.4479,-4.07,3,1,2.6868
8796,1789927200,EF,DOWN,128.1,0.53,0.53,0.6975,0.475,0.2727,0.25,0.4543,-5.17,3,1,2.4763
8795,1789927500,EF,UP,146.2,0.29,0.29,0.5314,0.285,0.7413,0.25,0.5589,0.7,2.99,1,6.8359
8796,1789927500,EF,UP,145.7,0.36,0.36,0.5694,0.345,0.5109,0.25,0.4861,0.42,3,1,4.9736
8796,1789929000,EF,DOWN,93.5,0.47,0.47,0.6272,0.535,0.2849,0.25,0.7559,-0.99,3,1,3.1517
8795,1789929600,EF,UP,104.2,0.53,0.53,0.6776,0.525,0.2365,0.15,0.0658,2.17,3,1,2.4763
8796,1789929600,EF,UP,65.4,0.56,0.56,0.6776,0.555,0.1728,0.15,0.1479,2.66,3,1,2.1968
8795,1789929900,EF,DOWN,27.4,0.51,0.51,0.6272,0.495,0.1876,0.15,0.056,-0.06,3,1,2.6868
8796,1789929900,EF,DOWN,25.8,0.51,0.51,0.6272,0.495,0.1876,0.15,0.0591,-0.06,3,1,2.6868
8795,1789930500,EF,UP,75.3,0.56,0.56,0.6776,0.555,0.1728,0.15,0.1565,-0,3,0,-2.9996
8796,1789930500,EF,DOWN,157,0.48,0.48,0.6975,0.525,0.4002,0.25,0.3768,-1.45,3,1,3.0256
8795,1789931100,EF,DOWN,107,0.34,0.34,0.5098,0.665,0.4301,0.25,0.3387,0.1,2.99,0,-2.9921
8796,1789931100,EF,DOWN,107.1,0.34,0.34,0.5098,0.665,0.4301,0.25,0.3387,0.1,2.99,0,-2.9921
8796,1789931400,EF,DOWN,45.7,0.43,0.43,0.5943,0.575,0.327,0.25,0.2804,-1.92,2.99,1,3.7028
8795,1789931700,EF,UP,79.7,0.41,0.41,0.5314,0.405,0.2426,0.15,0.0616,0.48,3,0,-2.9989
8796,1789932000,EF,DOWN,130.3,0.43,0.43,0.5402,0.575,0.2061,0.15,0.1604,1.72,2.99,0,-2.9949
8795,1789932300,EF,UP,148.3,0.46,0.46,0.5694,0.455,0.1911,0.15,0.0994,-0.52,3,1,3.2834
8796,1789932300,EF,UP,148.4,0.55,0.55,0.6776,0.545,0.1932,0.15,0.0994,-0.52,2.99,1,2.2814
8795,1789933200,EF,DOWN,205.6,0.44,0.44,0.5755,0.565,0.2566,0.15,0.0542,-0.79,2.99,1,3.5526
8796,1789933200,EF,DOWN,205.4,0.44,0.44,0.5402,0.565,0.1796,0.15,0.0007,-0.37,2.99,1,3.5526
8795,1789934700,EF,DOWN,171.2,0.4,0.4,0.5098,0.605,0.221,0.15,0.0545,0,2.99,1,4.1845
8796,1789934700,EF,DOWN,177.3,0.41,0.41,0.5098,0.595,0.1921,0.15,0.0545,0,3,1,4.0255
8795,1789935600,EF,DOWN,171.2,0.38,0.38,0.5098,0.63,0.2834,0.25,0.3306,-0.81,2.99,1,4.5581
8796,1789935600,EF,DOWN,100.9,0.57,0.57,0.6975,0.44,0.1868,0.15,0.0857,-1.23,3,1,2.1077
8795,1789935900,EF,UP,120,0.47,0.47,0.623,0.465,0.2764,0.25,0.2174,1.41,3,1,3.1517
8796,1789935900,EF,UP,120,0.47,0.4718,0.623,0.465,0.2764,0.25,0.2121,1.41,3,1,3.1282
8795,1789937100,EF,UP,43.4,0.51,0.51,0.623,0.505,0.1797,0.15,0.1262,1.02,3,0,-2.9995
8796,1789937100,EF,DOWN,159.1,0.47,0.47,0.6272,0.535,0.2849,0.25,0.9076,1.02,3,1,5.4331
8796,1789937100,REVERSAL,DOWN,170.6,,0.55,0.6809,,,0,,,2.99,1,5.4331
8795,1789937400,EF,DOWN,15.2,0.51,0.51,0.6272,0.495,0.1876,0.15,0.1188,-0.25,3,1,2.6868
8795,1789937700,EF,UP,117,0.56,0.56,0.6776,0.555,0.1728,0.15,0.0603,0.47,3,1,2.1968
8795,1789938000,EF,DOWN,22,0.49,0.49,0.6272,0.515,0.2342,0.15,0.0778,-0.61,2.99,1,2.9048
8796,1789938000,EF,DOWN,21.6,0.5,0.5,0.6272,0.505,0.2104,0.15,0.0778,-0.61,2.99,1,2.7889
8796,1789939200,EF,DOWN,47.5,0.25,0.25,0.5402,0.755,1.0473,0.25,1.1036,-4.45,3,1,16.8007
8796,1789939200,REVERSAL,DOWN,48.3,,0.25,0.7397,,,0,,,3,1,16.8007
8795,1789940100,EF,UP,171.5,0.55,0.55,0.6776,0.545,0.1932,0.15,0.1648,-0.31,2.99,1,2.2814
8796,1789940100,EF,UP,171.2,0.55,0.55,0.6776,0.545,0.1932,0.15,0.1507,-0.31,2.99,1,4.5628
8796,1789940100,REVERSAL,UP,176.3,,0.55,0.6212,,,0,,,2.99,1,4.5628
8795,1789941000,EF,UP,96.8,0.51,0.51,0.623,0.505,0.1797,0.15,0.0545,0.72,3,0,-2.9995
8796,1789941000,EF,UP,96.6,0.42,0.42,0.5314,0.415,0.2139,0.15,0.0493,0.66,3,0,-2.9969
8795,1789941600,EF,DOWN,76.2,0.33,0.33,0.5098,0.675,0.4724,0.25,0.5362,2.51,2.99,1,5.6725
8796,1789941600,EF,DOWN,75.3,0.33,0.33,0.5098,0.675,0.4724,0.25,0.5477,2.51,2.99,1,5.6725
8795,1789943100,EF,DOWN,112.7,0.4,0.4,0.5438,0.605,0.3025,0.25,0.4242,0.31,2.99,0,-2.9905
8796,1789943100,EF,DOWN,112.7,0.4,0.4,0.5438,0.605,0.3025,0.25,0.4279,0.25,2.99,0,-2.9905
8795,1789943400,EF,DOWN,56.8,0.48,0.48,0.5909,0.525,0.1862,0.15,0.0807,-0.49,3,0,-2.9952
8796,1789943400,EF,DOWN,167,0.38,0.38,0.5438,0.625,0.369,0.25,0.1842,-0.25,2.99,0,-2.9946
8795,1789944600,EF,DOWN,155.8,0.37,0.37,0.5438,0.64,0.405,0.25,0.5975,1.52,3,0,-2.9966
8796,1789944600,EF,DOWN,161,0.36,0.36,0.5098,0.65,0.3527,0.25,0.6021,1.52,3,0,-2.9986
8795,1789945500,EF,UP,179.8,0.47,0.47,0.623,0.465,0.2764,0.25,0.242,2.06,3,1,3.1517
8796,1789945500,EF,UP,180.1,0.47,0.47,0.623,0.465,0.2764,0.25,0.1938,2.06,3,1,3.1517
8795,1789945800,EF,DOWN,31.5,0.38,0.38,0.5438,0.625,0.369,0.25,0.4083,-0.67,2.99,1,4.5581
8796,1789945800,EF,DOWN,31.6,0.38,0.38,0.5438,0.625,0.369,0.25,0.4206,-0.84,2.99,1,4.5581
8796,1789946100,EF,UP,133.3,0.51,0.51,0.6776,0.505,0.2831,0.25,0.327,2.55,3,1,2.6868
8795,1789946400,EF,DOWN,44.8,0.43,0.43,0.5402,0.575,0.2061,0.15,0.0973,0.45,2.99,0,-2.9949
8796,1789946400,EF,DOWN,44.3,0.43,0.43,0.5402,0.575,0.2061,0.15,0.0981,0.45,2.99,0,-2.9949
8795,1789947000,EF,UP,89.7,0.42,0.42,0.5694,0.415,0.3007,0.25,0.3481,1.11,3,0,-2.9969
8796,1789947000,EF,UP,89.7,0.42,0.42,0.5694,0.415,0.3007,0.25,0.348,1.11,3,0,-2.9969
8795,1789947300,EF,UP,105.3,0.37,0.37,0.5314,0.365,0.3729,0.25,0.2257,2.34,1.93,1,3.0684
8796,1789947300,EF,UP,105.6,0.37,0.37,0.5314,0.365,0.3729,0.25,0.3201,3.08,1.93,1,3.0684
8795,1789947600,EF,UP,111.6,0.51,0.51,0.6776,0.505,0.2831,0.25,0.8296,2.95,3,0,-2.9995
8796,1789947600,EF,UP,111.3,0.46,0.46,0.623,0.425,0.3032,0.25,0.8296,2.95,3,0,-2.9992
8795,1789947900,EF,UP,67.6,0.48,0.48,0.5896,0.475,0.1836,0.15,0.1407,0.74,3,1,3.0256
8796,1789947900,EF,UP,67.6,0.48,0.48,0.623,0.475,0.2507,0.15,0.1407,0.74,3,1,3.0256
8795,1789948200,EF,DOWN,56.5,0.38,0.38,0.5098,0.625,0.2834,0.25,0.5812,3.69,2.99,1,4.5581
8796,1789948200,EF,DOWN,56.6,0.38,0.38,0.5098,0.625,0.2834,0.25,0.5916,3.44,2.99,1,4.5581
8795,1789948500,EF,DOWN,184.3,0.55,0.55,0.7164,0.455,0.2615,0.15,0.0767,-1.45,2.99,1,2.2814
8796,1789948500,EF,DOWN,123.8,0.57,0.57,0.6975,0.435,0.1868,0.15,0.0271,-0.6,3,1,2.1077
8795,1789948800,EF,DOWN,62.9,0.33,0.33,0.5098,0.675,0.4724,0.25,0.7149,0.99,2.99,0,-2.9941
8796,1789948800,EF,DOWN,62.9,0.33,0.33,0.5098,0.675,0.4724,0.25,0.7149,0.99,2.99,0,-2.9941
8795,1789949400,EF,UP,123.2,0.38,0.38,0.5314,0.375,0.3377,0.25,0.6555,0.83,2.99,1,4.5581
8796,1789949400,EF,UP,123.3,0.39,0.39,0.5314,0.385,0.3044,0.25,0.6613,0.98,2.99,1,4.3664
8795,1789949700,EF,DOWN,96.5,0.42,0.42,0.5909,0.585,0.3498,0.25,0.7648,0.5,3,0,-2.9969
8796,1789949700,EF,DOWN,96.7,0.43,0.43,0.5909,0.575,0.3194,0.25,0.7249,0.49,2.99,0,-2.9949
8795,1789950000,EF,DOWN,49,0.38,0.38,0.5098,0.625,0.2834,0.25,1.1987,1.17,2.99,0,-2.9946
8796,1789950000,EF,DOWN,125.4,0.35,0.35,0.5098,0.655,0.3903,0.25,0.7109,0.73,2.99,0,-2.9901
8795,1789950300,EF,UP,91.2,0.42,0.42,0.623,0.415,0.4232,0.25,0.8741,3.67,2.19,0,-2.1853
8796,1789950300,EF,UP,91.1,0.36,0.36,0.5896,0.35,0.5643,0.25,0.861,3.67,0.54,0,-0.5416
8795,1789950600,EF,DOWN,104.2,0.38,0.38,0.5098,0.625,0.2834,0.25,1.171,2.94,2.99,1,4.5581
8796,1789950600,EF,DOWN,104.3,0.38,0.38,0.5098,0.625,0.2834,0.25,1.069,2.94,2.99,1,4.5581
8795,1789951200,EF,DOWN,44.6,0.44,0.44,0.5943,0.565,0.2978,0.25,0.3762,0.29,2.99,1,3.5526
8796,1789951200,EF,DOWN,43.1,0.38,0.3807,0.5098,0.625,0.2834,0.25,0.548,0.98,2.99,1,4.5441
8795,1789951800,EF,UP,95.9,0.36,0.36,0.5694,0.355,0.5109,0.25,0.714,1.33,3,0,-2.9986
8796,1789951800,EF,UP,93,0.39,0.39,0.5694,0.385,0.3977,0.25,0.6744,1.14,2.99,0,-2.9926
8795,1789952100,EF,DOWN,37,0.38,0.38,0.5098,0.63,0.2834,0.25,0.464,0,2.99,1,4.5581
8796,1789952100,EF,DOWN,37.1,0.37,0.37,0.5098,0.635,0.3171,0.25,0.4638,0,3,1,4.7602
8795,1789953000,EF,DOWN,84.5,0.39,0.39,0.5438,0.615,0.3349,0.25,0.3308,-0.86,2.99,0,-2.9926
8796,1789953000,EF,DOWN,84.5,0.39,0.39,0.5438,0.615,0.3349,0.25,0.3357,-0.98,2.99,0,-5.9831
8796,1789953000,REVERSAL,DOWN,86.1,,0.4,0.6512,,,0,,,2.99,0,-5.9831
8795,1789953900,EF,DOWN,73.8,0.36,0.36,0.5943,0.645,0.577,0.25,1.3253,2.21,3,1,4.9736
8796,1789953900,EF,DOWN,73.7,0.36,0.36,0.6272,0.645,0.6641,0.25,1.318,2.31,3,1,4.9736
8795,1789954200,EF,DOWN,90.3,0.41,0.41,0.5943,0.595,0.3897,0.25,0.7241,1.96,3,1,4.0255
8796,1789954200,EF,DOWN,90.2,0.41,0.41,0.5943,0.595,0.3897,0.25,0.738,1.96,3,1,4.0255
8795,1789954500,EF,UP,170.2,0.41,0.41,0.5694,0.405,0.3315,0.25,0.5034,4.18,3,1,4.0255
8796,1789954500,EF,UP,170.3,0.44,0.44,0.5896,0.435,0.2874,0.25,0.5052,4.18,2.99,1,3.5526
8795,1789954800,EF,DOWN,88,0.38,0.38,0.5098,0.625,0.2834,0.25,0.439,0.84,2.99,0,-2.9946
8796,1789954800,EF,DOWN,87.8,0.38,0.38,0.5098,0.625,0.2834,0.25,0.4244,1.12,2.99,0,-2.9946
8795,1789955100,EF,DOWN,63.1,0.48,0.48,0.7164,0.525,0.4382,0.25,0.7897,-4.91,3,1,3.0256
8796,1789955100,EF,DOWN,62.9,0.48,0.48,0.6416,0.525,0.2879,0.25,0.7536,-4.43,3,1,3.0256
8795,1789955700,EF,UP,113.4,0.45,0.45,0.623,0.44,0.3312,0.25,0.9833,4.85,2.99,1,3.4091
8796,1789955700,EF,UP,113.2,0.39,0.3932,0.5694,0.385,0.3977,0.25,0.9381,4.28,2.99,1,4.3081
8796,1789956000,EF,DOWN,24.1,0.37,0.37,0.5098,0.635,0.3171,0.25,0.9434,3.1,3,0,-2.9966
8796,1789956600,EF,UP,78.1,0.42,0.42,0.6324,0.415,0.4445,0.25,0.6161,2.7,3,1,3.8602
8795,1789956900,EF,DOWN,19.3,0.38,0.38,0.5098,0.625,0.2834,0.25,0.3909,-0.97,2.99,0,-2.9946
8796,1789956900,EF,DOWN,173,0.38,0.3807,0.5402,0.635,0.3598,0.25,0.2416,-0.49,2.99,0,-2.9944
8795,1789957500,EF,UP,214,0.42,0.42,0.5896,0.415,0.3468,0.25,0.2921,1.23,3,0,-2.9969
8796,1789957500,EF,DOWN,149.7,0.48,0.48,0.6975,0.525,0.4002,0.25,0.484,-0.74,3,1,3.0256
8795,1789958400,EF,DOWN,76.4,0.34,0.34,0.5098,0.665,0.4301,0.25,0.2905,-2.35,2.99,1,5.4196
8796,1789958400,EF,DOWN,76.4,0.34,0.34,0.5098,0.665,0.4301,0.25,0.2905,-2.35,2.99,1,5.4196
8795,1789959000,EF,DOWN,111.3,0.4,0.4,0.5438,0.605,0.3025,0.25,0.7442,0.59,2.99,0,-2.9905
8796,1789959000,EF,DOWN,107.7,0.45,0.45,0.6272,0.565,0.34,0.25,0.5798,0.59,2.99,0,-2.9909
8795,1789959300,EF,DOWN,158.7,0.56,0.56,0.8262,0.445,0.4299,0.25,1.0829,-4.23,3,0,-2.9996
8796,1789959300,EF,DOWN,156.5,0.26,0.26,0.6272,0.775,1.2872,0.25,1.4085,-4.23,3,0,-4.9561
8796,1789959300,REVERSAL,DOWN,156.2,,0.08,0.7884,,,0,,,1.96,0,-4.9561
8795,1789959600,EF,DOWN,56.4,0.37,0.37,0.5098,0.635,0.3171,0.25,0.4886,4.11,3,0,-2.9966
8796,1789959600,EF,DOWN,56.5,0.37,0.37,0.5098,0.635,0.3171,0.25,0.4844,4.11,3,0,-2.9966
8795,1789960800,EF,UP,122.1,0.51,0.51,0.6776,0.505,0.2831,0.25,0.2463,0.95,3,1,2.6868
8796,1789960800,EF,UP,122,0.51,0.51,0.6776,0.505,0.2831,0.25,0.2719,0.95,3,1,2.6868
8795,1789962000,EF,UP,86.7,0.55,0.55,0.6776,0.545,0.1932,0.15,0.0941,2.21,2.99,0,-2.9913
8796,1789962000,EF,UP,86.3,0.51,0.51,0.623,0.505,0.1797,0.15,0.0696,2.21,3,0,-2.9995
8795,1789962300,EF,DOWN,114.9,0.36,0.36,0.5098,0.645,0.3527,0.25,0.3828,0.98,3,0,-2.9986
8796,1789962300,EF,DOWN,114.9,0.36,0.36,0.5098,0.645,0.3527,0.25,0.3828,0.98,3,0,-2.9986
8795,1789963200,EF,DOWN,185.1,0.38,0.3833,0.5098,0.63,0.2834,0.25,0.2052,1.32,2.99,1,4.4933
8796,1789963200,EF,DOWN,187.4,0.46,0.46,0.6272,0.545,0.3119,0.25,0.2838,0.04,3,1,3.2834
8796,1789964100,EF,DOWN,233.7,0.33,0.33,0.5098,0.675,0.4724,0.25,0.5525,0.56,2.99,1,5.6725
8795,1789964400,EF,UP,96.4,0.39,0.39,0.5314,0.385,0.3044,0.25,0.6643,1.23,2.99,0,-2.9926
8796,1789964400,EF,UP,96.3,0.45,0.45,0.623,0.445,0.3312,0.25,0.604,1.23,2.99,0,-2.9909
8795,1789964700,EF,UP,166.6,0.51,0.51,0.6776,0.505,0.2831,0.25,0.28,2.34,3,1,2.6868
8796,1789964700,EF,UP,165.2,0.34,0.34,0.5314,0.335,0.4907,0.25,0.2294,1.17,2.99,1,5.4196
8795,1789965300,EF,DOWN,33.7,0.38,0.38,0.5098,0.625,0.2834,0.25,0.3812,0.04,2.99,0,-2.9946
8796,1789965300,EF,DOWN,33.7,0.38,0.38,0.5098,0.625,0.2834,0.25,0.3812,0.04,2.99,0,-2.9946
8795,1789965600,EF,UP,153.5,0.38,0.38,0.5314,0.375,0.3377,0.15,0.0207,1.43,2.99,1,4.5581
8796,1789965600,EF,UP,153.5,0.38,0.38,0.5314,0.375,0.3377,0.15,0.0227,1.43,2.99,1,4.5581
8796,1789965900,EF,DOWN,39.9,0.42,0.42,0.5402,0.585,0.2339,0.15,0.1394,-0.91,3,0,-2.9969
8795,1789966500,EF,UP,72.8,0.47,0.47,0.623,0.465,0.2764,0.25,0.7625,1.4,3,0,-2.9972
8796,1789966500,EF,UP,72.9,0.47,0.47,0.6324,0.465,0.2955,0.25,0.7814,1.79,3,0,-2.9972
8795,1789966800,EF,UP,81.7,0.56,0.56,0.6776,0.555,0.1728,0.15,0.155,-1.47,3,0,-2.9996
8796,1789966800,EF,DOWN,201.9,0.38,0.38,0.5098,0.625,0.2834,0.15,0.1331,0.49,2.99,1,4.5581
8795,1789968600,EF,UP,31.6,0.45,0.45,0.623,0.445,0.3312,0.25,0.5117,4.61,2.99,1,3.4091
8796,1789968600,EF,UP,26.4,0.39,0.39,0.5314,0.385,0.3044,0.25,0.4651,2.94,2.99,1,4.3664
8795,1789969800,EF,DOWN,182.7,0.5,0.5,0.6272,0.505,0.2104,0.15,0.0968,-2.02,2.99,0,-2.9912
8795,1789970400,EF,UP,41.7,0.49,0.49,0.6776,0.485,0.3335,0.25,0.7919,5,2.99,1,2.9048
8796,1789970400,EF,UP,41.7,0.49,0.49,0.6776,0.485,0.3335,0.25,0.7919,5,2.99,1,2.9048
8795,1789970700,EF,DOWN,135.9,0.57,0.57,0.7979,0.435,0.3576,0.25,0.4832,-7.02,3,1,2.1077
8796,1789970700,EF,DOWN,135.9,0.57,0.57,0.7979,0.435,0.3576,0.25,0.4831,-7.02,3,1,2.1077
8795,1789971600,EF,UP,200,0.46,0.46,0.623,0.455,0.3032,0.25,0.3627,-0.47,3,1,3.2834
8796,1789971600,EF,UP,200.1,0.46,0.46,0.623,0.455,0.3032,0.25,0.3579,0.08,3,1,3.2834
8795,1789971900,EF,UP,178.3,0.42,0.42,0.6776,0.415,0.5479,0.25,0.4994,1.05,3,0,-2.9969
8796,1789971900,EF,UP,178.3,0.42,0.42,0.6776,0.415,0.5479,0.25,0.4998,1.05,3,0,-2.9969
8795,1789972200,EF,DOWN,167.9,0.44,0.44,0.5943,0.565,0.2978,0.25,0.2926,-0.69,2.99,0,-2.9929
8796,1789972200,EF,DOWN,168,0.44,0.44,0.5909,0.565,0.2903,0.25,0.2926,-0.69,2.99,0,-5.9905
8796,1789972200,REVERSAL,DOWN,168.3,,0.57,0.6363,,,0,,,3,0,-5.9905
8796,1789973100,EF,DOWN,19,0.36,0.36,0.5098,0.645,0.3527,0.25,1.5365,13.49,3,0,-2.9986
8795,1789974000,EF,UP,108.8,0.42,0.42,0.5694,0.415,0.3007,0.25,0.2666,-0.68,3,0,-2.9969
8796,1789974000,EF,UP,108.9,0.42,0.42,0.5694,0.415,0.3007,0.25,0.2772,-0.68,3,0,-2.9969
8796,1789974300,EF,DOWN,118.1,0.48,0.48,0.6636,0.525,0.3323,0.25,0.3463,-4.02,3,1,3.0256
8795,1789975500,EF,UP,22.3,0.44,0.44,0.5694,0.435,0.2434,0.15,0.1227,0.31,2.99,0,-2.9929
8796,1789975500,EF,UP,22.4,0.44,0.44,0.5694,0.435,0.2434,0.15,0.1227,0.31,2.99,0,-2.9929
8795,1789976100,EF,UP,27.6,0.53,0.53,0.7167,0.525,0.3077,0.25,0.4595,2.48,3,1,2.4763
8796,1789976100,EF,UP,27.6,0.53,0.53,0.7167,0.525,0.3077,0.25,0.4942,2.7,3,1,2.4763
8795,1789977900,EF,UP,73.1,0.35,0.35,0.5694,0.345,0.5529,0.25,0.3761,0.21,2.56,1,4.4385
8796,1789977900,EF,UP,70.3,0.36,0.36,0.5694,0.355,0.5109,0.25,0.3627,0.21,3,1,4.9736
8796,1789978200,EF,UP,80,0.51,0.51,0.6776,0.505,0.2831,0.25,0.6137,0.62,3,0,-2.9995
8795,1789979100,EF,UP,45.3,0.44,0.44,0.623,0.435,0.3605,0.25,0.7274,2.44,2.99,1,3.5526
8796,1789979100,EF,UP,40.4,0.42,0.42,0.5694,0.415,0.3007,0.25,0.6267,-1.92,3,1,3.8602
8795,1789979400,EF,UP,95.5,0.47,0.47,0.623,0.465,0.2764,0.25,0.6041,0.73,3,1,3.1517
8796,1789979400,EF,UP,95.4,0.47,0.47,0.623,0.465,0.2764,0.25,0.5964,0.73,3,1,3.1517
8795,1789980000,EF,UP,27.1,0.34,0.34,0.5314,0.33,0.4907,0.25,2.6863,-1.96,2.99,1,5.4196
8796,1789980000,EF,UP,27.2,0.34,0.34,0.623,0.33,0.7478,0.25,2.6097,-1.96,2.99,1,5.4196
8795,1789980300,EF,UP,64.7,0.36,0.36,0.5694,0.355,0.5109,0.25,1.9444,4.27,3,1,4.9736
8796,1789980300,EF,UP,66,0.36,0.36,0.623,0.355,0.6531,0.25,2.0302,3.86,3,1,4.9736
8795,1789980600,EF,UP,33.4,0.34,0.34,0.5314,0.335,0.4907,0.25,1.5684,-0.33,2.99,0,-2.9921
8796,1789980600,EF,UP,33.6,0.35,0.35,0.5314,0.345,0.4492,0.25,1.4678,-0.33,2.99,0,-2.9901
8795,1789980900,EF,UP,37.8,0.44,0.44,0.5896,0.43,0.2874,0.25,0.8474,0,2.99,0,-2.9929
8796,1789980900,EF,UP,35.8,0.47,0.47,0.623,0.465,0.2764,0.25,0.8629,0,3,0,-2.9972
8795,1789981200,EF,UP,59.9,0.4,0.4,0.5694,0.395,0.3638,0.25,1.269,-0.66,2.99,1,4.1845
8796,1789981200,EF,UP,59.9,0.4,0.4,0.5694,0.395,0.3638,0.25,1.2747,-0.66,2.99,1,4.1845
8795,1789981500,EF,UP,18.5,0.47,0.4745,0.623,0.465,0.2764,0.25,1.1163,2.92,3,1,3.0945
8796,1789981500,EF,UP,18.7,0.48,0.48,0.6776,0.475,0.3603,0.25,1.0759,2.92,3,1,3.0256
8795,1789981800,EF,UP,60.6,0.45,0.45,0.6324,0.445,0.3511,0.25,0.8128,5.2,2.99,0,-2.9909
8796,1789981800,EF,UP,60.6,0.45,0.45,0.6324,0.445,0.3511,0.25,0.7419,5.2,2.99,0,-2.9909
8795,1789982400,EF,UP,15.4,0.46,0.46,0.623,0.45,0.3032,0.25,1.2042,6.41,3,0,-2.9992
8796,1789982400,EF,UP,15.4,0.46,0.46,0.623,0.45,0.3032,0.25,1.2091,6.46,3,0,-2.9992
8795,1789983000,EF,UP,18.5,0.4,0.4,0.5694,0.395,0.3638,0.25,1.9615,2.2,2.99,1,4.1845
8796,1789983000,EF,UP,18.4,0.42,0.42,0.5694,0.415,0.3007,0.25,1.9213,1.48,3,1,3.8602
8795,1789983300,EF,DOWN,63.3,0.35,0.35,0.5943,0.655,0.6208,0.25,1.8754,-4.96,2.99,0,-2.9901
8796,1789983300,EF,DOWN,63.5,0.35,0.35,0.5402,0.655,0.4731,0.25,2.0025,-4.96,2.99,0,-2.9901
8795,1789983600,EF,UP,134.8,0.3,0.3,0.5314,0.29,0.6845,0.25,1.3921,5.58,2.99,0,-2.9897
8796,1789983600,EF,UP,132,0.29,0.29,0.623,0.28,1.0416,0.25,1.2935,5.58,2.99,0,-2.9916
8795,1789983900,EF,UP,64.1,0.42,0.42,0.623,0.415,0.4232,0.25,1.3554,2.3,3,0,-2.9969
8796,1789983900,EF,DOWN,69.4,0.51,0.51,0.7164,0.495,0.3566,0.25,1.5846,-4.75,3,1,2.6868
8795,1789984500,EF,DOWN,77.9,0.37,0.3735,0.5438,0.635,0.405,0.25,0.4986,-2.66,3,1,4.6884
8796,1789984500,EF,DOWN,76.9,0.36,0.36,0.5098,0.645,0.3527,0.25,0.5054,-1.47,3,1,4.9736
8795,1789984800,EF,UP,86.2,0.51,0.51,0.7167,0.49,0.357,0.25,1.1394,-1.13,3,0,-2.9995
8796,1789984800,EF,UP,86.4,0.51,0.51,0.6776,0.49,0.2831,0.25,1.1115,-1.12,3,0,-2.9995
8795,1789985100,EF,UP,127.2,0.5,0.5,0.6776,0.495,0.3078,0.25,0.5079,1.56,2.99,1,2.7889
8796,1789985100,EF,UP,124.2,0.54,0.54,0.7167,0.535,0.2844,0.25,0.6003,1.56,2.99,1,2.377
8795,1789985700,EF,UP,159.3,0.47,0.47,0.6776,0.465,0.3883,0.25,0.498,1.4,3,1,3.1517
8796,1789985700,EF,UP,159.3,0.47,0.47,0.6776,0.465,0.3883,0.25,0.513,1.81,3,1,3.1517
8795,1789986300,EF,UP,16.1,0.51,0.51,0.6776,0.505,0.2831,0.25,0.3542,0.84,3,0,-2.9995
8796,1789986300,EF,UP,16,0.51,0.51,0.6776,0.505,0.2831,0.25,0.3407,0.84,3,0,-2.9995
8795,1789986600,EF,UP,17,0.47,0.47,0.6776,0.465,0.3883,0.25,0.8883,8.52,3,0,-2.9972
8796,1789986600,EF,UP,125.2,0.44,0.44,0.623,0.425,0.3605,0.25,0.8819,2.05,2.99,0,-2.9929
8795,1789987500,EF,UP,23.7,0.47,0.47,0.623,0.465,0.2764,0.25,0.2963,0.26,3,0,-2.9972
8796,1789987500,EF,UP,32.3,0.46,0.46,0.623,0.455,0.3032,0.25,0.3581,1.89,3,0,-2.9992
8795,1789988400,EF,UP,38.4,0.45,0.45,0.623,0.445,0.3312,0.25,0.6043,-0.93,2.99,1,3.4091
8796,1789988400,EF,UP,38.3,0.38,0.38,0.5694,0.375,0.4335,0.25,0.6392,-0.93,2.99,1,4.5581
8795,1789988700,EF,UP,32.5,0.47,0.47,0.6776,0.465,0.3883,0.25,0.7153,4.26,3,1,3.1517
8796,1789988700,EF,UP,33.4,0.47,0.47,0.623,0.465,0.2764,0.25,0.7119,4.26,3,1,3.1517
8795,1789989300,EF,UP,39.8,0.47,0.47,0.623,0.465,0.2764,0.25,0.6405,-0.26,3,0,-2.9972
8796,1789989300,EF,UP,37.8,0.44,0.44,0.5896,0.435,0.2874,0.25,0.6388,-0.59,2.99,0,-2.9929
8795,1789990200,EF,UP,41.8,0.37,0.37,0.5314,0.335,0.3729,0.25,0.9033,-0.71,3,1,4.7602
8796,1789990200,EF,UP,42.9,0.47,0.47,0.623,0.435,0.2764,0.25,0.9903,0.04,3,1,3.1517
8795,1789990500,EF,UP,60.9,0.5,0.5,0.623,0.495,0.2024,0.15,0.1563,3.14,2.99,1,2.7889
8796,1789990500,EF,UP,60.7,0.5,0.5,0.623,0.495,0.2024,0.15,0.1563,3.14,2.99,1,2.7889
8795,1789990800,EF,UP,26.6,0.55,0.55,0.6776,0.545,0.1932,0.15,0.1653,1.32,2.99,1,2.2814
8796,1789990800,EF,DOWN,204.8,0.38,0.38,0.5402,0.625,0.3598,0.25,0.8543,0.12,2.99,0,-2.9946
8795,1789991100,EF,UP,100,0.36,0.36,0.5314,0.355,0.41,0.25,0.5924,-0.81,3,1,4.9736
8796,1789991100,EF,UP,126.6,0.46,0.46,0.623,0.45,0.3032,0.25,0.5409,1.08,3,1,3.2834
8795,1789991400,EF,DOWN,227.7,0.39,0.39,0.6272,0.615,0.5394,0.25,0.3895,-2.12,2.99,0,-2.9926
8796,1789991400,EF,DOWN,226.5,0.37,0.3735,0.5098,0.64,0.3171,0.25,0.3295,-0.29,3,0,-2.9959
8795,1789992000,EF,DOWN,21.4,0.38,0.38,0.5098,0.625,0.2834,0.25,0.818,-3.67,2.99,0,-2.9946
8796,1789992000,EF,DOWN,33.4,0.4,0.4,0.5402,0.61,0.2937,0.25,0.8925,-6.74,2.99,0,-2.9905
8795,1789992600,EF,UP,112.5,0.27,0.27,0.5896,0.265,1.072,0.25,0.8198,9.91,3,0,-2.9956
8796,1789992600,EF,UP,87.4,0.3,0.3,0.5694,0.295,0.8051,0.25,1.0206,7.15,2.99,0,-2.9897
8795,1789992900,EF,UP,60.2,0.47,0.47,0.623,0.465,0.2764,0.25,0.8603,4.72,3,1,3.1517
8796,1789992900,EF,UP,83.2,0.51,0.51,0.6776,0.505,0.2831,0.25,0.7118,5.42,3,1,2.6868
8795,1789993200,EF,DOWN,96.1,0.47,0.47,0.6272,0.54,0.2849,0.25,1.7732,-5.17,3,0,-2.9972
8796,1789993200,EF,DOWN,111.3,0.38,0.38,0.5098,0.63,0.2834,0.25,2.0246,-0.51,2.99,0,-2.9946
8795,1789993800,EF,DOWN,19.4,0.4,0.4,0.5438,0.605,0.3025,0.25,0.4524,-3.23,2.99,0,-2.9905
8796,1789993800,EF,DOWN,19.5,0.44,0.44,0.5909,0.565,0.2903,0.25,0.4656,-3.23,2.99,0,-2.9929
8795,1789994400,EF,UP,46.1,0.45,0.45,0.623,0.445,0.3312,0.25,0.8024,2,2.99,0,-2.9909
8796,1789994400,EF,UP,46.1,0.46,0.46,0.623,0.455,0.3032,0.25,0.7787,2,3,0,-2.9992
8795,1789994700,EF,DOWN,32.5,0.37,0.37,0.5098,0.645,0.3171,0.25,1.1205,-4.73,3,0,-2.9966
8796,1789994700,EF,DOWN,36,0.27,0.2705,0.5098,0.74,0.7917,0.25,1.1434,-8.78,3,0,-2.9955
8795,1789995000,EF,DOWN,228.7,0.54,0.54,0.7164,0.465,0.284,0.25,0.4521,-2.18,2.99,1,2.377
8796,1789995000,EF,DOWN,228.5,0.4,0.4,0.5943,0.605,0.4234,0.25,0.457,-2.18,2.99,1,4.1845
8795,1789995600,EF,UP,163.7,0.34,0.34,0.5314,0.32,0.4907,0.25,0.693,2.65,2.99,0,-2.9921
8796,1789995600,EF,UP,162.8,0.35,0.35,0.5694,0.335,0.5529,0.25,0.7077,2.65,2.99,0,-2.9901
8795,1789996200,EF,UP,22.8,0.39,0.3932,0.5314,0.385,0.3044,0.25,0.9377,0.83,2.99,0,-2.9919
8795,1789996800,EF,UP,91,0.49,0.49,0.6776,0.485,0.3335,0.25,0.708,3.44,2.99,0,-2.9932
8796,1789996800,EF,UP,91.2,0.4,0.4,0.5694,0.395,0.3638,0.25,0.7149,3.44,2.99,0,-2.9905
8795,1789997100,EF,UP,62.9,0.47,0.47,0.6776,0.465,0.3883,0.25,0.8741,7.23,3,0,-2.9972
8796,1789997100,EF,UP,59.6,0.46,0.46,0.623,0.455,0.3032,0.25,0.878,1.44,3,0,-2.9992
8795,1789997400,EF,DOWN,69.2,0.54,0.54,0.7346,0.47,0.3166,0.25,1.5681,-4.22,2.99,0,-2.9934
8796,1789997400,EF,DOWN,70.6,0.54,0.54,0.7346,0.475,0.3166,0.25,1.4472,-5.36,2.99,0,-2.9934
8795,1789997700,EF,DOWN,33.3,0.41,0.41,0.5755,0.595,0.3456,0.25,1.3954,-10.89,3,1,4.0255
8796,1789997700,EF,DOWN,33.6,0.44,0.4423,0.6272,0.565,0.3695,0.25,1.3162,-10.89,2.99,1,3.5187
8795,1789998000,EF,DOWN,102,0.28,0.28,0.5909,0.725,1.004,0.25,1.1199,-6.98,2.99,0,-2.9936
8796,1789998000,EF,DOWN,102.1,0.31,0.31,0.5943,0.695,0.8246,0.25,1.1325,-6.98,3,0,-2.9981
8795,1789998900,EF,UP,37.2,0.47,0.47,0.623,0.465,0.2764,0.25,1.3053,6.59,3,0,-2.9972
8796,1789998900,EF,UP,35.5,0.4,0.4,0.5694,0.395,0.3638,0.25,1.3072,6.59,2.99,0,-2.9905
8795,1789999200,EF,DOWN,191,0.31,0.31,0.6636,0.695,1.0374,0.25,1.334,-5.92,3,1,6.2277
8796,1789999200,EF,DOWN,191.7,0.34,0.34,0.6636,0.675,0.8617,0.25,1.2665,-4.77,2.99,1,5.4196
8795,1789999800,EF,DOWN,153.7,0.22,0.22,0.5098,0.785,1.1908,0.25,1.2062,1.52,3,0,-2.9951
8796,1789999800,EF,DOWN,173.5,0.35,0.35,0.5943,0.655,0.6208,0.25,1.1137,0.52,2.99,0,-2.9901
8795,1790000100,EF,UP,28.5,0.32,0.32,0.5314,0.315,0.5816,0.25,1.5544,-3.46,3,1,5.9414
8795,1790000400,EF,DOWN,37.6,0.38,0.38,0.5098,0.625,0.2834,0.25,0.6881,-0.14,2.99,0,-2.9946
8796,1790000400,EF,DOWN,36.4,0.38,0.38,0.5098,0.625,0.2834,0.25,0.6441,-0.14,2.99,0,-2.9946
8795,1790000700,EF,UP,113.2,0.35,0.35,0.5314,0.335,0.4492,0.25,0.9446,-0.52,2.99,1,5.1813
8796,1790000700,EF,UP,65.9,0.51,0.51,0.6776,0.505,0.2831,0.25,1.1785,2.45,3,1,2.6868
8795,1790001000,EF,UP,144.8,0.44,0.44,0.623,0.435,0.3605,0.25,0.7599,1.75,2.99,1,3.5526
8796,1790001000,EF,UP,145.6,0.47,0.47,0.623,0.465,0.2764,0.25,0.7096,1.75,3,1,3.1517
8795,1790001300,EF,DOWN,122,0.39,0.39,0.5438,0.615,0.3349,0.25,0.8334,-2.49,2.99,1,4.3664
8796,1790001300,EF,DOWN,122.1,0.38,0.38,0.5438,0.625,0.369,0.25,0.8189,-2.49,2.99,1,4.5581
8795,1790001600,EF,UP,115.8,0.45,0.45,0.6776,0.445,0.4478,0.25,1.49,2.04,2.99,0,-2.9909
8796,1790001600,EF,UP,115.6,0.41,0.41,0.5896,0.405,0.3786,0.25,1.4475,0.84,3,0,-2.9989
8795,1790001900,EF,DOWN,35.7,0.55,0.55,0.7346,0.455,0.2936,0.25,1.1419,-7.14,2.99,0,-2.9913
8796,1790001900,EF,UP,131.2,0.54,0.54,0.7167,0.535,0.2844,0.25,0.6518,3.35,2.99,1,2.377
8795,1790002200,EF,DOWN,69.6,0.36,0.36,0.5098,0.645,0.3527,0.25,1.9823,0.32,3,0,-2.9986
8796,1790002200,EF,DOWN,233.8,0.29,0.29,0.5438,0.735,0.7821,0.25,1.0384,-1.84,2.99,0,-2.9916
8795,1790003100,EF,DOWN,117.1,0.37,0.37,0.5098,0.635,0.3171,0.25,0.7641,-2.13,3,0,-2.9966
8796,1790003100,EF,DOWN,117.3,0.37,0.37,0.5098,0.635,0.3171,0.25,0.7661,-2.13,3,0,-2.9966
8795,1790003400,EF,DOWN,165.1,0.36,0.36,0.5098,0.645,0.3527,0.25,1.1809,-5.91,3,0,-2.9986
8796,1790003400,EF,UP,22.2,0.56,0.56,0.7473,0.555,0.2934,0.25,1.0949,-1.16,3,1,2.1968
8795,1790004300,EF,DOWN,69.3,0.53,0.53,0.7164,0.475,0.3073,0.25,0.7278,-0.5,3,1,2.4763
8796,1790004300,EF,DOWN,68.6,0.55,0.55,0.7346,0.455,0.2936,0.25,0.7748,-0.49,2.99,1,2.2814
8795,1790004600,EF,DOWN,65.2,0.39,0.39,0.5943,0.62,0.4589,0.25,1.0352,1.08,2.99,0,-2.9926
8796,1790004600,EF,DOWN,48,0.4,0.4019,0.5438,0.605,0.3025,0.25,1.044,1.08,2.99,0,-2.9902
8795,1790004900,EF,UP,70.4,0.46,0.46,0.623,0.455,0.3032,0.25,0.9122,0.22,3,1,3.2834
8796,1790004900,EF,UP,64.3,0.42,0.42,0.5694,0.415,0.3007,0.25,0.8717,-2.5,3,1,3.8602
8795,1790005200,EF,DOWN,169.8,0.49,0.49,0.6636,0.515,0.306,0.25,0.8087,-4.68,2.99,0,-2.9932
8796,1790005200,EF,DOWN,170.1,0.48,0.48,0.6416,0.525,0.2879,0.25,0.8091,-4.68,3,0,-2.9952
8795,1790005500,EF,DOWN,55.9,0.36,0.36,0.5755,0.645,0.5269,0.25,0.832,-5.93,3,0,-2.9986
8796,1790005500,EF,DOWN,56.2,0.36,0.36,0.5438,0.645,0.4429,0.25,0.8602,-5.93,1.88,0,-1.8806
8795,1790005800,EF,DOWN,45.1,0.38,0.38,0.5098,0.625,0.2834,0.25,1.0144,2.72,2.99,1,4.5581
8796,1790005800,EF,UP,106,0.54,0.54,0.7167,0.535,0.2844,0.25,1.1067,4.71,2.99,0,-2.9934
8795,1790006100,EF,UP,110.4,0.51,0.51,0.6776,0.505,0.2831,0.25,0.6445,6.15,3,0,-2.9995
8796,1790006100,EF,UP,119.2,0.51,0.51,0.6776,0.505,0.2831,0.25,0.63,8.68,3,0,-2.9995
8795,1790006400,EF,DOWN,41.3,0.49,0.49,0.6636,0.515,0.306,0.25,0.5657,-3.42,2.99,1,2.9048
8796,1790006400,EF,DOWN,41.1,0.49,0.49,0.6636,0.515,0.306,0.25,0.5706,-3.42,2.99,1,2.9048
8795,1790006700,EF,UP,138.5,0.19,0.19,0.5694,0.185,1.8271,0.25,1.1964,5.07,2.99,0,-2.9905
8796,1790006700,EF,UP,138.7,0.19,0.19,0.5694,0.185,1.8271,0.25,1.2232,5.23,2.99,0,-2.9905
8795,1790007000,EF,DOWN,121.3,0.36,0.36,0.5098,0.645,0.3527,0.25,0.4919,1.4,3,1,4.9736
8796,1790007000,EF,DOWN,120.2,0.36,0.36,0.5098,0.645,0.3527,0.25,0.5333,1.4,3,1,4.9736
8795,1790007600,EF,DOWN,103.5,0.38,0.38,0.5098,0.625,0.2834,0.25,0.8555,-1.67,2.99,0,-2.9946
8796,1790007600,EF,DOWN,207.6,0.32,0.32,0.5098,0.685,0.5173,0.25,0.6946,-0.76,3,0,-2.9961
8796,1790007900,EF,UP,136.6,0.53,0.53,0.7473,0.525,0.3637,0.25,0.4675,3.16,3,1,2.4763
8795,1790008200,EF,UP,141.2,0.53,0.53,0.7167,0.525,0.3077,0.25,0.4819,8.52,3,0,-2.9954
8796,1790008200,EF,UP,140.1,0.56,0.56,0.7473,0.555,0.2934,0.25,0.4804,8.52,3,0,-2.9996
8795,1790008500,EF,UP,121.7,0.45,0.45,0.623,0.445,0.3312,0.25,0.5921,3.58,2.99,0,-2.9909
8796,1790008500,EF,UP,122.2,0.39,0.39,0.623,0.38,0.5293,0.25,0.6091,3.87,2.99,0,-2.9926
8796,1790008800,EF,DOWN,23.9,0.54,0.54,0.7164,0.465,0.284,0.25,0.6341,-1.38,2.99,0,-2.9934
8795,1790009700,EF,DOWN,200.8,0.31,0.31,0.5438,0.695,0.6695,0.25,0.6769,-2.01,3,0,-2.9981
8796,1790009700,EF,DOWN,202.3,0.31,0.31,0.5098,0.695,0.5651,0.25,0.6607,-2.01,3,0,-2.9981
8795,1790010000,EF,UP,227.9,0.54,0.54,0.7167,0.535,0.2844,0.25,0.514,2.05,2.99,0,-2.9934
8796,1790010000,EF,DOWN,161.3,0.52,0.52,0.6975,0.485,0.2962,0.25,0.4953,-0.98,3,1,2.5795
8795,1790010600,EF,UP,111.1,0.35,0.35,0.5314,0.34,0.4492,0.25,0.4734,3.42,2.99,0,-2.9901
8796,1790010600,EF,UP,111.2,0.4,0.4,0.5896,0.395,0.412,0.25,0.4183,3.42,2.99,0,-2.9905
8795,1790011200,EF,DOWN,139.2,0.35,0.35,0.5098,0.655,0.3903,0.25,0.6089,1.39,2.99,0,-2.9901
8796,1790011200,EF,DOWN,140.8,0.36,0.36,0.5438,0.645,0.4429,0.25,0.5784,0.85,3,0,-2.9986
8795,1790011500,EF,UP,98.7,0.39,0.39,0.5694,0.385,0.3977,0.25,0.4103,2.61,2.99,1,4.3664
8796,1790011500,EF,UP,98.8,0.39,0.39,0.5694,0.385,0.3977,0.25,0.4103,2.61,2.99,1,4.3664
8795,1790011800,EF,UP,60.4,0.44,0.44,0.5896,0.435,0.2874,0.25,0.665,0.64,2.99,0,-2.9929
8796,1790011800,EF,UP,59.8,0.42,0.42,0.5694,0.415,0.3007,0.25,0.6558,0.1,3,0,-2.9969
8795,1790012100,EF,UP,117,0.39,0.397,0.5694,0.385,0.3977,0.25,0.5613,3.27,2.99,1,4.2381
8796,1790012100,EF,UP,125.1,0.5,0.5,0.6776,0.495,0.3078,0.25,0.5493,4.07,2.99,1,2.7889
8795,1790012400,EF,UP,61.6,0.38,0.3833,0.5694,0.37,0.4335,0.25,0.6412,2.26,2.99,0,-2.9939
8796,1790012400,EF,UP,61.4,0.38,0.3833,0.5314,0.375,0.3377,0.25,0.6076,1.88,2.99,0,-2.9939
8795,1790013000,EF,UP,132.4,0.44,0.44,0.5896,0.435,0.2874,0.25,0.5554,0.32,2.99,0,-2.9929
8796,1790013000,EF,UP,33.3,0.45,0.45,0.6,0.445,0.282,0.25,0.3362,0.62,2.99,0,-2.9909
8795,1790013600,EF,DOWN,39.2,0.4,0.4,0.5438,0.605,0.3025,0.25,0.531,-2.78,2.99,0,-2.9905
8796,1790013600,EF,DOWN,39.2,0.43,0.43,0.5755,0.575,0.2849,0.25,0.5056,-2.78,2.99,0,-2.9949
8795,1790013900,EF,DOWN,84.3,0.37,0.37,0.5098,0.635,0.3171,0.25,0.4998,-3.04,3,0,-2.9966
8796,1790013900,EF,DOWN,82.9,0.37,0.37,0.5098,0.635,0.3171,0.25,0.4003,-1.22,3,0,-2.9966
8795,1790015100,EF,UP,114.1,0.39,0.39,0.5314,0.385,0.3044,0.25,0.2854,2.87,2.99,0,-2.9926
8796,1790015100,EF,UP,114.1,0.39,0.39,0.5314,0.385,0.3044,0.25,0.2782,2.87,2.99,0,-2.9926
8795,1790015400,EF,DOWN,26.9,0.36,0.36,0.5098,0.645,0.3527,0.25,0.5291,-0.35,3,1,4.9736
8796,1790015400,EF,DOWN,26.6,0.37,0.37,0.5098,0.635,0.3171,0.25,0.4962,0.61,3,1,4.7602
8795,1790015700,EF,DOWN,124.4,0.38,0.38,0.5438,0.645,0.369,0.25,0.4805,-0.81,2.99,0,-2.9946
8796,1790015700,EF,DOWN,124.1,0.27,0.27,0.5098,0.735,0.7917,0.25,0.6493,-0.81,1.42,0,-1.419
8795,1790016000,EF,DOWN,37,0.36,0.36,0.5098,0.645,0.3527,0.25,0.5122,-4.07,3,0,-2.9986
8796,1790016000,EF,DOWN,36.9,0.42,0.42,0.5943,0.585,0.3576,0.25,0.3112,-2.27,3,0,-2.9969
8795,1790016300,EF,UP,90.5,0.55,0.55,0.6776,0.54,0.1932,0.15,0.0897,3.91,2.99,1,2.2814
8796,1790016300,EF,UP,90.5,0.53,0.53,0.6776,0.525,0.2365,0.15,0.0929,4.07,3,1,2.4763
8795,1790016900,EF,UP,143.3,0.54,0.54,0.6776,0.535,0.2144,0.15,0.0945,0.95,2.99,1,2.377
8796,1790016900,EF,UP,143.3,0.54,0.54,0.6776,0.535,0.2144,0.15,0.1342,0.95,2.99,1,2.377
8796,1790017200,REVERSAL,DOWN,150.9,,0.46,0.6638,,,0,,,3,1,3.2834
8796,1790017500,EF,DOWN,162,0.44,0.44,0.5943,0.565,0.2978,0.25,0.4275,-0.72,2.99,0,-0.5166
8796,1790017500,REVERSAL,UP,106.3,,0.53,0.6764,,,0,,,3,1,-0.5166
8795,1790017800,EF,UP,96.2,0.46,0.46,0.623,0.455,0.3032,0.25,0.3116,0.95,3,1,3.2834
8796,1790017800,EF,UP,115.8,0.5,0.5,0.6776,0.49,0.3078,0.25,0.3937,3.02,2.99,1,2.7889
8795,1790018400,EF,DOWN,153.4,0.18,0.18,0.5098,0.825,1.6697,0.25,0.8126,-3.69,2.99,1,12.7298
8796,1790018400,EF,DOWN,30.2,0.37,0.37,0.5098,0.635,0.3171,0.25,1.9004,0.18,3,1,4.7602
8795,1790018700,EF,DOWN,40.4,0.44,0.44,0.5943,0.565,0.2978,0.25,0.7442,0.1,2.99,0,-2.9929
8796,1790018700,EF,DOWN,17.2,0.44,0.44,0.5909,0.565,0.2903,0.25,0.9212,-0,2.99,0,-2.9929
8795,1790019000,EF,DOWN,50.8,0.4,0.4,0.5438,0.605,0.3025,0.25,0.5413,-3.82,2.99,0,-2.9905
8796,1790019000,EF,DOWN,50.8,0.39,0.39,0.5438,0.615,0.3349,0.25,0.5316,-3.82,2.99,0,-2.9926
8795,1790019300,EF,DOWN,39.7,0.55,0.55,0.7346,0.455,0.2936,0.25,1.1812,-15.2,2.99,1,2.2814
8796,1790019300,EF,DOWN,39.3,0.38,0.38,0.6272,0.625,0.5788,0.25,1.2157,-15.2,2.99,1,4.5581
8795,1790019600,EF,UP,68.1,0.51,0.51,0.6776,0.505,0.2831,0.25,0.5684,4.78,3,0,-2.9995
8796,1790019600,EF,UP,67.7,0.47,0.47,0.623,0.465,0.2764,0.25,0.6073,4.46,3,0,-2.9972
8795,1790019900,EF,DOWN,91.7,0.27,0.27,0.5098,0.735,0.7917,0.25,0.6136,-3.81,3,1,7.5599
8796,1790019900,EF,DOWN,91.6,0.28,0.28,0.5098,0.73,0.729,0.25,0.6001,-3.81,2.99,1,7.1849
8795,1790020200,EF,DOWN,57.3,0.38,0.38,0.5098,0.625,0.2834,0.25,0.6636,1.46,2.99,1,4.5581
8796,1790020200,EF,DOWN,57.4,0.38,0.38,0.5098,0.625,0.2834,0.25,0.6718,1.46,2.99,1,4.5581
8795,1790020800,EF,UP,62.4,0.4,0.4,0.6024,0.395,0.4428,0.25,0.659,10.39,2.99,1,4.1845
8796,1790020800,EF,UP,62.3,0.4,0.4,0.5694,0.395,0.3638,0.25,0.7205,10.39,2.99,1,4.1845
8795,1790021100,EF,DOWN,58.4,0.44,0.44,0.5943,0.565,0.2978,0.25,0.6322,-1.42,2.99,0,-2.9929
8796,1790021100,EF,DOWN,58.6,0.44,0.44,0.5943,0.565,0.2978,0.25,0.6867,-2,2.99,0,-2.9929
8795,1790021400,EF,UP,46.4,0.4,0.4,0.5694,0.395,0.3638,0.25,0.3538,2.27,2.99,1,4.1845
8796,1790021400,EF,UP,56,0.46,0.46,0.623,0.455,0.3032,0.25,0.3625,3.58,3,1,3.2834
8795,1790021700,EF,UP,181.2,0.36,0.36,0.6776,0.335,0.798,0.25,0.5128,4.29,3,1,4.9736
8796,1790021700,EF,UP,181.4,0.35,0.35,0.5694,0.26,0.5529,0.25,0.4993,4.29,2.99,1,5.1813
8795,1790022000,EF,DOWN,52.4,0.56,0.56,0.7487,0.445,0.2958,0.25,1.0883,-10.81,3,0,-2.9996
8796,1790022000,EF,UP,90.1,0.36,0.36,0.5694,0.355,0.5109,0.25,0.9094,1.8,3,1,4.9736
8795,1790022300,EF,UP,91.8,0.29,0.29,0.5694,0.285,0.866,0.25,1.5031,5.21,2.99,1,6.8359
8796,1790022300,EF,UP,93,0.35,0.35,0.9696,0.345,1.6441,0.25,4.0512,34.86,2.99,1,5.1813
8795,1790022900,EF,DOWN,61,0.52,0.52,0.6975,0.485,0.2962,0.25,0.582,-5.31,3,1,2.5795
8796,1790022900,EF,DOWN,64,0.52,0.52,0.7164,0.485,0.3314,0.25,0.5737,-5.9,3,1,2.5795
8795,1790023200,EF,UP,74.4,0.38,0.38,0.5694,0.375,0.4335,0.25,0.6704,1.51,2.99,0,-2.9946
8796,1790023200,EF,UP,86.9,0.42,0.42,0.5694,0.415,0.3007,0.25,0.696,4.27,3,0,-2.9969
8795,1790023500,EF,DOWN,121.4,0.44,0.44,0.6272,0.565,0.3695,0.25,0.5597,-1.44,2.99,1,3.5526
8796,1790023500,EF,DOWN,79.4,0.4,0.4,0.5438,0.605,0.3025,0.25,0.6443,2.17,2.99,1,4.1845
8795,1790024100,EF,UP,148.9,0.5,0.5,0.6776,0.485,0.3078,0.25,0.4444,3.1,2.99,1,2.7889
8796,1790024100,EF,UP,100.5,0.49,0.49,0.6776,0.485,0.3335,0.25,0.5092,3.7,2.99,1,2.9048
8795,1790025000,EF,UP,166.4,0.46,0.46,0.6776,0.455,0.4174,0.25,0.4225,4.09,3,0,-2.9992
8796,1790025000,EF,UP,166.4,0.46,0.46,0.6776,0.455,0.4174,0.25,0.2529,2.76,3,0,-2.9992
8795,1790025600,EF,UP,98.3,0.36,0.36,0.5694,0.355,0.5109,0.25,0.4865,2.84,3,1,4.9736
8796,1790025600,EF,UP,98.4,0.37,0.37,0.5694,0.365,0.4711,0.25,0.4865,2.84,3,1,4.7602
8795,1790025900,EF,DOWN,106.3,0.57,0.57,0.6975,0.435,0.1868,0.15,0.1486,-4.37,3,1,2.1077
8796,1790025900,EF,DOWN,126.2,0.5,0.5,0.6636,0.505,0.2808,0.15,0.1518,-5.12,2.99,1,2.7889
8795,1790026200,EF,UP,24.9,0.47,0.47,0.623,0.465,0.2764,0.25,0.2588,1.78,3,1,3.1517
8796,1790026200,EF,UP,24.9,0.46,0.46,0.623,0.455,0.3032,0.25,0.2848,1.78,3,1,3.2834
8795,1790026500,EF,DOWN,67.6,0.32,0.32,0.5098,0.685,0.5173,0.25,0.6671,-4.06,3,0,-2.9961
8796,1790026500,EF,DOWN,67.4,0.32,0.32,0.5098,0.685,0.5173,0.25,0.4846,-2.45,3,0,-2.9961
8795,1790026800,EF,DOWN,218.1,0.4,0.4,0.6272,0.605,0.5021,0.25,0.4643,-0.73,2.99,1,4.1845
8796,1790026800,EF,DOWN,218.9,0.47,0.47,0.6636,0.535,0.3596,0.25,0.4653,-0.73,3,1,3.1517
8795,1790028000,EF,UP,141.2,0.51,0.51,0.6776,0.505,0.2831,0.25,0.6176,2.74,3,1,2.6868
8796,1790028000,EF,UP,141.7,0.51,0.51,0.6776,0.505,0.2831,0.25,0.6303,2.74,3,1,2.6868
8795,1790028600,EF,UP,32.7,0.56,0.56,0.6776,0.555,0.1728,0.15,0.1587,1.72,3,1,2.1968
8796,1790028600,EF,UP,32.7,0.56,0.56,0.6776,0.555,0.1728,0.15,0.1587,1.72,3,1,2.1968
8795,1790029800,EF,DOWN,88.7,0.37,0.37,0.5438,0.635,0.405,0.25,0.4411,-0.21,3,0,-2.9966
8796,1790029800,EF,DOWN,88.8,0.37,0.3735,0.5438,0.635,0.405,0.25,0.5196,-1.22,3,0,-2.9959
8795,1790030100,EF,DOWN,106,0.42,0.4227,0.6471,0.585,0.4781,0.25,0.7174,-5.51,3,0,-2.9964
8796,1790030100,EF,DOWN,110.2,0.55,0.55,0.7346,0.455,0.2936,0.25,0.7396,-5.51,2.99,0,-2.9913
8795,1790031000,EF,DOWN,71.8,0.4,0.4,0.5438,0.605,0.3025,0.25,0.5209,0.73,2.99,0,-2.9905
8796,1790031000,EF,DOWN,71,0.44,0.44,0.5943,0.565,0.2978,0.25,0.5282,0.73,2.99,0,-3.9962
8796,1790031000,REVERSAL,DOWN,76.3,,0.54,0.6214,,,0,,,1,0,-3.9962
8795,1790031300,EF,DOWN,183.3,0.4,0.4,0.5098,0.605,0.221,0.15,0.0838,-0.34,2.99,0,-2.9905
8796,1790031300,EF,DOWN,74.8,0.37,0.37,0.5098,0.635,0.3171,0.25,0.2025,-0.08,3,0,-2.9966
8795,1790031900,EF,UP,64.1,0.45,0.45,0.623,0.44,0.3312,0.25,0.4907,1.55,2.99,1,3.4091
8796,1790031900,EF,DOWN,122,0.4,0.4,0.5438,0.61,0.3025,0.25,0.6489,0.36,2.08,0,-2.084
8795,1790033700,EF,DOWN,184.7,0.55,0.55,0.7346,0.455,0.2936,0.25,0.3679,-2.08,2.99,1,2.2814
8796,1790033700,EF,UP,131,0.44,0.44,0.623,0.435,0.3605,0.25,0.3585,1.39,2.99,0,-2.9929
8795,1790034300,EF,UP,109.5,0.51,0.51,0.6776,0.505,0.2831,0.25,0.4441,2.31,3,1,2.6868
8796,1790034300,EF,UP,109.3,0.36,0.36,0.5314,0.34,0.41,0.25,0.4241,2.29,3,1,4.9736
8795,1790035500,EF,DOWN,89.5,0.36,0.36,0.5098,0.645,0.3527,0.25,0.5645,2.75,3,1,4.9736
8796,1790035500,EF,DOWN,89.5,0.36,0.3641,0.5098,0.645,0.3527,0.25,0.5645,2.75,3,1,4.8852
